ISO-10303-21;
HEADER;
FILE_DESCRIPTION(('FreeCAD Model'),'2;1');
FILE_NAME('Open CASCADE Shape Model','2026-07-30T10:46:01',(''),(''),
  'Open CASCADE STEP processor 7.9','FreeCAD','Unknown');
FILE_SCHEMA(('AUTOMOTIVE_DESIGN { 1 0 10303 214 1 1 1 1 }'));
ENDSEC;
DATA;
#1 = APPLICATION_PROTOCOL_DEFINITION('international standard',
  'automotive_design',2000,#2);
#2 = APPLICATION_CONTEXT(
  'core data for automotive mechanical design processes');
#3 = SHAPE_DEFINITION_REPRESENTATION(#4,#10);
#4 = PRODUCT_DEFINITION_SHAPE('','',#5);
#5 = PRODUCT_DEFINITION('design','',#6,#9);
#6 = PRODUCT_DEFINITION_FORMATION('','',#7);
#7 = PRODUCT('Light Gaurd','Light Gaurd','',(#8));
#8 = PRODUCT_CONTEXT('',#2,'mechanical');
#9 = PRODUCT_DEFINITION_CONTEXT('part definition',#2,'design');
#10 = ADVANCED_BREP_SHAPE_REPRESENTATION('',(#11,#15),#3013);
#11 = AXIS2_PLACEMENT_3D('',#12,#13,#14);
#12 = CARTESIAN_POINT('',(0.,0.,0.));
#13 = DIRECTION('',(0.,0.,1.));
#14 = DIRECTION('',(1.,0.,-0.));
#15 = MANIFOLD_SOLID_BREP('',#16);
#16 = CLOSED_SHELL('',(#17,#57,#88,#119,#152,#185,#216,#247,#280,#311,
    #374,#405,#436,#458,#489,#501,#525,#1209,#1238,#1274,#1297,#1319,
    #1339,#1363,#1392,#1421,#1451,#1481,#1497,#1517,#1546,#1582,#1605,
    #1627,#1647,#1671,#1700,#1730,#1760,#1776,#1796,#1825,#1854,#1890,
    #1913,#1935,#1955,#1979,#2008,#2038,#2068,#2084,#2104,#2133,#2162,
    #2198,#2221,#2243,#2263,#2287,#2316,#2346,#2376,#2392,#2412,#2441,
    #2486,#2531,#2576,#2621,#2805,#2818,#2831,#2844,#2857,#2870,#2883,
    #2896,#2909,#2922,#2935,#2948,#2961,#2974,#2987,#3000));
#17 = ADVANCED_FACE('',(#18),#52,.F.);
#18 = FACE_BOUND('',#19,.F.);
#19 = EDGE_LOOP('',(#20,#30,#38,#46));
#20 = ORIENTED_EDGE('',*,*,#21,.T.);
#21 = EDGE_CURVE('',#22,#24,#26,.T.);
#22 = VERTEX_POINT('',#23);
#23 = CARTESIAN_POINT('',(-38.1,0.,-50.8));
#24 = VERTEX_POINT('',#25);
#25 = CARTESIAN_POINT('',(-38.1,-38.1,-50.8));
#26 = LINE('',#27,#28);
#27 = CARTESIAN_POINT('',(-38.1,-1.128E-14,-50.8));
#28 = VECTOR('',#29,1.);
#29 = DIRECTION('',(0.,-1.,2.2E-16));
#30 = ORIENTED_EDGE('',*,*,#31,.T.);
#31 = EDGE_CURVE('',#24,#32,#34,.T.);
#32 = VERTEX_POINT('',#33);
#33 = CARTESIAN_POINT('',(38.1,-38.1,-50.8));
#34 = LINE('',#35,#36);
#35 = CARTESIAN_POINT('',(-38.1,-38.1,-50.8));
#36 = VECTOR('',#37,1.);
#37 = DIRECTION('',(1.,0.,0.));
#38 = ORIENTED_EDGE('',*,*,#39,.F.);
#39 = EDGE_CURVE('',#40,#32,#42,.T.);
#40 = VERTEX_POINT('',#41);
#41 = CARTESIAN_POINT('',(38.1,0.,-50.8));
#42 = LINE('',#43,#44);
#43 = CARTESIAN_POINT('',(38.1,-1.128E-14,-50.8));
#44 = VECTOR('',#45,1.);
#45 = DIRECTION('',(0.,-1.,2.2E-16));
#46 = ORIENTED_EDGE('',*,*,#47,.F.);
#47 = EDGE_CURVE('',#22,#40,#48,.T.);
#48 = LINE('',#49,#50);
#49 = CARTESIAN_POINT('',(-38.1,0.,-50.8));
#50 = VECTOR('',#51,1.);
#51 = DIRECTION('',(1.,0.,0.));
#52 = PLANE('',#53);
#53 = AXIS2_PLACEMENT_3D('',#54,#55,#56);
#54 = CARTESIAN_POINT('',(-38.1,-1.128E-14,-50.8));
#55 = DIRECTION('',(0.,2.2E-16,1.));
#56 = DIRECTION('',(1.,0.,0.));
#57 = ADVANCED_FACE('',(#58),#83,.F.);
#58 = FACE_BOUND('',#59,.F.);
#59 = EDGE_LOOP('',(#60,#68,#76,#82));
#60 = ORIENTED_EDGE('',*,*,#61,.F.);
#61 = EDGE_CURVE('',#62,#22,#64,.T.);
#62 = VERTEX_POINT('',#63);
#63 = CARTESIAN_POINT('',(-38.1,-1.1E-14,-31.75));
#64 = LINE('',#65,#66);
#65 = CARTESIAN_POINT('',(-38.1,0.,50.8));
#66 = VECTOR('',#67,1.);
#67 = DIRECTION('',(0.,0.,-1.));
#68 = ORIENTED_EDGE('',*,*,#69,.F.);
#69 = EDGE_CURVE('',#70,#62,#72,.T.);
#70 = VERTEX_POINT('',#71);
#71 = CARTESIAN_POINT('',(-38.1,-38.1,-31.75));
#72 = LINE('',#73,#74);
#73 = CARTESIAN_POINT('',(-38.1,-38.1,-31.75));
#74 = VECTOR('',#75,1.);
#75 = DIRECTION('',(0.,1.,-2.2E-16));
#76 = ORIENTED_EDGE('',*,*,#77,.T.);
#77 = EDGE_CURVE('',#70,#24,#78,.T.);
#78 = LINE('',#79,#80);
#79 = CARTESIAN_POINT('',(-38.1,-38.1,50.8));
#80 = VECTOR('',#81,1.);
#81 = DIRECTION('',(0.,0.,-1.));
#82 = ORIENTED_EDGE('',*,*,#21,.F.);
#83 = PLANE('',#84);
#84 = AXIS2_PLACEMENT_3D('',#85,#86,#87);
#85 = CARTESIAN_POINT('',(-38.1,1.128E-14,50.8));
#86 = DIRECTION('',(1.,0.,0.));
#87 = DIRECTION('',(0.,-2.2E-16,-1.));
#88 = ADVANCED_FACE('',(#89),#114,.F.);
#89 = FACE_BOUND('',#90,.F.);
#90 = EDGE_LOOP('',(#91,#99,#100,#108));
#91 = ORIENTED_EDGE('',*,*,#92,.F.);
#92 = EDGE_CURVE('',#40,#93,#95,.T.);
#93 = VERTEX_POINT('',#94);
#94 = CARTESIAN_POINT('',(38.1,-1.1E-14,-31.75));
#95 = LINE('',#96,#97);
#96 = CARTESIAN_POINT('',(38.1,0.,-50.8));
#97 = VECTOR('',#98,1.);
#98 = DIRECTION('',(0.,0.,1.));
#99 = ORIENTED_EDGE('',*,*,#39,.T.);
#100 = ORIENTED_EDGE('',*,*,#101,.T.);
#101 = EDGE_CURVE('',#32,#102,#104,.T.);
#102 = VERTEX_POINT('',#103);
#103 = CARTESIAN_POINT('',(38.1,-38.1,-31.75));
#104 = LINE('',#105,#106);
#105 = CARTESIAN_POINT('',(38.1,-38.1,-50.8));
#106 = VECTOR('',#107,1.);
#107 = DIRECTION('',(0.,0.,1.));
#108 = ORIENTED_EDGE('',*,*,#109,.T.);
#109 = EDGE_CURVE('',#102,#93,#110,.T.);
#110 = LINE('',#111,#112);
#111 = CARTESIAN_POINT('',(38.1,-38.1,-31.75));
#112 = VECTOR('',#113,1.);
#113 = DIRECTION('',(0.,1.,-2.2E-16));
#114 = PLANE('',#115);
#115 = AXIS2_PLACEMENT_3D('',#116,#117,#118);
#116 = CARTESIAN_POINT('',(38.1,-1.128E-14,-50.8));
#117 = DIRECTION('',(-1.,0.,0.));
#118 = DIRECTION('',(0.,2.2E-16,1.));
#119 = ADVANCED_FACE('',(#120),#147,.T.);
#120 = FACE_BOUND('',#121,.T.);
#121 = EDGE_LOOP('',(#122,#131,#139,#146));
#122 = ORIENTED_EDGE('',*,*,#123,.F.);
#123 = EDGE_CURVE('',#124,#70,#126,.T.);
#124 = VERTEX_POINT('',#125);
#125 = CARTESIAN_POINT('',(-38.1,-38.1,-19.05));
#126 = CIRCLE('',#127,6.35);
#127 = AXIS2_PLACEMENT_3D('',#128,#129,#130);
#128 = CARTESIAN_POINT('',(-38.1,-38.1,-25.4));
#129 = DIRECTION('',(0.,-1.,0.));
#130 = DIRECTION('',(1.,0.,0.));
#131 = ORIENTED_EDGE('',*,*,#132,.T.);
#132 = EDGE_CURVE('',#124,#133,#135,.T.);
#133 = VERTEX_POINT('',#134);
#134 = CARTESIAN_POINT('',(-38.1,-1.1E-14,-19.05));
#135 = LINE('',#136,#137);
#136 = CARTESIAN_POINT('',(-38.1,-38.1,-19.05));
#137 = VECTOR('',#138,1.);
#138 = DIRECTION('',(0.,1.,-2.2E-16));
#139 = ORIENTED_EDGE('',*,*,#140,.T.);
#140 = EDGE_CURVE('',#133,#62,#141,.T.);
#141 = CIRCLE('',#142,6.35);
#142 = AXIS2_PLACEMENT_3D('',#143,#144,#145);
#143 = CARTESIAN_POINT('',(-38.1,-1.1E-14,-25.4));
#144 = DIRECTION('',(0.,-1.,2.2E-16));
#145 = DIRECTION('',(1.,0.,0.));
#146 = ORIENTED_EDGE('',*,*,#69,.F.);
#147 = CYLINDRICAL_SURFACE('',#148,6.35);
#148 = AXIS2_PLACEMENT_3D('',#149,#150,#151);
#149 = CARTESIAN_POINT('',(-38.1,-38.1,-25.4));
#150 = DIRECTION('',(0.,-1.,2.2E-16));
#151 = DIRECTION('',(1.,0.,0.));
#152 = ADVANCED_FACE('',(#153),#180,.T.);
#153 = FACE_BOUND('',#154,.F.);
#154 = EDGE_LOOP('',(#155,#164,#172,#179));
#155 = ORIENTED_EDGE('',*,*,#156,.F.);
#156 = EDGE_CURVE('',#157,#102,#159,.T.);
#157 = VERTEX_POINT('',#158);
#158 = CARTESIAN_POINT('',(38.1,-38.1,-19.05));
#159 = CIRCLE('',#160,6.35);
#160 = AXIS2_PLACEMENT_3D('',#161,#162,#163);
#161 = CARTESIAN_POINT('',(38.1,-38.1,-25.4));
#162 = DIRECTION('',(0.,1.,-0.));
#163 = DIRECTION('',(-1.,0.,-0.));
#164 = ORIENTED_EDGE('',*,*,#165,.T.);
#165 = EDGE_CURVE('',#157,#166,#168,.T.);
#166 = VERTEX_POINT('',#167);
#167 = CARTESIAN_POINT('',(38.1,-1.1E-14,-19.05));
#168 = LINE('',#169,#170);
#169 = CARTESIAN_POINT('',(38.1,-38.1,-19.05));
#170 = VECTOR('',#171,1.);
#171 = DIRECTION('',(0.,1.,-2.2E-16));
#172 = ORIENTED_EDGE('',*,*,#173,.T.);
#173 = EDGE_CURVE('',#166,#93,#174,.T.);
#174 = CIRCLE('',#175,6.35);
#175 = AXIS2_PLACEMENT_3D('',#176,#177,#178);
#176 = CARTESIAN_POINT('',(38.1,-1.128E-14,-25.4));
#177 = DIRECTION('',(0.,1.,-2.2E-16));
#178 = DIRECTION('',(-1.,0.,0.));
#179 = ORIENTED_EDGE('',*,*,#109,.F.);
#180 = CYLINDRICAL_SURFACE('',#181,6.35);
#181 = AXIS2_PLACEMENT_3D('',#182,#183,#184);
#182 = CARTESIAN_POINT('',(38.1,-38.1,-25.4));
#183 = DIRECTION('',(0.,-1.,2.2E-16));
#184 = DIRECTION('',(-1.,0.,0.));
#185 = ADVANCED_FACE('',(#186),#211,.F.);
#186 = FACE_BOUND('',#187,.F.);
#187 = EDGE_LOOP('',(#188,#196,#197,#205));
#188 = ORIENTED_EDGE('',*,*,#189,.F.);
#189 = EDGE_CURVE('',#166,#190,#192,.T.);
#190 = VERTEX_POINT('',#191);
#191 = CARTESIAN_POINT('',(38.1,0.,19.05));
#192 = LINE('',#193,#194);
#193 = CARTESIAN_POINT('',(38.1,0.,-50.8));
#194 = VECTOR('',#195,1.);
#195 = DIRECTION('',(0.,0.,1.));
#196 = ORIENTED_EDGE('',*,*,#165,.F.);
#197 = ORIENTED_EDGE('',*,*,#198,.T.);
#198 = EDGE_CURVE('',#157,#199,#201,.T.);
#199 = VERTEX_POINT('',#200);
#200 = CARTESIAN_POINT('',(38.1,-38.1,19.05));
#201 = LINE('',#202,#203);
#202 = CARTESIAN_POINT('',(38.1,-38.1,-50.8));
#203 = VECTOR('',#204,1.);
#204 = DIRECTION('',(0.,0.,1.));
#205 = ORIENTED_EDGE('',*,*,#206,.T.);
#206 = EDGE_CURVE('',#199,#190,#207,.T.);
#207 = LINE('',#208,#209);
#208 = CARTESIAN_POINT('',(38.1,-38.1,19.05));
#209 = VECTOR('',#210,1.);
#210 = DIRECTION('',(0.,1.,-2.2E-16));
#211 = PLANE('',#212);
#212 = AXIS2_PLACEMENT_3D('',#213,#214,#215);
#213 = CARTESIAN_POINT('',(38.1,-1.128E-14,-50.8));
#214 = DIRECTION('',(-1.,0.,0.));
#215 = DIRECTION('',(0.,2.2E-16,1.));
#216 = ADVANCED_FACE('',(#217),#242,.F.);
#217 = FACE_BOUND('',#218,.F.);
#218 = EDGE_LOOP('',(#219,#227,#235,#241));
#219 = ORIENTED_EDGE('',*,*,#220,.F.);
#220 = EDGE_CURVE('',#221,#133,#223,.T.);
#221 = VERTEX_POINT('',#222);
#222 = CARTESIAN_POINT('',(-38.1,0.,19.05));
#223 = LINE('',#224,#225);
#224 = CARTESIAN_POINT('',(-38.1,0.,50.8));
#225 = VECTOR('',#226,1.);
#226 = DIRECTION('',(0.,0.,-1.));
#227 = ORIENTED_EDGE('',*,*,#228,.F.);
#228 = EDGE_CURVE('',#229,#221,#231,.T.);
#229 = VERTEX_POINT('',#230);
#230 = CARTESIAN_POINT('',(-38.1,-38.1,19.05));
#231 = LINE('',#232,#233);
#232 = CARTESIAN_POINT('',(-38.1,-38.1,19.05));
#233 = VECTOR('',#234,1.);
#234 = DIRECTION('',(0.,1.,-2.2E-16));
#235 = ORIENTED_EDGE('',*,*,#236,.T.);
#236 = EDGE_CURVE('',#229,#124,#237,.T.);
#237 = LINE('',#238,#239);
#238 = CARTESIAN_POINT('',(-38.1,-38.1,50.8));
#239 = VECTOR('',#240,1.);
#240 = DIRECTION('',(0.,0.,-1.));
#241 = ORIENTED_EDGE('',*,*,#132,.T.);
#242 = PLANE('',#243);
#243 = AXIS2_PLACEMENT_3D('',#244,#245,#246);
#244 = CARTESIAN_POINT('',(-38.1,1.128E-14,50.8));
#245 = DIRECTION('',(1.,0.,0.));
#246 = DIRECTION('',(0.,-2.2E-16,-1.));
#247 = ADVANCED_FACE('',(#248),#275,.T.);
#248 = FACE_BOUND('',#249,.F.);
#249 = EDGE_LOOP('',(#250,#259,#267,#274));
#250 = ORIENTED_EDGE('',*,*,#251,.F.);
#251 = EDGE_CURVE('',#252,#199,#254,.T.);
#252 = VERTEX_POINT('',#253);
#253 = CARTESIAN_POINT('',(38.1,-38.1,31.75));
#254 = CIRCLE('',#255,6.35);
#255 = AXIS2_PLACEMENT_3D('',#256,#257,#258);
#256 = CARTESIAN_POINT('',(38.1,-38.1,25.4));
#257 = DIRECTION('',(0.,1.,-0.));
#258 = DIRECTION('',(-1.,0.,-0.));
#259 = ORIENTED_EDGE('',*,*,#260,.T.);
#260 = EDGE_CURVE('',#252,#261,#263,.T.);
#261 = VERTEX_POINT('',#262);
#262 = CARTESIAN_POINT('',(38.1,0.,31.75));
#263 = LINE('',#264,#265);
#264 = CARTESIAN_POINT('',(38.1,-38.1,31.75));
#265 = VECTOR('',#266,1.);
#266 = DIRECTION('',(0.,1.,-2.2E-16));
#267 = ORIENTED_EDGE('',*,*,#268,.T.);
#268 = EDGE_CURVE('',#261,#190,#269,.T.);
#269 = CIRCLE('',#270,6.35);
#270 = AXIS2_PLACEMENT_3D('',#271,#272,#273);
#271 = CARTESIAN_POINT('',(38.1,0.,25.4));
#272 = DIRECTION('',(0.,1.,-2.2E-16));
#273 = DIRECTION('',(-1.,0.,0.));
#274 = ORIENTED_EDGE('',*,*,#206,.F.);
#275 = CYLINDRICAL_SURFACE('',#276,6.35);
#276 = AXIS2_PLACEMENT_3D('',#277,#278,#279);
#277 = CARTESIAN_POINT('',(38.1,-38.1,25.4));
#278 = DIRECTION('',(0.,-1.,2.2E-16));
#279 = DIRECTION('',(-1.,0.,0.));
#280 = ADVANCED_FACE('',(#281),#306,.F.);
#281 = FACE_BOUND('',#282,.F.);
#282 = EDGE_LOOP('',(#283,#291,#292,#300));
#283 = ORIENTED_EDGE('',*,*,#284,.F.);
#284 = EDGE_CURVE('',#261,#285,#287,.T.);
#285 = VERTEX_POINT('',#286);
#286 = CARTESIAN_POINT('',(38.1,0.,50.8));
#287 = LINE('',#288,#289);
#288 = CARTESIAN_POINT('',(38.1,0.,-50.8));
#289 = VECTOR('',#290,1.);
#290 = DIRECTION('',(0.,0.,1.));
#291 = ORIENTED_EDGE('',*,*,#260,.F.);
#292 = ORIENTED_EDGE('',*,*,#293,.T.);
#293 = EDGE_CURVE('',#252,#294,#296,.T.);
#294 = VERTEX_POINT('',#295);
#295 = CARTESIAN_POINT('',(38.1,-38.1,50.8));
#296 = LINE('',#297,#298);
#297 = CARTESIAN_POINT('',(38.1,-38.1,-50.8));
#298 = VECTOR('',#299,1.);
#299 = DIRECTION('',(0.,0.,1.));
#300 = ORIENTED_EDGE('',*,*,#301,.F.);
#301 = EDGE_CURVE('',#285,#294,#302,.T.);
#302 = LINE('',#303,#304);
#303 = CARTESIAN_POINT('',(38.1,1.128E-14,50.8));
#304 = VECTOR('',#305,1.);
#305 = DIRECTION('',(0.,-1.,2.2E-16));
#306 = PLANE('',#307);
#307 = AXIS2_PLACEMENT_3D('',#308,#309,#310);
#308 = CARTESIAN_POINT('',(38.1,-1.128E-14,-50.8));
#309 = DIRECTION('',(-1.,0.,0.));
#310 = DIRECTION('',(0.,2.2E-16,1.));
#311 = ADVANCED_FACE('',(#312),#369,.F.);
#312 = FACE_BOUND('',#313,.F.);
#313 = EDGE_LOOP('',(#314,#322,#323,#331,#339,#347,#355,#363));
#314 = ORIENTED_EDGE('',*,*,#315,.F.);
#315 = EDGE_CURVE('',#285,#316,#318,.T.);
#316 = VERTEX_POINT('',#317);
#317 = CARTESIAN_POINT('',(5.08,1.127986593019E-14,50.8));
#318 = LINE('',#319,#320);
#319 = CARTESIAN_POINT('',(38.1,0.,50.8));
#320 = VECTOR('',#321,1.);
#321 = DIRECTION('',(-1.,0.,0.));
#322 = ORIENTED_EDGE('',*,*,#301,.T.);
#323 = ORIENTED_EDGE('',*,*,#324,.T.);
#324 = EDGE_CURVE('',#294,#325,#327,.T.);
#325 = VERTEX_POINT('',#326);
#326 = CARTESIAN_POINT('',(-38.1,-38.1,50.8));
#327 = LINE('',#328,#329);
#328 = CARTESIAN_POINT('',(38.1,-38.1,50.8));
#329 = VECTOR('',#330,1.);
#330 = DIRECTION('',(-1.,0.,0.));
#331 = ORIENTED_EDGE('',*,*,#332,.F.);
#332 = EDGE_CURVE('',#333,#325,#335,.T.);
#333 = VERTEX_POINT('',#334);
#334 = CARTESIAN_POINT('',(-38.1,0.,50.8));
#335 = LINE('',#336,#337);
#336 = CARTESIAN_POINT('',(-38.1,1.128E-14,50.8));
#337 = VECTOR('',#338,1.);
#338 = DIRECTION('',(0.,-1.,2.2E-16));
#339 = ORIENTED_EDGE('',*,*,#340,.F.);
#340 = EDGE_CURVE('',#341,#333,#343,.T.);
#341 = VERTEX_POINT('',#342);
#342 = CARTESIAN_POINT('',(-5.08,1.127986593019E-14,50.8));
#343 = LINE('',#344,#345);
#344 = CARTESIAN_POINT('',(38.1,0.,50.8));
#345 = VECTOR('',#346,1.);
#346 = DIRECTION('',(-1.,0.,0.));
#347 = ORIENTED_EDGE('',*,*,#348,.T.);
#348 = EDGE_CURVE('',#341,#349,#351,.T.);
#349 = VERTEX_POINT('',#350);
#350 = CARTESIAN_POINT('',(-5.08,-2.54,50.8));
#351 = LINE('',#352,#353);
#352 = CARTESIAN_POINT('',(-5.08,1.127986593019E-14,50.8));
#353 = VECTOR('',#354,1.);
#354 = DIRECTION('',(0.,-1.,2.22044604925E-16));
#355 = ORIENTED_EDGE('',*,*,#356,.T.);
#356 = EDGE_CURVE('',#349,#357,#359,.T.);
#357 = VERTEX_POINT('',#358);
#358 = CARTESIAN_POINT('',(5.08,-2.54,50.8));
#359 = LINE('',#360,#361);
#360 = CARTESIAN_POINT('',(-5.08,-2.54,50.8));
#361 = VECTOR('',#362,1.);
#362 = DIRECTION('',(1.,0.,0.));
#363 = ORIENTED_EDGE('',*,*,#364,.F.);
#364 = EDGE_CURVE('',#316,#357,#365,.T.);
#365 = LINE('',#366,#367);
#366 = CARTESIAN_POINT('',(5.08,1.127986593019E-14,50.8));
#367 = VECTOR('',#368,1.);
#368 = DIRECTION('',(0.,-1.,2.22044604925E-16));
#369 = PLANE('',#370);
#370 = AXIS2_PLACEMENT_3D('',#371,#372,#373);
#371 = CARTESIAN_POINT('',(38.1,1.128E-14,50.8));
#372 = DIRECTION('',(-0.,-2.2E-16,-1.));
#373 = DIRECTION('',(-1.,0.,0.));
#374 = ADVANCED_FACE('',(#375),#400,.F.);
#375 = FACE_BOUND('',#376,.F.);
#376 = EDGE_LOOP('',(#377,#378,#386,#394));
#377 = ORIENTED_EDGE('',*,*,#364,.T.);
#378 = ORIENTED_EDGE('',*,*,#379,.T.);
#379 = EDGE_CURVE('',#357,#380,#382,.T.);
#380 = VERTEX_POINT('',#381);
#381 = CARTESIAN_POINT('',(5.08,-2.54,35.56));
#382 = LINE('',#383,#384);
#383 = CARTESIAN_POINT('',(5.08,-2.54,50.8));
#384 = VECTOR('',#385,1.);
#385 = DIRECTION('',(0.,-2.22044604925E-16,-1.));
#386 = ORIENTED_EDGE('',*,*,#387,.F.);
#387 = EDGE_CURVE('',#388,#380,#390,.T.);
#388 = VERTEX_POINT('',#389);
#389 = CARTESIAN_POINT('',(5.08,7.895906151134E-15,35.56));
#390 = LINE('',#391,#392);
#391 = CARTESIAN_POINT('',(5.08,7.895906151134E-15,35.56));
#392 = VECTOR('',#393,1.);
#393 = DIRECTION('',(0.,-1.,2.22044604925E-16));
#394 = ORIENTED_EDGE('',*,*,#395,.F.);
#395 = EDGE_CURVE('',#316,#388,#396,.T.);
#396 = LINE('',#397,#398);
#397 = CARTESIAN_POINT('',(5.08,1.127986593019E-14,50.8));
#398 = VECTOR('',#399,1.);
#399 = DIRECTION('',(0.,-2.22044604925E-16,-1.));
#400 = PLANE('',#401);
#401 = AXIS2_PLACEMENT_3D('',#402,#403,#404);
#402 = CARTESIAN_POINT('',(5.08,1.127986593019E-14,50.8));
#403 = DIRECTION('',(1.,0.,0.));
#404 = DIRECTION('',(0.,-2.22044604925E-16,-1.));
#405 = ADVANCED_FACE('',(#406),#431,.F.);
#406 = FACE_BOUND('',#407,.F.);
#407 = EDGE_LOOP('',(#408,#409,#417,#425));
#408 = ORIENTED_EDGE('',*,*,#387,.T.);
#409 = ORIENTED_EDGE('',*,*,#410,.T.);
#410 = EDGE_CURVE('',#380,#411,#413,.T.);
#411 = VERTEX_POINT('',#412);
#412 = CARTESIAN_POINT('',(-5.08,-2.54,35.56));
#413 = LINE('',#414,#415);
#414 = CARTESIAN_POINT('',(5.08,-2.54,35.56));
#415 = VECTOR('',#416,1.);
#416 = DIRECTION('',(-1.,0.,0.));
#417 = ORIENTED_EDGE('',*,*,#418,.F.);
#418 = EDGE_CURVE('',#419,#411,#421,.T.);
#419 = VERTEX_POINT('',#420);
#420 = CARTESIAN_POINT('',(-5.08,7.895906151134E-15,35.56));
#421 = LINE('',#422,#423);
#422 = CARTESIAN_POINT('',(-5.08,7.895906151134E-15,35.56));
#423 = VECTOR('',#424,1.);
#424 = DIRECTION('',(0.,-1.,2.22044604925E-16));
#425 = ORIENTED_EDGE('',*,*,#426,.F.);
#426 = EDGE_CURVE('',#388,#419,#427,.T.);
#427 = LINE('',#428,#429);
#428 = CARTESIAN_POINT('',(5.08,7.895906151134E-15,35.56));
#429 = VECTOR('',#430,1.);
#430 = DIRECTION('',(-1.,0.,0.));
#431 = PLANE('',#432);
#432 = AXIS2_PLACEMENT_3D('',#433,#434,#435);
#433 = CARTESIAN_POINT('',(5.08,7.895906151134E-15,35.56));
#434 = DIRECTION('',(-0.,-2.22044604925E-16,-1.));
#435 = DIRECTION('',(-1.,0.,0.));
#436 = ADVANCED_FACE('',(#437),#453,.F.);
#437 = FACE_BOUND('',#438,.F.);
#438 = EDGE_LOOP('',(#439,#440,#446,#447));
#439 = ORIENTED_EDGE('',*,*,#418,.T.);
#440 = ORIENTED_EDGE('',*,*,#441,.T.);
#441 = EDGE_CURVE('',#411,#349,#442,.T.);
#442 = LINE('',#443,#444);
#443 = CARTESIAN_POINT('',(-5.08,-2.54,35.56));
#444 = VECTOR('',#445,1.);
#445 = DIRECTION('',(0.,2.22044604925E-16,1.));
#446 = ORIENTED_EDGE('',*,*,#348,.F.);
#447 = ORIENTED_EDGE('',*,*,#448,.F.);
#448 = EDGE_CURVE('',#419,#341,#449,.T.);
#449 = LINE('',#450,#451);
#450 = CARTESIAN_POINT('',(-5.08,7.895906151134E-15,35.56));
#451 = VECTOR('',#452,1.);
#452 = DIRECTION('',(0.,2.22044604925E-16,1.));
#453 = PLANE('',#454);
#454 = AXIS2_PLACEMENT_3D('',#455,#456,#457);
#455 = CARTESIAN_POINT('',(-5.08,7.895906151134E-15,35.56));
#456 = DIRECTION('',(-1.,0.,0.));
#457 = DIRECTION('',(0.,2.22044604925E-16,1.));
#458 = ADVANCED_FACE('',(#459),#484,.F.);
#459 = FACE_BOUND('',#460,.F.);
#460 = EDGE_LOOP('',(#461,#469,#470,#478));
#461 = ORIENTED_EDGE('',*,*,#462,.F.);
#462 = EDGE_CURVE('',#333,#463,#465,.T.);
#463 = VERTEX_POINT('',#464);
#464 = CARTESIAN_POINT('',(-38.1,0.,31.75));
#465 = LINE('',#466,#467);
#466 = CARTESIAN_POINT('',(-38.1,0.,50.8));
#467 = VECTOR('',#468,1.);
#468 = DIRECTION('',(0.,0.,-1.));
#469 = ORIENTED_EDGE('',*,*,#332,.T.);
#470 = ORIENTED_EDGE('',*,*,#471,.T.);
#471 = EDGE_CURVE('',#325,#472,#474,.T.);
#472 = VERTEX_POINT('',#473);
#473 = CARTESIAN_POINT('',(-38.1,-38.1,31.75));
#474 = LINE('',#475,#476);
#475 = CARTESIAN_POINT('',(-38.1,-38.1,50.8));
#476 = VECTOR('',#477,1.);
#477 = DIRECTION('',(0.,0.,-1.));
#478 = ORIENTED_EDGE('',*,*,#479,.T.);
#479 = EDGE_CURVE('',#472,#463,#480,.T.);
#480 = LINE('',#481,#482);
#481 = CARTESIAN_POINT('',(-38.1,-38.1,31.75));
#482 = VECTOR('',#483,1.);
#483 = DIRECTION('',(0.,1.,-2.2E-16));
#484 = PLANE('',#485);
#485 = AXIS2_PLACEMENT_3D('',#486,#487,#488);
#486 = CARTESIAN_POINT('',(-38.1,1.128E-14,50.8));
#487 = DIRECTION('',(1.,0.,0.));
#488 = DIRECTION('',(0.,-2.2E-16,-1.));
#489 = ADVANCED_FACE('',(#490),#496,.T.);
#490 = FACE_BOUND('',#491,.T.);
#491 = EDGE_LOOP('',(#492,#493,#494,#495));
#492 = ORIENTED_EDGE('',*,*,#379,.T.);
#493 = ORIENTED_EDGE('',*,*,#410,.T.);
#494 = ORIENTED_EDGE('',*,*,#441,.T.);
#495 = ORIENTED_EDGE('',*,*,#356,.T.);
#496 = PLANE('',#497);
#497 = AXIS2_PLACEMENT_3D('',#498,#499,#500);
#498 = CARTESIAN_POINT('',(0.,-2.54,43.18));
#499 = DIRECTION('',(0.,1.,0.));
#500 = DIRECTION('',(0.,0.,1.));
#501 = ADVANCED_FACE('',(#502),#520,.T.);
#502 = FACE_BOUND('',#503,.T.);
#503 = EDGE_LOOP('',(#504,#511,#512,#519));
#504 = ORIENTED_EDGE('',*,*,#505,.F.);
#505 = EDGE_CURVE('',#472,#229,#506,.T.);
#506 = CIRCLE('',#507,6.35);
#507 = AXIS2_PLACEMENT_3D('',#508,#509,#510);
#508 = CARTESIAN_POINT('',(-38.1,-38.1,25.4));
#509 = DIRECTION('',(0.,-1.,0.));
#510 = DIRECTION('',(1.,0.,0.));
#511 = ORIENTED_EDGE('',*,*,#479,.T.);
#512 = ORIENTED_EDGE('',*,*,#513,.T.);
#513 = EDGE_CURVE('',#463,#221,#514,.T.);
#514 = CIRCLE('',#515,6.35);
#515 = AXIS2_PLACEMENT_3D('',#516,#517,#518);
#516 = CARTESIAN_POINT('',(-38.1,0.,25.4));
#517 = DIRECTION('',(0.,-1.,2.2E-16));
#518 = DIRECTION('',(1.,0.,0.));
#519 = ORIENTED_EDGE('',*,*,#228,.F.);
#520 = CYLINDRICAL_SURFACE('',#521,6.35);
#521 = AXIS2_PLACEMENT_3D('',#522,#523,#524);
#522 = CARTESIAN_POINT('',(-38.1,-38.1,25.4));
#523 = DIRECTION('',(0.,-1.,2.2E-16));
#524 = DIRECTION('',(1.,0.,0.));
#525 = ADVANCED_FACE('',(#526,#544,#578,#612,#646,#680,#714,#748,#782,
    #816,#850,#884,#918,#952,#986,#1020,#1054,#1088,#1117,#1146,#1175),
  #1204,.T.);
#526 = FACE_BOUND('',#527,.T.);
#527 = EDGE_LOOP('',(#528,#529,#530,#531,#532,#533,#534,#535,#536,#537,
    #538,#539,#540,#541,#542,#543));
#528 = ORIENTED_EDGE('',*,*,#47,.F.);
#529 = ORIENTED_EDGE('',*,*,#61,.F.);
#530 = ORIENTED_EDGE('',*,*,#140,.F.);
#531 = ORIENTED_EDGE('',*,*,#220,.F.);
#532 = ORIENTED_EDGE('',*,*,#513,.F.);
#533 = ORIENTED_EDGE('',*,*,#462,.F.);
#534 = ORIENTED_EDGE('',*,*,#340,.F.);
#535 = ORIENTED_EDGE('',*,*,#448,.F.);
#536 = ORIENTED_EDGE('',*,*,#426,.F.);
#537 = ORIENTED_EDGE('',*,*,#395,.F.);
#538 = ORIENTED_EDGE('',*,*,#315,.F.);
#539 = ORIENTED_EDGE('',*,*,#284,.F.);
#540 = ORIENTED_EDGE('',*,*,#268,.T.);
#541 = ORIENTED_EDGE('',*,*,#189,.F.);
#542 = ORIENTED_EDGE('',*,*,#173,.T.);
#543 = ORIENTED_EDGE('',*,*,#92,.F.);
#544 = FACE_BOUND('',#545,.T.);
#545 = EDGE_LOOP('',(#546,#556,#564,#572));
#546 = ORIENTED_EDGE('',*,*,#547,.T.);
#547 = EDGE_CURVE('',#548,#550,#552,.T.);
#548 = VERTEX_POINT('',#549);
#549 = CARTESIAN_POINT('',(-28.53511022185,1.6E-14,41.235110221853));
#550 = VERTEX_POINT('',#551);
#551 = CARTESIAN_POINT('',(-28.53511022185,1.5E-14,34.964889778147));
#552 = LINE('',#553,#554);
#553 = CARTESIAN_POINT('',(-28.53511022185,1.791E-14,48.641));
#554 = VECTOR('',#555,1.);
#555 = DIRECTION('',(0.,-2.2E-16,-1.));
#556 = ORIENTED_EDGE('',*,*,#557,.T.);
#557 = EDGE_CURVE('',#550,#558,#560,.T.);
#558 = VERTEX_POINT('',#559);
#559 = CARTESIAN_POINT('',(-22.26488977814,1.5E-14,34.964889778147));
#560 = LINE('',#561,#562);
#561 = CARTESIAN_POINT('',(-35.941,1.487E-14,34.964889778147));
#562 = VECTOR('',#563,1.);
#563 = DIRECTION('',(1.,0.,0.));
#564 = ORIENTED_EDGE('',*,*,#565,.T.);
#565 = EDGE_CURVE('',#558,#566,#568,.T.);
#566 = VERTEX_POINT('',#567);
#567 = CARTESIAN_POINT('',(-22.26488977814,1.6E-14,41.235110221853));
#568 = LINE('',#569,#570);
#569 = CARTESIAN_POINT('',(-22.26488977814,1.322E-14,27.559));
#570 = VECTOR('',#571,1.);
#571 = DIRECTION('',(0.,2.2E-16,1.));
#572 = ORIENTED_EDGE('',*,*,#573,.T.);
#573 = EDGE_CURVE('',#566,#548,#574,.T.);
#574 = LINE('',#575,#576);
#575 = CARTESIAN_POINT('',(-14.859,1.626E-14,41.235110221853));
#576 = VECTOR('',#577,1.);
#577 = DIRECTION('',(-1.,-0.,-0.));
#578 = FACE_BOUND('',#579,.T.);
#579 = EDGE_LOOP('',(#580,#590,#598,#606));
#580 = ORIENTED_EDGE('',*,*,#581,.F.);
#581 = EDGE_CURVE('',#582,#584,#586,.T.);
#582 = VERTEX_POINT('',#583);
#583 = CARTESIAN_POINT('',(28.535110221853,1.5E-14,34.964889778147));
#584 = VERTEX_POINT('',#585);
#585 = CARTESIAN_POINT('',(22.264889778147,1.5E-14,34.964889778147));
#586 = LINE('',#587,#588);
#587 = CARTESIAN_POINT('',(35.941,1.487E-14,34.964889778147));
#588 = VECTOR('',#589,1.);
#589 = DIRECTION('',(-1.,-0.,-0.));
#590 = ORIENTED_EDGE('',*,*,#591,.F.);
#591 = EDGE_CURVE('',#592,#582,#594,.T.);
#592 = VERTEX_POINT('',#593);
#593 = CARTESIAN_POINT('',(28.535110221853,1.6E-14,41.235110221853));
#594 = LINE('',#595,#596);
#595 = CARTESIAN_POINT('',(28.535110221853,1.791E-14,48.641));
#596 = VECTOR('',#597,1.);
#597 = DIRECTION('',(-0.,-2.2E-16,-1.));
#598 = ORIENTED_EDGE('',*,*,#599,.F.);
#599 = EDGE_CURVE('',#600,#592,#602,.T.);
#600 = VERTEX_POINT('',#601);
#601 = CARTESIAN_POINT('',(22.264889778147,1.6E-14,41.235110221853));
#602 = LINE('',#603,#604);
#603 = CARTESIAN_POINT('',(14.859,1.626E-14,41.235110221853));
#604 = VECTOR('',#605,1.);
#605 = DIRECTION('',(1.,0.,0.));
#606 = ORIENTED_EDGE('',*,*,#607,.F.);
#607 = EDGE_CURVE('',#584,#600,#608,.T.);
#608 = LINE('',#609,#610);
#609 = CARTESIAN_POINT('',(22.264889778147,1.322E-14,27.559));
#610 = VECTOR('',#611,1.);
#611 = DIRECTION('',(0.,2.2E-16,1.));
#612 = FACE_BOUND('',#613,.T.);
#613 = EDGE_LOOP('',(#614,#624,#632,#640));
#614 = ORIENTED_EDGE('',*,*,#615,.T.);
#615 = EDGE_CURVE('',#616,#618,#620,.T.);
#616 = VERTEX_POINT('',#617);
#617 = CARTESIAN_POINT('',(9.564889778147,1.6E-14,41.235110221853));
#618 = VERTEX_POINT('',#619);
#619 = CARTESIAN_POINT('',(9.564889778147,1.5E-14,34.964889778147));
#620 = LINE('',#621,#622);
#621 = CARTESIAN_POINT('',(9.564889778147,1.791E-14,48.641));
#622 = VECTOR('',#623,1.);
#623 = DIRECTION('',(0.,-2.2E-16,-1.));
#624 = ORIENTED_EDGE('',*,*,#625,.T.);
#625 = EDGE_CURVE('',#618,#626,#628,.T.);
#626 = VERTEX_POINT('',#627);
#627 = CARTESIAN_POINT('',(15.835110221853,1.5E-14,34.964889778147));
#628 = LINE('',#629,#630);
#629 = CARTESIAN_POINT('',(2.159,1.487E-14,34.964889778147));
#630 = VECTOR('',#631,1.);
#631 = DIRECTION('',(1.,0.,0.));
#632 = ORIENTED_EDGE('',*,*,#633,.T.);
#633 = EDGE_CURVE('',#626,#634,#636,.T.);
#634 = VERTEX_POINT('',#635);
#635 = CARTESIAN_POINT('',(15.835110221853,1.6E-14,41.235110221853));
#636 = LINE('',#637,#638);
#637 = CARTESIAN_POINT('',(15.835110221853,1.322E-14,27.559));
#638 = VECTOR('',#639,1.);
#639 = DIRECTION('',(0.,2.2E-16,1.));
#640 = ORIENTED_EDGE('',*,*,#641,.T.);
#641 = EDGE_CURVE('',#634,#616,#642,.T.);
#642 = LINE('',#643,#644);
#643 = CARTESIAN_POINT('',(23.241,1.626E-14,41.235110221853));
#644 = VECTOR('',#645,1.);
#645 = DIRECTION('',(-1.,-0.,-0.));
#646 = FACE_BOUND('',#647,.T.);
#647 = EDGE_LOOP('',(#648,#658,#666,#674));
#648 = ORIENTED_EDGE('',*,*,#649,.F.);
#649 = EDGE_CURVE('',#650,#652,#654,.T.);
#650 = VERTEX_POINT('',#651);
#651 = CARTESIAN_POINT('',(-9.564889778147,1.5E-14,34.964889778147));
#652 = VERTEX_POINT('',#653);
#653 = CARTESIAN_POINT('',(-15.83511022185,1.5E-14,34.964889778147));
#654 = LINE('',#655,#656);
#655 = CARTESIAN_POINT('',(-2.159,1.487E-14,34.964889778147));
#656 = VECTOR('',#657,1.);
#657 = DIRECTION('',(-1.,-0.,-0.));
#658 = ORIENTED_EDGE('',*,*,#659,.F.);
#659 = EDGE_CURVE('',#660,#650,#662,.T.);
#660 = VERTEX_POINT('',#661);
#661 = CARTESIAN_POINT('',(-9.564889778147,1.6E-14,41.235110221853));
#662 = LINE('',#663,#664);
#663 = CARTESIAN_POINT('',(-9.564889778147,1.791E-14,48.641));
#664 = VECTOR('',#665,1.);
#665 = DIRECTION('',(-0.,-2.2E-16,-1.));
#666 = ORIENTED_EDGE('',*,*,#667,.F.);
#667 = EDGE_CURVE('',#668,#660,#670,.T.);
#668 = VERTEX_POINT('',#669);
#669 = CARTESIAN_POINT('',(-15.83511022185,1.6E-14,41.235110221853));
#670 = LINE('',#671,#672);
#671 = CARTESIAN_POINT('',(-23.241,1.626E-14,41.235110221853));
#672 = VECTOR('',#673,1.);
#673 = DIRECTION('',(1.,0.,0.));
#674 = ORIENTED_EDGE('',*,*,#675,.F.);
#675 = EDGE_CURVE('',#652,#668,#676,.T.);
#676 = LINE('',#677,#678);
#677 = CARTESIAN_POINT('',(-15.83511022185,1.322E-14,27.559));
#678 = VECTOR('',#679,1.);
#679 = DIRECTION('',(0.,2.2E-16,1.));
#680 = FACE_BOUND('',#681,.T.);
#681 = EDGE_LOOP('',(#682,#692,#700,#708));
#682 = ORIENTED_EDGE('',*,*,#683,.T.);
#683 = EDGE_CURVE('',#684,#686,#688,.T.);
#684 = VERTEX_POINT('',#685);
#685 = CARTESIAN_POINT('',(-28.53511022185,1.1E-14,15.835110221853));
#686 = VERTEX_POINT('',#687);
#687 = CARTESIAN_POINT('',(-28.53511022185,9.E-15,9.564889778147));
#688 = LINE('',#689,#690);
#689 = CARTESIAN_POINT('',(-28.53511022185,1.191E-14,23.241));
#690 = VECTOR('',#691,1.);
#691 = DIRECTION('',(0.,-2.2E-16,-1.));
#692 = ORIENTED_EDGE('',*,*,#693,.T.);
#693 = EDGE_CURVE('',#686,#694,#696,.T.);
#694 = VERTEX_POINT('',#695);
#695 = CARTESIAN_POINT('',(-22.26488977814,9.E-15,9.564889778147));
#696 = LINE('',#697,#698);
#697 = CARTESIAN_POINT('',(-35.941,8.87E-15,9.564889778147));
#698 = VECTOR('',#699,1.);
#699 = DIRECTION('',(1.,0.,0.));
#700 = ORIENTED_EDGE('',*,*,#701,.T.);
#701 = EDGE_CURVE('',#694,#702,#704,.T.);
#702 = VERTEX_POINT('',#703);
#703 = CARTESIAN_POINT('',(-22.26488977814,1.1E-14,15.835110221853));
#704 = LINE('',#705,#706);
#705 = CARTESIAN_POINT('',(-22.26488977814,7.22E-15,2.159));
#706 = VECTOR('',#707,1.);
#707 = DIRECTION('',(0.,2.2E-16,1.));
#708 = ORIENTED_EDGE('',*,*,#709,.T.);
#709 = EDGE_CURVE('',#702,#684,#710,.T.);
#710 = LINE('',#711,#712);
#711 = CARTESIAN_POINT('',(-14.859,1.026E-14,15.835110221853));
#712 = VECTOR('',#713,1.);
#713 = DIRECTION('',(-1.,-0.,-0.));
#714 = FACE_BOUND('',#715,.T.);
#715 = EDGE_LOOP('',(#716,#726,#734,#742));
#716 = ORIENTED_EDGE('',*,*,#717,.F.);
#717 = EDGE_CURVE('',#718,#720,#722,.T.);
#718 = VERTEX_POINT('',#719);
#719 = CARTESIAN_POINT('',(-9.564889778147,9.E-15,9.564889778147));
#720 = VERTEX_POINT('',#721);
#721 = CARTESIAN_POINT('',(-15.83511022185,9.E-15,9.564889778147));
#722 = LINE('',#723,#724);
#723 = CARTESIAN_POINT('',(-2.159,9.23E-15,9.564889778147));
#724 = VECTOR('',#725,1.);
#725 = DIRECTION('',(-1.,-0.,-0.));
#726 = ORIENTED_EDGE('',*,*,#727,.F.);
#727 = EDGE_CURVE('',#728,#718,#730,.T.);
#728 = VERTEX_POINT('',#729);
#729 = CARTESIAN_POINT('',(-9.564889778147,1.1E-14,15.835110221853));
#730 = LINE('',#731,#732);
#731 = CARTESIAN_POINT('',(-9.564889778147,1.227E-14,23.241));
#732 = VECTOR('',#733,1.);
#733 = DIRECTION('',(-0.,-2.2E-16,-1.));
#734 = ORIENTED_EDGE('',*,*,#735,.F.);
#735 = EDGE_CURVE('',#736,#728,#738,.T.);
#736 = VERTEX_POINT('',#737);
#737 = CARTESIAN_POINT('',(-15.83511022185,1.1E-14,15.835110221853));
#738 = LINE('',#739,#740);
#739 = CARTESIAN_POINT('',(-23.241,1.062E-14,15.835110221853));
#740 = VECTOR('',#741,1.);
#741 = DIRECTION('',(1.,0.,0.));
#742 = ORIENTED_EDGE('',*,*,#743,.F.);
#743 = EDGE_CURVE('',#720,#736,#744,.T.);
#744 = LINE('',#745,#746);
#745 = CARTESIAN_POINT('',(-15.83511022185,7.58E-15,2.159));
#746 = VECTOR('',#747,1.);
#747 = DIRECTION('',(0.,2.2E-16,1.));
#748 = FACE_BOUND('',#749,.T.);
#749 = EDGE_LOOP('',(#750,#760,#768,#776));
#750 = ORIENTED_EDGE('',*,*,#751,.T.);
#751 = EDGE_CURVE('',#752,#754,#756,.T.);
#752 = VERTEX_POINT('',#753);
#753 = CARTESIAN_POINT('',(9.564889778147,1.1E-14,15.835110221853));
#754 = VERTEX_POINT('',#755);
#755 = CARTESIAN_POINT('',(9.564889778147,9.E-15,9.564889778147));
#756 = LINE('',#757,#758);
#757 = CARTESIAN_POINT('',(9.564889778147,1.191E-14,23.241));
#758 = VECTOR('',#759,1.);
#759 = DIRECTION('',(0.,-2.2E-16,-1.));
#760 = ORIENTED_EDGE('',*,*,#761,.T.);
#761 = EDGE_CURVE('',#754,#762,#764,.T.);
#762 = VERTEX_POINT('',#763);
#763 = CARTESIAN_POINT('',(15.835110221853,9.E-15,9.564889778147));
#764 = LINE('',#765,#766);
#765 = CARTESIAN_POINT('',(2.159,8.87E-15,9.564889778147));
#766 = VECTOR('',#767,1.);
#767 = DIRECTION('',(1.,0.,0.));
#768 = ORIENTED_EDGE('',*,*,#769,.T.);
#769 = EDGE_CURVE('',#762,#770,#772,.T.);
#770 = VERTEX_POINT('',#771);
#771 = CARTESIAN_POINT('',(15.835110221853,1.1E-14,15.835110221853));
#772 = LINE('',#773,#774);
#773 = CARTESIAN_POINT('',(15.835110221853,7.22E-15,2.159));
#774 = VECTOR('',#775,1.);
#775 = DIRECTION('',(0.,2.2E-16,1.));
#776 = ORIENTED_EDGE('',*,*,#777,.T.);
#777 = EDGE_CURVE('',#770,#752,#778,.T.);
#778 = LINE('',#779,#780);
#779 = CARTESIAN_POINT('',(23.241,1.026E-14,15.835110221853));
#780 = VECTOR('',#781,1.);
#781 = DIRECTION('',(-1.,-0.,-0.));
#782 = FACE_BOUND('',#783,.T.);
#783 = EDGE_LOOP('',(#784,#794,#802,#810));
#784 = ORIENTED_EDGE('',*,*,#785,.F.);
#785 = EDGE_CURVE('',#786,#788,#790,.T.);
#786 = VERTEX_POINT('',#787);
#787 = CARTESIAN_POINT('',(28.535110221853,9.E-15,9.564889778147));
#788 = VERTEX_POINT('',#789);
#789 = CARTESIAN_POINT('',(22.264889778147,9.E-15,9.564889778147));
#790 = LINE('',#791,#792);
#791 = CARTESIAN_POINT('',(35.941,9.23E-15,9.564889778147));
#792 = VECTOR('',#793,1.);
#793 = DIRECTION('',(-1.,-0.,-0.));
#794 = ORIENTED_EDGE('',*,*,#795,.F.);
#795 = EDGE_CURVE('',#796,#786,#798,.T.);
#796 = VERTEX_POINT('',#797);
#797 = CARTESIAN_POINT('',(28.535110221853,1.1E-14,15.835110221853));
#798 = LINE('',#799,#800);
#799 = CARTESIAN_POINT('',(28.535110221853,1.227E-14,23.241));
#800 = VECTOR('',#801,1.);
#801 = DIRECTION('',(-0.,-2.2E-16,-1.));
#802 = ORIENTED_EDGE('',*,*,#803,.F.);
#803 = EDGE_CURVE('',#804,#796,#806,.T.);
#804 = VERTEX_POINT('',#805);
#805 = CARTESIAN_POINT('',(22.264889778147,1.1E-14,15.835110221853));
#806 = LINE('',#807,#808);
#807 = CARTESIAN_POINT('',(14.859,1.062E-14,15.835110221853));
#808 = VECTOR('',#809,1.);
#809 = DIRECTION('',(1.,0.,0.));
#810 = ORIENTED_EDGE('',*,*,#811,.F.);
#811 = EDGE_CURVE('',#788,#804,#812,.T.);
#812 = LINE('',#813,#814);
#813 = CARTESIAN_POINT('',(22.264889778147,7.58E-15,2.159));
#814 = VECTOR('',#815,1.);
#815 = DIRECTION('',(0.,2.2E-16,1.));
#816 = FACE_BOUND('',#817,.T.);
#817 = EDGE_LOOP('',(#818,#828,#836,#844));
#818 = ORIENTED_EDGE('',*,*,#819,.T.);
#819 = EDGE_CURVE('',#820,#822,#824,.T.);
#820 = VERTEX_POINT('',#821);
#821 = CARTESIAN_POINT('',(-28.53511022185,5.E-15,-9.564889778147));
#822 = VERTEX_POINT('',#823);
#823 = CARTESIAN_POINT('',(-28.53511022185,4.E-15,-15.83511022185));
#824 = LINE('',#825,#826);
#825 = CARTESIAN_POINT('',(-28.53511022185,6.91E-15,-2.159));
#826 = VECTOR('',#827,1.);
#827 = DIRECTION('',(0.,-2.2E-16,-1.));
#828 = ORIENTED_EDGE('',*,*,#829,.T.);
#829 = EDGE_CURVE('',#822,#830,#832,.T.);
#830 = VERTEX_POINT('',#831);
#831 = CARTESIAN_POINT('',(-22.26488977814,4.E-15,-15.83511022185));
#832 = LINE('',#833,#834);
#833 = CARTESIAN_POINT('',(-35.941,3.87E-15,-15.83511022185));
#834 = VECTOR('',#835,1.);
#835 = DIRECTION('',(1.,0.,0.));
#836 = ORIENTED_EDGE('',*,*,#837,.T.);
#837 = EDGE_CURVE('',#830,#838,#840,.T.);
#838 = VERTEX_POINT('',#839);
#839 = CARTESIAN_POINT('',(-22.26488977814,5.E-15,-9.564889778147));
#840 = LINE('',#841,#842);
#841 = CARTESIAN_POINT('',(-22.26488977814,2.22E-15,-23.241));
#842 = VECTOR('',#843,1.);
#843 = DIRECTION('',(0.,2.2E-16,1.));
#844 = ORIENTED_EDGE('',*,*,#845,.T.);
#845 = EDGE_CURVE('',#838,#820,#846,.T.);
#846 = LINE('',#847,#848);
#847 = CARTESIAN_POINT('',(-14.859,5.26E-15,-9.564889778147));
#848 = VECTOR('',#849,1.);
#849 = DIRECTION('',(-1.,-0.,-0.));
#850 = FACE_BOUND('',#851,.T.);
#851 = EDGE_LOOP('',(#852,#862,#870,#878));
#852 = ORIENTED_EDGE('',*,*,#853,.F.);
#853 = EDGE_CURVE('',#854,#856,#858,.T.);
#854 = VERTEX_POINT('',#855);
#855 = CARTESIAN_POINT('',(-9.564889778147,4.E-15,-15.83511022185));
#856 = VERTEX_POINT('',#857);
#857 = CARTESIAN_POINT('',(-15.83511022185,4.E-15,-15.83511022185));
#858 = LINE('',#859,#860);
#859 = CARTESIAN_POINT('',(-2.159,3.59E-15,-15.83511022185));
#860 = VECTOR('',#861,1.);
#861 = DIRECTION('',(-1.,-0.,-0.));
#862 = ORIENTED_EDGE('',*,*,#863,.F.);
#863 = EDGE_CURVE('',#864,#854,#866,.T.);
#864 = VERTEX_POINT('',#865);
#865 = CARTESIAN_POINT('',(-9.564889778147,5.E-15,-9.564889778147));
#866 = LINE('',#867,#868);
#867 = CARTESIAN_POINT('',(-9.564889778147,6.63E-15,-2.159));
#868 = VECTOR('',#869,1.);
#869 = DIRECTION('',(-0.,-2.2E-16,-1.));
#870 = ORIENTED_EDGE('',*,*,#871,.F.);
#871 = EDGE_CURVE('',#872,#864,#874,.T.);
#872 = VERTEX_POINT('',#873);
#873 = CARTESIAN_POINT('',(-15.83511022185,5.E-15,-9.564889778147));
#874 = LINE('',#875,#876);
#875 = CARTESIAN_POINT('',(-23.241,4.98E-15,-9.564889778147));
#876 = VECTOR('',#877,1.);
#877 = DIRECTION('',(1.,0.,0.));
#878 = ORIENTED_EDGE('',*,*,#879,.F.);
#879 = EDGE_CURVE('',#856,#872,#880,.T.);
#880 = LINE('',#881,#882);
#881 = CARTESIAN_POINT('',(-15.83511022185,1.94E-15,-23.241));
#882 = VECTOR('',#883,1.);
#883 = DIRECTION('',(0.,2.2E-16,1.));
#884 = FACE_BOUND('',#885,.T.);
#885 = EDGE_LOOP('',(#886,#896,#904,#912));
#886 = ORIENTED_EDGE('',*,*,#887,.T.);
#887 = EDGE_CURVE('',#888,#890,#892,.T.);
#888 = VERTEX_POINT('',#889);
#889 = CARTESIAN_POINT('',(9.564889778147,5.E-15,-9.564889778147));
#890 = VERTEX_POINT('',#891);
#891 = CARTESIAN_POINT('',(9.564889778147,4.E-15,-15.83511022185));
#892 = LINE('',#893,#894);
#893 = CARTESIAN_POINT('',(9.564889778147,6.91E-15,-2.159));
#894 = VECTOR('',#895,1.);
#895 = DIRECTION('',(0.,-2.2E-16,-1.));
#896 = ORIENTED_EDGE('',*,*,#897,.T.);
#897 = EDGE_CURVE('',#890,#898,#900,.T.);
#898 = VERTEX_POINT('',#899);
#899 = CARTESIAN_POINT('',(15.835110221853,4.E-15,-15.83511022185));
#900 = LINE('',#901,#902);
#901 = CARTESIAN_POINT('',(2.159,3.87E-15,-15.83511022185));
#902 = VECTOR('',#903,1.);
#903 = DIRECTION('',(1.,0.,0.));
#904 = ORIENTED_EDGE('',*,*,#905,.T.);
#905 = EDGE_CURVE('',#898,#906,#908,.T.);
#906 = VERTEX_POINT('',#907);
#907 = CARTESIAN_POINT('',(15.835110221853,5.E-15,-9.564889778147));
#908 = LINE('',#909,#910);
#909 = CARTESIAN_POINT('',(15.835110221853,2.22E-15,-23.241));
#910 = VECTOR('',#911,1.);
#911 = DIRECTION('',(0.,2.2E-16,1.));
#912 = ORIENTED_EDGE('',*,*,#913,.T.);
#913 = EDGE_CURVE('',#906,#888,#914,.T.);
#914 = LINE('',#915,#916);
#915 = CARTESIAN_POINT('',(23.241,5.26E-15,-9.564889778147));
#916 = VECTOR('',#917,1.);
#917 = DIRECTION('',(-1.,-0.,-0.));
#918 = FACE_BOUND('',#919,.T.);
#919 = EDGE_LOOP('',(#920,#930,#938,#946));
#920 = ORIENTED_EDGE('',*,*,#921,.F.);
#921 = EDGE_CURVE('',#922,#924,#926,.T.);
#922 = VERTEX_POINT('',#923);
#923 = CARTESIAN_POINT('',(28.535110221853,4.E-15,-15.83511022185));
#924 = VERTEX_POINT('',#925);
#925 = CARTESIAN_POINT('',(22.264889778147,4.E-15,-15.83511022185));
#926 = LINE('',#927,#928);
#927 = CARTESIAN_POINT('',(35.941,3.59E-15,-15.83511022185));
#928 = VECTOR('',#929,1.);
#929 = DIRECTION('',(-1.,-0.,-0.));
#930 = ORIENTED_EDGE('',*,*,#931,.F.);
#931 = EDGE_CURVE('',#932,#922,#934,.T.);
#932 = VERTEX_POINT('',#933);
#933 = CARTESIAN_POINT('',(28.535110221853,5.E-15,-9.564889778147));
#934 = LINE('',#935,#936);
#935 = CARTESIAN_POINT('',(28.535110221853,6.63E-15,-2.159));
#936 = VECTOR('',#937,1.);
#937 = DIRECTION('',(-0.,-2.2E-16,-1.));
#938 = ORIENTED_EDGE('',*,*,#939,.F.);
#939 = EDGE_CURVE('',#940,#932,#942,.T.);
#940 = VERTEX_POINT('',#941);
#941 = CARTESIAN_POINT('',(22.264889778147,5.E-15,-9.564889778147));
#942 = LINE('',#943,#944);
#943 = CARTESIAN_POINT('',(14.859,4.98E-15,-9.564889778147));
#944 = VECTOR('',#945,1.);
#945 = DIRECTION('',(1.,0.,0.));
#946 = ORIENTED_EDGE('',*,*,#947,.F.);
#947 = EDGE_CURVE('',#924,#940,#948,.T.);
#948 = LINE('',#949,#950);
#949 = CARTESIAN_POINT('',(22.264889778147,1.94E-15,-23.241));
#950 = VECTOR('',#951,1.);
#951 = DIRECTION('',(0.,2.2E-16,1.));
#952 = FACE_BOUND('',#953,.T.);
#953 = EDGE_LOOP('',(#954,#964,#972,#980));
#954 = ORIENTED_EDGE('',*,*,#955,.T.);
#955 = EDGE_CURVE('',#956,#958,#960,.T.);
#956 = VERTEX_POINT('',#957);
#957 = CARTESIAN_POINT('',(-28.53511022185,-1.E-15,-34.96488977814));
#958 = VERTEX_POINT('',#959);
#959 = CARTESIAN_POINT('',(-28.53511022185,-2.E-15,-41.23511022185));
#960 = LINE('',#961,#962);
#961 = CARTESIAN_POINT('',(-28.53511022185,9.1E-16,-27.559));
#962 = VECTOR('',#963,1.);
#963 = DIRECTION('',(0.,-2.2E-16,-1.));
#964 = ORIENTED_EDGE('',*,*,#965,.T.);
#965 = EDGE_CURVE('',#958,#966,#968,.T.);
#966 = VERTEX_POINT('',#967);
#967 = CARTESIAN_POINT('',(-22.26488977814,-2.E-15,-41.23511022185));
#968 = LINE('',#969,#970);
#969 = CARTESIAN_POINT('',(-35.941,-2.13E-15,-41.23511022185));
#970 = VECTOR('',#971,1.);
#971 = DIRECTION('',(1.,0.,0.));
#972 = ORIENTED_EDGE('',*,*,#973,.T.);
#973 = EDGE_CURVE('',#966,#974,#976,.T.);
#974 = VERTEX_POINT('',#975);
#975 = CARTESIAN_POINT('',(-22.26488977814,-1.E-15,-34.96488977814));
#976 = LINE('',#977,#978);
#977 = CARTESIAN_POINT('',(-22.26488977814,-3.78E-15,-48.641));
#978 = VECTOR('',#979,1.);
#979 = DIRECTION('',(0.,2.2E-16,1.));
#980 = ORIENTED_EDGE('',*,*,#981,.T.);
#981 = EDGE_CURVE('',#974,#956,#982,.T.);
#982 = LINE('',#983,#984);
#983 = CARTESIAN_POINT('',(-14.859,-7.4E-16,-34.96488977814));
#984 = VECTOR('',#985,1.);
#985 = DIRECTION('',(-1.,-0.,-0.));
#986 = FACE_BOUND('',#987,.T.);
#987 = EDGE_LOOP('',(#988,#998,#1006,#1014));
#988 = ORIENTED_EDGE('',*,*,#989,.F.);
#989 = EDGE_CURVE('',#990,#992,#994,.T.);
#990 = VERTEX_POINT('',#991);
#991 = CARTESIAN_POINT('',(-9.564889778147,-2.E-15,-41.23511022185));
#992 = VERTEX_POINT('',#993);
#993 = CARTESIAN_POINT('',(-15.83511022185,-2.E-15,-41.23511022185));
#994 = LINE('',#995,#996);
#995 = CARTESIAN_POINT('',(-2.159,-2.05E-15,-41.23511022185));
#996 = VECTOR('',#997,1.);
#997 = DIRECTION('',(-1.,-0.,-0.));
#998 = ORIENTED_EDGE('',*,*,#999,.F.);
#999 = EDGE_CURVE('',#1000,#990,#1002,.T.);
#1000 = VERTEX_POINT('',#1001);
#1001 = CARTESIAN_POINT('',(-9.564889778147,-1.E-15,-34.96488977814));
#1002 = LINE('',#1003,#1004);
#1003 = CARTESIAN_POINT('',(-9.564889778147,9.9E-16,-27.559));
#1004 = VECTOR('',#1005,1.);
#1005 = DIRECTION('',(-0.,-2.2E-16,-1.));
#1006 = ORIENTED_EDGE('',*,*,#1007,.F.);
#1007 = EDGE_CURVE('',#1008,#1000,#1010,.T.);
#1008 = VERTEX_POINT('',#1009);
#1009 = CARTESIAN_POINT('',(-15.83511022185,-1.E-15,-34.96488977814));
#1010 = LINE('',#1011,#1012);
#1011 = CARTESIAN_POINT('',(-23.241,-6.6E-16,-34.96488977814));
#1012 = VECTOR('',#1013,1.);
#1013 = DIRECTION('',(1.,0.,0.));
#1014 = ORIENTED_EDGE('',*,*,#1015,.F.);
#1015 = EDGE_CURVE('',#992,#1008,#1016,.T.);
#1016 = LINE('',#1017,#1018);
#1017 = CARTESIAN_POINT('',(-15.83511022185,-3.7E-15,-48.641));
#1018 = VECTOR('',#1019,1.);
#1019 = DIRECTION('',(0.,2.2E-16,1.));
#1020 = FACE_BOUND('',#1021,.T.);
#1021 = EDGE_LOOP('',(#1022,#1032,#1040,#1048));
#1022 = ORIENTED_EDGE('',*,*,#1023,.T.);
#1023 = EDGE_CURVE('',#1024,#1026,#1028,.T.);
#1024 = VERTEX_POINT('',#1025);
#1025 = CARTESIAN_POINT('',(9.564889778147,-1.E-15,-34.96488977814));
#1026 = VERTEX_POINT('',#1027);
#1027 = CARTESIAN_POINT('',(9.564889778147,-2.E-15,-41.23511022185));
#1028 = LINE('',#1029,#1030);
#1029 = CARTESIAN_POINT('',(9.564889778147,9.1E-16,-27.559));
#1030 = VECTOR('',#1031,1.);
#1031 = DIRECTION('',(0.,-2.2E-16,-1.));
#1032 = ORIENTED_EDGE('',*,*,#1033,.T.);
#1033 = EDGE_CURVE('',#1026,#1034,#1036,.T.);
#1034 = VERTEX_POINT('',#1035);
#1035 = CARTESIAN_POINT('',(15.835110221853,-2.E-15,-41.23511022185));
#1036 = LINE('',#1037,#1038);
#1037 = CARTESIAN_POINT('',(2.159,-2.13E-15,-41.23511022185));
#1038 = VECTOR('',#1039,1.);
#1039 = DIRECTION('',(1.,0.,0.));
#1040 = ORIENTED_EDGE('',*,*,#1041,.T.);
#1041 = EDGE_CURVE('',#1034,#1042,#1044,.T.);
#1042 = VERTEX_POINT('',#1043);
#1043 = CARTESIAN_POINT('',(15.835110221853,-1.E-15,-34.96488977814));
#1044 = LINE('',#1045,#1046);
#1045 = CARTESIAN_POINT('',(15.835110221853,-3.78E-15,-48.641));
#1046 = VECTOR('',#1047,1.);
#1047 = DIRECTION('',(0.,2.2E-16,1.));
#1048 = ORIENTED_EDGE('',*,*,#1049,.T.);
#1049 = EDGE_CURVE('',#1042,#1024,#1050,.T.);
#1050 = LINE('',#1051,#1052);
#1051 = CARTESIAN_POINT('',(23.241,-7.4E-16,-34.96488977814));
#1052 = VECTOR('',#1053,1.);
#1053 = DIRECTION('',(-1.,-0.,-0.));
#1054 = FACE_BOUND('',#1055,.T.);
#1055 = EDGE_LOOP('',(#1056,#1066,#1074,#1082));
#1056 = ORIENTED_EDGE('',*,*,#1057,.F.);
#1057 = EDGE_CURVE('',#1058,#1060,#1062,.T.);
#1058 = VERTEX_POINT('',#1059);
#1059 = CARTESIAN_POINT('',(28.535110221853,-2.E-15,-41.23511022185));
#1060 = VERTEX_POINT('',#1061);
#1061 = CARTESIAN_POINT('',(22.264889778147,-2.E-15,-41.23511022185));
#1062 = LINE('',#1063,#1064);
#1063 = CARTESIAN_POINT('',(35.941,-2.05E-15,-41.23511022185));
#1064 = VECTOR('',#1065,1.);
#1065 = DIRECTION('',(-1.,-0.,-0.));
#1066 = ORIENTED_EDGE('',*,*,#1067,.F.);
#1067 = EDGE_CURVE('',#1068,#1058,#1070,.T.);
#1068 = VERTEX_POINT('',#1069);
#1069 = CARTESIAN_POINT('',(28.535110221853,-1.E-15,-34.96488977814));
#1070 = LINE('',#1071,#1072);
#1071 = CARTESIAN_POINT('',(28.535110221853,9.9E-16,-27.559));
#1072 = VECTOR('',#1073,1.);
#1073 = DIRECTION('',(-0.,-2.2E-16,-1.));
#1074 = ORIENTED_EDGE('',*,*,#1075,.F.);
#1075 = EDGE_CURVE('',#1076,#1068,#1078,.T.);
#1076 = VERTEX_POINT('',#1077);
#1077 = CARTESIAN_POINT('',(22.264889778147,-1.E-15,-34.96488977814));
#1078 = LINE('',#1079,#1080);
#1079 = CARTESIAN_POINT('',(14.859,-6.6E-16,-34.96488977814));
#1080 = VECTOR('',#1081,1.);
#1081 = DIRECTION('',(1.,0.,0.));
#1082 = ORIENTED_EDGE('',*,*,#1083,.F.);
#1083 = EDGE_CURVE('',#1060,#1076,#1084,.T.);
#1084 = LINE('',#1085,#1086);
#1085 = CARTESIAN_POINT('',(22.264889778147,-3.7E-15,-48.641));
#1086 = VECTOR('',#1087,1.);
#1087 = DIRECTION('',(0.,2.2E-16,1.));
#1088 = FACE_BOUND('',#1089,.T.);
#1089 = EDGE_LOOP('',(#1090,#1101,#1110));
#1090 = ORIENTED_EDGE('',*,*,#1091,.T.);
#1091 = EDGE_CURVE('',#1092,#1094,#1096,.T.);
#1092 = VERTEX_POINT('',#1093);
#1093 = CARTESIAN_POINT('',(-36.576,0.,-25.4));
#1094 = VERTEX_POINT('',#1095);
#1095 = CARTESIAN_POINT('',(-38.1,-5.E-15,-23.876));
#1096 = CIRCLE('',#1097,1.524);
#1097 = AXIS2_PLACEMENT_3D('',#1098,#1099,#1100);
#1098 = CARTESIAN_POINT('',(-38.1,0.,-25.4));
#1099 = DIRECTION('',(0.,-1.,2.2E-16));
#1100 = DIRECTION('',(1.,0.,0.));
#1101 = ORIENTED_EDGE('',*,*,#1102,.T.);
#1102 = EDGE_CURVE('',#1094,#1103,#1105,.T.);
#1103 = VERTEX_POINT('',#1104);
#1104 = CARTESIAN_POINT('',(-38.1,-6.E-15,-26.924));
#1105 = CIRCLE('',#1106,1.524);
#1106 = AXIS2_PLACEMENT_3D('',#1107,#1108,#1109);
#1107 = CARTESIAN_POINT('',(-38.1,-1.421E-14,-25.4));
#1108 = DIRECTION('',(0.,-1.,2.2E-16));
#1109 = DIRECTION('',(1.,0.,0.));
#1110 = ORIENTED_EDGE('',*,*,#1111,.T.);
#1111 = EDGE_CURVE('',#1103,#1092,#1112,.T.);
#1112 = CIRCLE('',#1113,1.524);
#1113 = AXIS2_PLACEMENT_3D('',#1114,#1115,#1116);
#1114 = CARTESIAN_POINT('',(-38.1,0.,-25.4));
#1115 = DIRECTION('',(0.,-1.,2.2E-16));
#1116 = DIRECTION('',(1.,0.,0.));
#1117 = FACE_BOUND('',#1118,.T.);
#1118 = EDGE_LOOP('',(#1119,#1130,#1139));
#1119 = ORIENTED_EDGE('',*,*,#1120,.T.);
#1120 = EDGE_CURVE('',#1121,#1123,#1125,.T.);
#1121 = VERTEX_POINT('',#1122);
#1122 = CARTESIAN_POINT('',(36.576,0.,25.4));
#1123 = VERTEX_POINT('',#1124);
#1124 = CARTESIAN_POINT('',(38.1,5.E-15,23.876));
#1125 = CIRCLE('',#1126,1.524);
#1126 = AXIS2_PLACEMENT_3D('',#1127,#1128,#1129);
#1127 = CARTESIAN_POINT('',(38.1,0.,25.4));
#1128 = DIRECTION('',(0.,-1.,2.2E-16));
#1129 = DIRECTION('',(-1.,0.,0.));
#1130 = ORIENTED_EDGE('',*,*,#1131,.T.);
#1131 = EDGE_CURVE('',#1123,#1132,#1134,.T.);
#1132 = VERTEX_POINT('',#1133);
#1133 = CARTESIAN_POINT('',(38.1,6.E-15,26.924));
#1134 = CIRCLE('',#1135,1.524);
#1135 = AXIS2_PLACEMENT_3D('',#1136,#1137,#1138);
#1136 = CARTESIAN_POINT('',(38.1,0.,25.4));
#1137 = DIRECTION('',(0.,-1.,2.2E-16));
#1138 = DIRECTION('',(-1.,0.,0.));
#1139 = ORIENTED_EDGE('',*,*,#1140,.T.);
#1140 = EDGE_CURVE('',#1132,#1121,#1141,.T.);
#1141 = CIRCLE('',#1142,1.524);
#1142 = AXIS2_PLACEMENT_3D('',#1143,#1144,#1145);
#1143 = CARTESIAN_POINT('',(38.1,0.,25.4));
#1144 = DIRECTION('',(0.,-1.,2.2E-16));
#1145 = DIRECTION('',(-1.,0.,0.));
#1146 = FACE_BOUND('',#1147,.T.);
#1147 = EDGE_LOOP('',(#1148,#1159,#1168));
#1148 = ORIENTED_EDGE('',*,*,#1149,.T.);
#1149 = EDGE_CURVE('',#1150,#1152,#1154,.T.);
#1150 = VERTEX_POINT('',#1151);
#1151 = CARTESIAN_POINT('',(36.576,0.,-25.4));
#1152 = VERTEX_POINT('',#1153);
#1153 = CARTESIAN_POINT('',(38.1,-6.E-15,-26.924));
#1154 = CIRCLE('',#1155,1.524);
#1155 = AXIS2_PLACEMENT_3D('',#1156,#1157,#1158);
#1156 = CARTESIAN_POINT('',(38.1,0.,-25.4));
#1157 = DIRECTION('',(0.,-1.,2.2E-16));
#1158 = DIRECTION('',(-1.,0.,0.));
#1159 = ORIENTED_EDGE('',*,*,#1160,.T.);
#1160 = EDGE_CURVE('',#1152,#1161,#1163,.T.);
#1161 = VERTEX_POINT('',#1162);
#1162 = CARTESIAN_POINT('',(38.1,-5.E-15,-23.876));
#1163 = CIRCLE('',#1164,1.524);
#1164 = AXIS2_PLACEMENT_3D('',#1165,#1166,#1167);
#1165 = CARTESIAN_POINT('',(38.1,-1.421E-14,-25.4));
#1166 = DIRECTION('',(0.,-1.,2.2E-16));
#1167 = DIRECTION('',(-1.,0.,0.));
#1168 = ORIENTED_EDGE('',*,*,#1169,.T.);
#1169 = EDGE_CURVE('',#1161,#1150,#1170,.T.);
#1170 = CIRCLE('',#1171,1.524);
#1171 = AXIS2_PLACEMENT_3D('',#1172,#1173,#1174);
#1172 = CARTESIAN_POINT('',(38.1,0.,-25.4));
#1173 = DIRECTION('',(0.,-1.,2.2E-16));
#1174 = DIRECTION('',(-1.,0.,0.));
#1175 = FACE_BOUND('',#1176,.T.);
#1176 = EDGE_LOOP('',(#1177,#1188,#1197));
#1177 = ORIENTED_EDGE('',*,*,#1178,.T.);
#1178 = EDGE_CURVE('',#1179,#1181,#1183,.T.);
#1179 = VERTEX_POINT('',#1180);
#1180 = CARTESIAN_POINT('',(-36.576,0.,25.4));
#1181 = VERTEX_POINT('',#1182);
#1182 = CARTESIAN_POINT('',(-38.1,6.E-15,26.924));
#1183 = CIRCLE('',#1184,1.524);
#1184 = AXIS2_PLACEMENT_3D('',#1185,#1186,#1187);
#1185 = CARTESIAN_POINT('',(-38.1,0.,25.4));
#1186 = DIRECTION('',(0.,-1.,2.2E-16));
#1187 = DIRECTION('',(1.,0.,0.));
#1188 = ORIENTED_EDGE('',*,*,#1189,.T.);
#1189 = EDGE_CURVE('',#1181,#1190,#1192,.T.);
#1190 = VERTEX_POINT('',#1191);
#1191 = CARTESIAN_POINT('',(-38.1,5.E-15,23.876));
#1192 = CIRCLE('',#1193,1.524);
#1193 = AXIS2_PLACEMENT_3D('',#1194,#1195,#1196);
#1194 = CARTESIAN_POINT('',(-38.1,0.,25.4));
#1195 = DIRECTION('',(0.,-1.,2.2E-16));
#1196 = DIRECTION('',(1.,0.,0.));
#1197 = ORIENTED_EDGE('',*,*,#1198,.T.);
#1198 = EDGE_CURVE('',#1190,#1179,#1199,.T.);
#1199 = CIRCLE('',#1200,1.524);
#1200 = AXIS2_PLACEMENT_3D('',#1201,#1202,#1203);
#1201 = CARTESIAN_POINT('',(-38.1,0.,25.4));
#1202 = DIRECTION('',(0.,-1.,2.2E-16));
#1203 = DIRECTION('',(1.,0.,0.));
#1204 = PLANE('',#1205);
#1205 = AXIS2_PLACEMENT_3D('',#1206,#1207,#1208);
#1206 = CARTESIAN_POINT('',(2.762876390629E-16,-1.263070549846E-16,
    2.822222222222));
#1207 = DIRECTION('',(0.,1.,0.));
#1208 = DIRECTION('',(0.,0.,1.));
#1209 = ADVANCED_FACE('',(#1210),#1233,.T.);
#1210 = FACE_BOUND('',#1211,.T.);
#1211 = EDGE_LOOP('',(#1212,#1222,#1227,#1228));
#1212 = ORIENTED_EDGE('',*,*,#1213,.T.);
#1213 = EDGE_CURVE('',#1214,#1216,#1218,.T.);
#1214 = VERTEX_POINT('',#1215);
#1215 = CARTESIAN_POINT('',(-35.941,-38.1,48.641));
#1216 = VERTEX_POINT('',#1217);
#1217 = CARTESIAN_POINT('',(-35.941,-38.1,27.559));
#1218 = LINE('',#1219,#1220);
#1219 = CARTESIAN_POINT('',(-35.941,-38.1,48.641));
#1220 = VECTOR('',#1221,1.);
#1221 = DIRECTION('',(0.,0.,-1.));
#1222 = ORIENTED_EDGE('',*,*,#1223,.T.);
#1223 = EDGE_CURVE('',#1216,#550,#1224,.T.);
#1224 = B_SPLINE_CURVE_WITH_KNOTS('',1,(#1225,#1226),.UNSPECIFIED.,.F.,
  .F.,(2,2),(0.,1.),.PIECEWISE_BEZIER_KNOTS.);
#1225 = CARTESIAN_POINT('',(-35.941,-38.1,27.559));
#1226 = CARTESIAN_POINT('',(-28.53511022185,1.487E-14,34.964889778147));
#1227 = ORIENTED_EDGE('',*,*,#547,.F.);
#1228 = ORIENTED_EDGE('',*,*,#1229,.F.);
#1229 = EDGE_CURVE('',#1214,#548,#1230,.T.);
#1230 = B_SPLINE_CURVE_WITH_KNOTS('',1,(#1231,#1232),.UNSPECIFIED.,.F.,
  .F.,(2,2),(0.,1.),.PIECEWISE_BEZIER_KNOTS.);
#1231 = CARTESIAN_POINT('',(-35.941,-38.1,48.641));
#1232 = CARTESIAN_POINT('',(-28.53511022185,1.626E-14,41.235110221853));
#1233 = B_SPLINE_SURFACE_WITH_KNOTS('',1,1,(
    (#1234,#1235)
    ,(#1236,#1237
    )),.UNSPECIFIED.,.F.,.F.,.F.,(2,2),(2,2),(0.,21.082),(0.,1.),
  .PIECEWISE_BEZIER_KNOTS.);
#1234 = CARTESIAN_POINT('',(-35.941,-38.1,48.641));
#1235 = CARTESIAN_POINT('',(-28.53511022185,1.626E-14,41.235110221853));
#1236 = CARTESIAN_POINT('',(-35.941,-38.1,27.559));
#1237 = CARTESIAN_POINT('',(-28.53511022185,1.487E-14,34.964889778147));
#1238 = ADVANCED_FACE('',(#1239),#1269,.F.);
#1239 = FACE_BOUND('',#1240,.F.);
#1240 = EDGE_LOOP('',(#1241,#1248,#1256,#1263,#1268));
#1241 = ORIENTED_EDGE('',*,*,#1242,.F.);
#1242 = EDGE_CURVE('',#1243,#650,#1245,.T.);
#1243 = VERTEX_POINT('',#1244);
#1244 = CARTESIAN_POINT('',(-2.159,-38.1,27.559));
#1245 = B_SPLINE_CURVE_WITH_KNOTS('',1,(#1246,#1247),.UNSPECIFIED.,.F.,
  .F.,(2,2),(0.,1.),.PIECEWISE_BEZIER_KNOTS.);
#1246 = CARTESIAN_POINT('',(-2.159,-38.1,27.559));
#1247 = CARTESIAN_POINT('',(-9.564889778147,1.487E-14,34.964889778147));
#1248 = ORIENTED_EDGE('',*,*,#1249,.T.);
#1249 = EDGE_CURVE('',#1243,#1250,#1252,.T.);
#1250 = VERTEX_POINT('',#1251);
#1251 = CARTESIAN_POINT('',(-14.859,-38.1,27.559));
#1252 = LINE('',#1253,#1254);
#1253 = CARTESIAN_POINT('',(-2.159,-38.1,27.559));
#1254 = VECTOR('',#1255,1.);
#1255 = DIRECTION('',(-1.,0.,-0.));
#1256 = ORIENTED_EDGE('',*,*,#1257,.T.);
#1257 = EDGE_CURVE('',#1250,#1258,#1260,.T.);
#1258 = VERTEX_POINT('',#1259);
#1259 = CARTESIAN_POINT('',(-19.05,-16.53917411906,31.75));
#1260 = B_SPLINE_CURVE_WITH_KNOTS('',1,(#1261,#1262),.UNSPECIFIED.,.F.,
  .F.,(2,2),(0.,1.),.PIECEWISE_BEZIER_KNOTS.);
#1261 = CARTESIAN_POINT('',(-14.859,-38.1,27.559));
#1262 = CARTESIAN_POINT('',(-22.26488977814,1.487E-14,34.964889778147));
#1263 = ORIENTED_EDGE('',*,*,#1264,.T.);
#1264 = EDGE_CURVE('',#1258,#652,#1265,.T.);
#1265 = B_SPLINE_CURVE_WITH_KNOTS('',1,(#1266,#1267),.UNSPECIFIED.,.F.,
  .F.,(2,2),(0.,1.),.PIECEWISE_BEZIER_KNOTS.);
#1266 = CARTESIAN_POINT('',(-23.241,-38.1,27.559));
#1267 = CARTESIAN_POINT('',(-15.83511022185,1.487E-14,34.964889778147));
#1268 = ORIENTED_EDGE('',*,*,#649,.F.);
#1269 = B_SPLINE_SURFACE_WITH_KNOTS('',1,1,(
    (#1270,#1271)
    ,(#1272,#1273
    )),.UNSPECIFIED.,.F.,.F.,.F.,(2,2),(2,2),(0.,21.082),(0.,1.),
  .PIECEWISE_BEZIER_KNOTS.);
#1270 = CARTESIAN_POINT('',(-2.159,-38.1,27.559));
#1271 = CARTESIAN_POINT('',(-9.564889778147,1.487E-14,34.964889778147));
#1272 = CARTESIAN_POINT('',(-23.241,-38.1,27.559));
#1273 = CARTESIAN_POINT('',(-15.83511022185,1.487E-14,34.964889778147));
#1274 = ADVANCED_FACE('',(#1275),#1292,.F.);
#1275 = FACE_BOUND('',#1276,.F.);
#1276 = EDGE_LOOP('',(#1277,#1285,#1286,#1287));
#1277 = ORIENTED_EDGE('',*,*,#1278,.T.);
#1278 = EDGE_CURVE('',#1279,#1243,#1281,.T.);
#1279 = VERTEX_POINT('',#1280);
#1280 = CARTESIAN_POINT('',(-2.159,-38.1,48.641));
#1281 = LINE('',#1282,#1283);
#1282 = CARTESIAN_POINT('',(-2.159,-38.1,48.641));
#1283 = VECTOR('',#1284,1.);
#1284 = DIRECTION('',(-0.,0.,-1.));
#1285 = ORIENTED_EDGE('',*,*,#1242,.T.);
#1286 = ORIENTED_EDGE('',*,*,#659,.F.);
#1287 = ORIENTED_EDGE('',*,*,#1288,.F.);
#1288 = EDGE_CURVE('',#1279,#660,#1289,.T.);
#1289 = B_SPLINE_CURVE_WITH_KNOTS('',1,(#1290,#1291),.UNSPECIFIED.,.F.,
  .F.,(2,2),(0.,1.),.PIECEWISE_BEZIER_KNOTS.);
#1290 = CARTESIAN_POINT('',(-2.159,-38.1,48.641));
#1291 = CARTESIAN_POINT('',(-9.564889778147,1.626E-14,41.235110221853));
#1292 = B_SPLINE_SURFACE_WITH_KNOTS('',1,1,(
    (#1293,#1294)
    ,(#1295,#1296
    )),.UNSPECIFIED.,.F.,.F.,.F.,(2,2),(2,2),(0.,21.082),(0.,1.),
  .PIECEWISE_BEZIER_KNOTS.);
#1293 = CARTESIAN_POINT('',(-2.159,-38.1,48.641));
#1294 = CARTESIAN_POINT('',(-9.564889778147,1.626E-14,41.235110221853));
#1295 = CARTESIAN_POINT('',(-2.159,-38.1,27.559));
#1296 = CARTESIAN_POINT('',(-9.564889778147,1.487E-14,34.964889778147));
#1297 = ADVANCED_FACE('',(#1298),#1314,.F.);
#1298 = FACE_BOUND('',#1299,.F.);
#1299 = EDGE_LOOP('',(#1300,#1301,#1308,#1313));
#1300 = ORIENTED_EDGE('',*,*,#1264,.F.);
#1301 = ORIENTED_EDGE('',*,*,#1302,.T.);
#1302 = EDGE_CURVE('',#1258,#1303,#1305,.T.);
#1303 = VERTEX_POINT('',#1304);
#1304 = CARTESIAN_POINT('',(-19.05,-16.53917411906,44.45));
#1305 = B_SPLINE_CURVE_WITH_KNOTS('',1,(#1306,#1307),.UNSPECIFIED.,.F.,
  .F.,(2,2),(0.,1.),.PIECEWISE_BEZIER_KNOTS.);
#1306 = CARTESIAN_POINT('',(-19.05,-16.53917411906,31.75));
#1307 = CARTESIAN_POINT('',(-19.05,-16.53917411906,44.45));
#1308 = ORIENTED_EDGE('',*,*,#1309,.T.);
#1309 = EDGE_CURVE('',#1303,#668,#1310,.T.);
#1310 = B_SPLINE_CURVE_WITH_KNOTS('',1,(#1311,#1312),.UNSPECIFIED.,.F.,
  .F.,(2,2),(0.,1.),.PIECEWISE_BEZIER_KNOTS.);
#1311 = CARTESIAN_POINT('',(-23.241,-38.1,48.641));
#1312 = CARTESIAN_POINT('',(-15.83511022185,1.626E-14,41.235110221853));
#1313 = ORIENTED_EDGE('',*,*,#675,.F.);
#1314 = B_SPLINE_SURFACE_WITH_KNOTS('',1,1,(
    (#1315,#1316)
    ,(#1317,#1318
    )),.UNSPECIFIED.,.F.,.F.,.F.,(2,2),(2,2),(0.,21.082),(0.,1.),
  .PIECEWISE_BEZIER_KNOTS.);
#1315 = CARTESIAN_POINT('',(-23.241,-38.1,27.559));
#1316 = CARTESIAN_POINT('',(-15.83511022185,1.487E-14,34.964889778147));
#1317 = CARTESIAN_POINT('',(-23.241,-38.1,48.641));
#1318 = CARTESIAN_POINT('',(-15.83511022185,1.626E-14,41.235110221853));
#1319 = ADVANCED_FACE('',(#1320),#1334,.T.);
#1320 = FACE_BOUND('',#1321,.T.);
#1321 = EDGE_LOOP('',(#1322,#1327,#1328,#1333));
#1322 = ORIENTED_EDGE('',*,*,#1323,.F.);
#1323 = EDGE_CURVE('',#1258,#558,#1324,.T.);
#1324 = B_SPLINE_CURVE_WITH_KNOTS('',1,(#1325,#1326),.UNSPECIFIED.,.F.,
  .F.,(2,2),(0.,1.),.PIECEWISE_BEZIER_KNOTS.);
#1325 = CARTESIAN_POINT('',(-14.859,-38.1,27.559));
#1326 = CARTESIAN_POINT('',(-22.26488977814,1.487E-14,34.964889778147));
#1327 = ORIENTED_EDGE('',*,*,#1302,.T.);
#1328 = ORIENTED_EDGE('',*,*,#1329,.T.);
#1329 = EDGE_CURVE('',#1303,#566,#1330,.T.);
#1330 = B_SPLINE_CURVE_WITH_KNOTS('',1,(#1331,#1332),.UNSPECIFIED.,.F.,
  .F.,(2,2),(0.,1.),.PIECEWISE_BEZIER_KNOTS.);
#1331 = CARTESIAN_POINT('',(-14.859,-38.1,48.641));
#1332 = CARTESIAN_POINT('',(-22.26488977814,1.626E-14,41.235110221853));
#1333 = ORIENTED_EDGE('',*,*,#565,.F.);
#1334 = B_SPLINE_SURFACE_WITH_KNOTS('',1,1,(
    (#1335,#1336)
    ,(#1337,#1338
    )),.UNSPECIFIED.,.F.,.F.,.F.,(2,2),(2,2),(0.,21.082),(0.,1.),
  .PIECEWISE_BEZIER_KNOTS.);
#1335 = CARTESIAN_POINT('',(-14.859,-38.1,27.559));
#1336 = CARTESIAN_POINT('',(-22.26488977814,1.487E-14,34.964889778147));
#1337 = CARTESIAN_POINT('',(-14.859,-38.1,48.641));
#1338 = CARTESIAN_POINT('',(-22.26488977814,1.626E-14,41.235110221853));
#1339 = ADVANCED_FACE('',(#1340),#1358,.F.);
#1340 = FACE_BOUND('',#1341,.F.);
#1341 = EDGE_LOOP('',(#1342,#1349,#1355,#1356,#1357));
#1342 = ORIENTED_EDGE('',*,*,#1343,.F.);
#1343 = EDGE_CURVE('',#1344,#1303,#1346,.T.);
#1344 = VERTEX_POINT('',#1345);
#1345 = CARTESIAN_POINT('',(-14.859,-38.1,48.641));
#1346 = B_SPLINE_CURVE_WITH_KNOTS('',1,(#1347,#1348),.UNSPECIFIED.,.F.,
  .F.,(2,2),(0.,1.),.PIECEWISE_BEZIER_KNOTS.);
#1347 = CARTESIAN_POINT('',(-14.859,-38.1,48.641));
#1348 = CARTESIAN_POINT('',(-22.26488977814,1.626E-14,41.235110221853));
#1349 = ORIENTED_EDGE('',*,*,#1350,.T.);
#1350 = EDGE_CURVE('',#1344,#1279,#1351,.T.);
#1351 = LINE('',#1352,#1353);
#1352 = CARTESIAN_POINT('',(-23.241,-38.1,48.641));
#1353 = VECTOR('',#1354,1.);
#1354 = DIRECTION('',(1.,0.,0.));
#1355 = ORIENTED_EDGE('',*,*,#1288,.T.);
#1356 = ORIENTED_EDGE('',*,*,#667,.F.);
#1357 = ORIENTED_EDGE('',*,*,#1309,.F.);
#1358 = B_SPLINE_SURFACE_WITH_KNOTS('',1,1,(
    (#1359,#1360)
    ,(#1361,#1362
    )),.UNSPECIFIED.,.F.,.F.,.F.,(2,2),(2,2),(0.,21.082),(0.,1.),
  .PIECEWISE_BEZIER_KNOTS.);
#1359 = CARTESIAN_POINT('',(-23.241,-38.1,48.641));
#1360 = CARTESIAN_POINT('',(-15.83511022185,1.626E-14,41.235110221853));
#1361 = CARTESIAN_POINT('',(-2.159,-38.1,48.641));
#1362 = CARTESIAN_POINT('',(-9.564889778147,1.626E-14,41.235110221853));
#1363 = ADVANCED_FACE('',(#1364),#1387,.F.);
#1364 = FACE_BOUND('',#1365,.F.);
#1365 = EDGE_LOOP('',(#1366,#1376,#1381,#1382));
#1366 = ORIENTED_EDGE('',*,*,#1367,.T.);
#1367 = EDGE_CURVE('',#1368,#1370,#1372,.T.);
#1368 = VERTEX_POINT('',#1369);
#1369 = CARTESIAN_POINT('',(35.941,-38.1,48.641));
#1370 = VERTEX_POINT('',#1371);
#1371 = CARTESIAN_POINT('',(35.941,-38.1,27.559));
#1372 = LINE('',#1373,#1374);
#1373 = CARTESIAN_POINT('',(35.941,-38.1,48.641));
#1374 = VECTOR('',#1375,1.);
#1375 = DIRECTION('',(-0.,0.,-1.));
#1376 = ORIENTED_EDGE('',*,*,#1377,.T.);
#1377 = EDGE_CURVE('',#1370,#582,#1378,.T.);
#1378 = B_SPLINE_CURVE_WITH_KNOTS('',1,(#1379,#1380),.UNSPECIFIED.,.F.,
  .F.,(2,2),(0.,1.),.PIECEWISE_BEZIER_KNOTS.);
#1379 = CARTESIAN_POINT('',(35.941,-38.1,27.559));
#1380 = CARTESIAN_POINT('',(28.535110221853,1.487E-14,34.964889778147));
#1381 = ORIENTED_EDGE('',*,*,#591,.F.);
#1382 = ORIENTED_EDGE('',*,*,#1383,.F.);
#1383 = EDGE_CURVE('',#1368,#592,#1384,.T.);
#1384 = B_SPLINE_CURVE_WITH_KNOTS('',1,(#1385,#1386),.UNSPECIFIED.,.F.,
  .F.,(2,2),(0.,1.),.PIECEWISE_BEZIER_KNOTS.);
#1385 = CARTESIAN_POINT('',(35.941,-38.1,48.641));
#1386 = CARTESIAN_POINT('',(28.535110221853,1.626E-14,41.235110221853));
#1387 = B_SPLINE_SURFACE_WITH_KNOTS('',1,1,(
    (#1388,#1389)
    ,(#1390,#1391
    )),.UNSPECIFIED.,.F.,.F.,.F.,(2,2),(2,2),(0.,21.082),(0.,1.),
  .PIECEWISE_BEZIER_KNOTS.);
#1388 = CARTESIAN_POINT('',(35.941,-38.1,48.641));
#1389 = CARTESIAN_POINT('',(28.535110221853,1.626E-14,41.235110221853));
#1390 = CARTESIAN_POINT('',(35.941,-38.1,27.559));
#1391 = CARTESIAN_POINT('',(28.535110221853,1.487E-14,34.964889778147));
#1392 = ADVANCED_FACE('',(#1393),#1416,.T.);
#1393 = FACE_BOUND('',#1394,.T.);
#1394 = EDGE_LOOP('',(#1395,#1405,#1410,#1411));
#1395 = ORIENTED_EDGE('',*,*,#1396,.T.);
#1396 = EDGE_CURVE('',#1397,#1399,#1401,.T.);
#1397 = VERTEX_POINT('',#1398);
#1398 = CARTESIAN_POINT('',(2.159,-38.1,48.641));
#1399 = VERTEX_POINT('',#1400);
#1400 = CARTESIAN_POINT('',(2.159,-38.1,27.559));
#1401 = LINE('',#1402,#1403);
#1402 = CARTESIAN_POINT('',(2.159,-38.1,48.641));
#1403 = VECTOR('',#1404,1.);
#1404 = DIRECTION('',(0.,0.,-1.));
#1405 = ORIENTED_EDGE('',*,*,#1406,.T.);
#1406 = EDGE_CURVE('',#1399,#618,#1407,.T.);
#1407 = B_SPLINE_CURVE_WITH_KNOTS('',1,(#1408,#1409),.UNSPECIFIED.,.F.,
  .F.,(2,2),(0.,1.),.PIECEWISE_BEZIER_KNOTS.);
#1408 = CARTESIAN_POINT('',(2.159,-38.1,27.559));
#1409 = CARTESIAN_POINT('',(9.564889778147,1.487E-14,34.964889778147));
#1410 = ORIENTED_EDGE('',*,*,#615,.F.);
#1411 = ORIENTED_EDGE('',*,*,#1412,.F.);
#1412 = EDGE_CURVE('',#1397,#616,#1413,.T.);
#1413 = B_SPLINE_CURVE_WITH_KNOTS('',1,(#1414,#1415),.UNSPECIFIED.,.F.,
  .F.,(2,2),(0.,1.),.PIECEWISE_BEZIER_KNOTS.);
#1414 = CARTESIAN_POINT('',(2.159,-38.1,48.641));
#1415 = CARTESIAN_POINT('',(9.564889778147,1.626E-14,41.235110221853));
#1416 = B_SPLINE_SURFACE_WITH_KNOTS('',1,1,(
    (#1417,#1418)
    ,(#1419,#1420
    )),.UNSPECIFIED.,.F.,.F.,.F.,(2,2),(2,2),(0.,21.082),(0.,1.),
  .PIECEWISE_BEZIER_KNOTS.);
#1417 = CARTESIAN_POINT('',(2.159,-38.1,48.641));
#1418 = CARTESIAN_POINT('',(9.564889778147,1.626E-14,41.235110221853));
#1419 = CARTESIAN_POINT('',(2.159,-38.1,27.559));
#1420 = CARTESIAN_POINT('',(9.564889778147,1.487E-14,34.964889778147));
#1421 = ADVANCED_FACE('',(#1422),#1446,.T.);
#1422 = FACE_BOUND('',#1423,.T.);
#1423 = EDGE_LOOP('',(#1424,#1433,#1439,#1440,#1441));
#1424 = ORIENTED_EDGE('',*,*,#1425,.F.);
#1425 = EDGE_CURVE('',#1426,#1428,#1430,.T.);
#1426 = VERTEX_POINT('',#1427);
#1427 = CARTESIAN_POINT('',(14.859,-38.1,48.641));
#1428 = VERTEX_POINT('',#1429);
#1429 = CARTESIAN_POINT('',(19.05,-16.53917411906,44.45));
#1430 = B_SPLINE_CURVE_WITH_KNOTS('',1,(#1431,#1432),.UNSPECIFIED.,.F.,
  .F.,(2,2),(0.,1.),.PIECEWISE_BEZIER_KNOTS.);
#1431 = CARTESIAN_POINT('',(14.859,-38.1,48.641));
#1432 = CARTESIAN_POINT('',(22.264889778147,1.626E-14,41.235110221853));
#1433 = ORIENTED_EDGE('',*,*,#1434,.T.);
#1434 = EDGE_CURVE('',#1426,#1397,#1435,.T.);
#1435 = LINE('',#1436,#1437);
#1436 = CARTESIAN_POINT('',(23.241,-38.1,48.641));
#1437 = VECTOR('',#1438,1.);
#1438 = DIRECTION('',(-1.,0.,0.));
#1439 = ORIENTED_EDGE('',*,*,#1412,.T.);
#1440 = ORIENTED_EDGE('',*,*,#641,.F.);
#1441 = ORIENTED_EDGE('',*,*,#1442,.F.);
#1442 = EDGE_CURVE('',#1428,#634,#1443,.T.);
#1443 = B_SPLINE_CURVE_WITH_KNOTS('',1,(#1444,#1445),.UNSPECIFIED.,.F.,
  .F.,(2,2),(0.,1.),.PIECEWISE_BEZIER_KNOTS.);
#1444 = CARTESIAN_POINT('',(23.241,-38.1,48.641));
#1445 = CARTESIAN_POINT('',(15.835110221853,1.626E-14,41.235110221853));
#1446 = B_SPLINE_SURFACE_WITH_KNOTS('',1,1,(
    (#1447,#1448)
    ,(#1449,#1450
    )),.UNSPECIFIED.,.F.,.F.,.F.,(2,2),(2,2),(0.,21.082),(0.,1.),
  .PIECEWISE_BEZIER_KNOTS.);
#1447 = CARTESIAN_POINT('',(23.241,-38.1,48.641));
#1448 = CARTESIAN_POINT('',(15.835110221853,1.626E-14,41.235110221853));
#1449 = CARTESIAN_POINT('',(2.159,-38.1,48.641));
#1450 = CARTESIAN_POINT('',(9.564889778147,1.626E-14,41.235110221853));
#1451 = ADVANCED_FACE('',(#1452),#1476,.T.);
#1452 = FACE_BOUND('',#1453,.T.);
#1453 = EDGE_LOOP('',(#1454,#1455,#1463,#1470,#1475));
#1454 = ORIENTED_EDGE('',*,*,#1406,.F.);
#1455 = ORIENTED_EDGE('',*,*,#1456,.T.);
#1456 = EDGE_CURVE('',#1399,#1457,#1459,.T.);
#1457 = VERTEX_POINT('',#1458);
#1458 = CARTESIAN_POINT('',(14.859,-38.1,27.559));
#1459 = LINE('',#1460,#1461);
#1460 = CARTESIAN_POINT('',(2.159,-38.1,27.559));
#1461 = VECTOR('',#1462,1.);
#1462 = DIRECTION('',(1.,0.,0.));
#1463 = ORIENTED_EDGE('',*,*,#1464,.T.);
#1464 = EDGE_CURVE('',#1457,#1465,#1467,.T.);
#1465 = VERTEX_POINT('',#1466);
#1466 = CARTESIAN_POINT('',(19.05,-16.53917411906,31.75));
#1467 = B_SPLINE_CURVE_WITH_KNOTS('',1,(#1468,#1469),.UNSPECIFIED.,.F.,
  .F.,(2,2),(0.,1.),.PIECEWISE_BEZIER_KNOTS.);
#1468 = CARTESIAN_POINT('',(14.859,-38.1,27.559));
#1469 = CARTESIAN_POINT('',(22.264889778147,1.487E-14,34.964889778147));
#1470 = ORIENTED_EDGE('',*,*,#1471,.T.);
#1471 = EDGE_CURVE('',#1465,#626,#1472,.T.);
#1472 = B_SPLINE_CURVE_WITH_KNOTS('',1,(#1473,#1474),.UNSPECIFIED.,.F.,
  .F.,(2,2),(0.,1.),.PIECEWISE_BEZIER_KNOTS.);
#1473 = CARTESIAN_POINT('',(23.241,-38.1,27.559));
#1474 = CARTESIAN_POINT('',(15.835110221853,1.487E-14,34.964889778147));
#1475 = ORIENTED_EDGE('',*,*,#625,.F.);
#1476 = B_SPLINE_SURFACE_WITH_KNOTS('',1,1,(
    (#1477,#1478)
    ,(#1479,#1480
    )),.UNSPECIFIED.,.F.,.F.,.F.,(2,2),(2,2),(0.,21.082),(0.,1.),
  .PIECEWISE_BEZIER_KNOTS.);
#1477 = CARTESIAN_POINT('',(2.159,-38.1,27.559));
#1478 = CARTESIAN_POINT('',(9.564889778147,1.487E-14,34.964889778147));
#1479 = CARTESIAN_POINT('',(23.241,-38.1,27.559));
#1480 = CARTESIAN_POINT('',(15.835110221853,1.487E-14,34.964889778147));
#1481 = ADVANCED_FACE('',(#1482),#1492,.T.);
#1482 = FACE_BOUND('',#1483,.T.);
#1483 = EDGE_LOOP('',(#1484,#1485,#1490,#1491));
#1484 = ORIENTED_EDGE('',*,*,#1471,.F.);
#1485 = ORIENTED_EDGE('',*,*,#1486,.F.);
#1486 = EDGE_CURVE('',#1428,#1465,#1487,.T.);
#1487 = B_SPLINE_CURVE_WITH_KNOTS('',1,(#1488,#1489),.UNSPECIFIED.,.F.,
  .F.,(2,2),(0.,1.),.PIECEWISE_BEZIER_KNOTS.);
#1488 = CARTESIAN_POINT('',(19.05,-16.53917411906,44.45));
#1489 = CARTESIAN_POINT('',(19.05,-16.53917411906,31.75));
#1490 = ORIENTED_EDGE('',*,*,#1442,.T.);
#1491 = ORIENTED_EDGE('',*,*,#633,.F.);
#1492 = B_SPLINE_SURFACE_WITH_KNOTS('',1,1,(
    (#1493,#1494)
    ,(#1495,#1496
    )),.UNSPECIFIED.,.F.,.F.,.F.,(2,2),(2,2),(0.,21.082),(0.,1.),
  .PIECEWISE_BEZIER_KNOTS.);
#1493 = CARTESIAN_POINT('',(23.241,-38.1,27.559));
#1494 = CARTESIAN_POINT('',(15.835110221853,1.487E-14,34.964889778147));
#1495 = CARTESIAN_POINT('',(23.241,-38.1,48.641));
#1496 = CARTESIAN_POINT('',(15.835110221853,1.626E-14,41.235110221853));
#1497 = ADVANCED_FACE('',(#1498),#1512,.F.);
#1498 = FACE_BOUND('',#1499,.F.);
#1499 = EDGE_LOOP('',(#1500,#1505,#1506,#1511));
#1500 = ORIENTED_EDGE('',*,*,#1501,.F.);
#1501 = EDGE_CURVE('',#1465,#584,#1502,.T.);
#1502 = B_SPLINE_CURVE_WITH_KNOTS('',1,(#1503,#1504),.UNSPECIFIED.,.F.,
  .F.,(2,2),(0.,1.),.PIECEWISE_BEZIER_KNOTS.);
#1503 = CARTESIAN_POINT('',(14.859,-38.1,27.559));
#1504 = CARTESIAN_POINT('',(22.264889778147,1.487E-14,34.964889778147));
#1505 = ORIENTED_EDGE('',*,*,#1486,.F.);
#1506 = ORIENTED_EDGE('',*,*,#1507,.T.);
#1507 = EDGE_CURVE('',#1428,#600,#1508,.T.);
#1508 = B_SPLINE_CURVE_WITH_KNOTS('',1,(#1509,#1510),.UNSPECIFIED.,.F.,
  .F.,(2,2),(0.,1.),.PIECEWISE_BEZIER_KNOTS.);
#1509 = CARTESIAN_POINT('',(14.859,-38.1,48.641));
#1510 = CARTESIAN_POINT('',(22.264889778147,1.626E-14,41.235110221853));
#1511 = ORIENTED_EDGE('',*,*,#607,.F.);
#1512 = B_SPLINE_SURFACE_WITH_KNOTS('',1,1,(
    (#1513,#1514)
    ,(#1515,#1516
    )),.UNSPECIFIED.,.F.,.F.,.F.,(2,2),(2,2),(0.,21.082),(0.,1.),
  .PIECEWISE_BEZIER_KNOTS.);
#1513 = CARTESIAN_POINT('',(14.859,-38.1,27.559));
#1514 = CARTESIAN_POINT('',(22.264889778147,1.487E-14,34.964889778147));
#1515 = CARTESIAN_POINT('',(14.859,-38.1,48.641));
#1516 = CARTESIAN_POINT('',(22.264889778147,1.626E-14,41.235110221853));
#1517 = ADVANCED_FACE('',(#1518),#1541,.T.);
#1518 = FACE_BOUND('',#1519,.T.);
#1519 = EDGE_LOOP('',(#1520,#1530,#1535,#1536));
#1520 = ORIENTED_EDGE('',*,*,#1521,.T.);
#1521 = EDGE_CURVE('',#1522,#1524,#1526,.T.);
#1522 = VERTEX_POINT('',#1523);
#1523 = CARTESIAN_POINT('',(-35.941,-38.1,23.241));
#1524 = VERTEX_POINT('',#1525);
#1525 = CARTESIAN_POINT('',(-35.941,-38.1,2.159));
#1526 = LINE('',#1527,#1528);
#1527 = CARTESIAN_POINT('',(-35.941,-38.1,23.241));
#1528 = VECTOR('',#1529,1.);
#1529 = DIRECTION('',(0.,0.,-1.));
#1530 = ORIENTED_EDGE('',*,*,#1531,.T.);
#1531 = EDGE_CURVE('',#1524,#686,#1532,.T.);
#1532 = B_SPLINE_CURVE_WITH_KNOTS('',1,(#1533,#1534),.UNSPECIFIED.,.F.,
  .F.,(2,2),(0.,1.),.PIECEWISE_BEZIER_KNOTS.);
#1533 = CARTESIAN_POINT('',(-35.941,-38.1,2.159));
#1534 = CARTESIAN_POINT('',(-28.53511022185,8.87E-15,9.564889778147));
#1535 = ORIENTED_EDGE('',*,*,#683,.F.);
#1536 = ORIENTED_EDGE('',*,*,#1537,.F.);
#1537 = EDGE_CURVE('',#1522,#684,#1538,.T.);
#1538 = B_SPLINE_CURVE_WITH_KNOTS('',1,(#1539,#1540),.UNSPECIFIED.,.F.,
  .F.,(2,2),(0.,1.),.PIECEWISE_BEZIER_KNOTS.);
#1539 = CARTESIAN_POINT('',(-35.941,-38.1,23.241));
#1540 = CARTESIAN_POINT('',(-28.53511022185,1.026E-14,15.835110221853));
#1541 = B_SPLINE_SURFACE_WITH_KNOTS('',1,1,(
    (#1542,#1543)
    ,(#1544,#1545
    )),.UNSPECIFIED.,.F.,.F.,.F.,(2,2),(2,2),(0.,21.082),(0.,1.),
  .PIECEWISE_BEZIER_KNOTS.);
#1542 = CARTESIAN_POINT('',(-35.941,-38.1,23.241));
#1543 = CARTESIAN_POINT('',(-28.53511022185,1.026E-14,15.835110221853));
#1544 = CARTESIAN_POINT('',(-35.941,-38.1,2.159));
#1545 = CARTESIAN_POINT('',(-28.53511022185,8.87E-15,9.564889778147));
#1546 = ADVANCED_FACE('',(#1547),#1577,.F.);
#1547 = FACE_BOUND('',#1548,.F.);
#1548 = EDGE_LOOP('',(#1549,#1556,#1564,#1571,#1576));
#1549 = ORIENTED_EDGE('',*,*,#1550,.F.);
#1550 = EDGE_CURVE('',#1551,#718,#1553,.T.);
#1551 = VERTEX_POINT('',#1552);
#1552 = CARTESIAN_POINT('',(-2.159,-38.1,2.159));
#1553 = B_SPLINE_CURVE_WITH_KNOTS('',1,(#1554,#1555),.UNSPECIFIED.,.F.,
  .F.,(2,2),(0.,1.),.PIECEWISE_BEZIER_KNOTS.);
#1554 = CARTESIAN_POINT('',(-2.159,-38.1,2.159));
#1555 = CARTESIAN_POINT('',(-9.564889778147,9.23E-15,9.564889778147));
#1556 = ORIENTED_EDGE('',*,*,#1557,.T.);
#1557 = EDGE_CURVE('',#1551,#1558,#1560,.T.);
#1558 = VERTEX_POINT('',#1559);
#1559 = CARTESIAN_POINT('',(-14.859,-38.1,2.159));
#1560 = LINE('',#1561,#1562);
#1561 = CARTESIAN_POINT('',(-2.159,-38.1,2.159));
#1562 = VECTOR('',#1563,1.);
#1563 = DIRECTION('',(-1.,0.,-0.));
#1564 = ORIENTED_EDGE('',*,*,#1565,.T.);
#1565 = EDGE_CURVE('',#1558,#1566,#1568,.T.);
#1566 = VERTEX_POINT('',#1567);
#1567 = CARTESIAN_POINT('',(-19.05,-16.53917411906,6.35));
#1568 = B_SPLINE_CURVE_WITH_KNOTS('',1,(#1569,#1570),.UNSPECIFIED.,.F.,
  .F.,(2,2),(0.,1.),.PIECEWISE_BEZIER_KNOTS.);
#1569 = CARTESIAN_POINT('',(-14.859,-38.1,2.159));
#1570 = CARTESIAN_POINT('',(-22.26488977814,8.87E-15,9.564889778147));
#1571 = ORIENTED_EDGE('',*,*,#1572,.T.);
#1572 = EDGE_CURVE('',#1566,#720,#1573,.T.);
#1573 = B_SPLINE_CURVE_WITH_KNOTS('',1,(#1574,#1575),.UNSPECIFIED.,.F.,
  .F.,(2,2),(0.,1.),.PIECEWISE_BEZIER_KNOTS.);
#1574 = CARTESIAN_POINT('',(-23.241,-38.1,2.159));
#1575 = CARTESIAN_POINT('',(-15.83511022185,9.23E-15,9.564889778147));
#1576 = ORIENTED_EDGE('',*,*,#717,.F.);
#1577 = B_SPLINE_SURFACE_WITH_KNOTS('',1,1,(
    (#1578,#1579)
    ,(#1580,#1581
    )),.UNSPECIFIED.,.F.,.F.,.F.,(2,2),(2,2),(0.,21.082),(0.,1.),
  .PIECEWISE_BEZIER_KNOTS.);
#1578 = CARTESIAN_POINT('',(-2.159,-38.1,2.159));
#1579 = CARTESIAN_POINT('',(-9.564889778147,9.23E-15,9.564889778147));
#1580 = CARTESIAN_POINT('',(-23.241,-38.1,2.159));
#1581 = CARTESIAN_POINT('',(-15.83511022185,9.23E-15,9.564889778147));
#1582 = ADVANCED_FACE('',(#1583),#1600,.F.);
#1583 = FACE_BOUND('',#1584,.F.);
#1584 = EDGE_LOOP('',(#1585,#1593,#1594,#1595));
#1585 = ORIENTED_EDGE('',*,*,#1586,.T.);
#1586 = EDGE_CURVE('',#1587,#1551,#1589,.T.);
#1587 = VERTEX_POINT('',#1588);
#1588 = CARTESIAN_POINT('',(-2.159,-38.1,23.241));
#1589 = LINE('',#1590,#1591);
#1590 = CARTESIAN_POINT('',(-2.159,-38.1,23.241));
#1591 = VECTOR('',#1592,1.);
#1592 = DIRECTION('',(-0.,0.,-1.));
#1593 = ORIENTED_EDGE('',*,*,#1550,.T.);
#1594 = ORIENTED_EDGE('',*,*,#727,.F.);
#1595 = ORIENTED_EDGE('',*,*,#1596,.F.);
#1596 = EDGE_CURVE('',#1587,#728,#1597,.T.);
#1597 = B_SPLINE_CURVE_WITH_KNOTS('',1,(#1598,#1599),.UNSPECIFIED.,.F.,
  .F.,(2,2),(0.,1.),.PIECEWISE_BEZIER_KNOTS.);
#1598 = CARTESIAN_POINT('',(-2.159,-38.1,23.241));
#1599 = CARTESIAN_POINT('',(-9.564889778147,1.062E-14,15.835110221853));
#1600 = B_SPLINE_SURFACE_WITH_KNOTS('',1,1,(
    (#1601,#1602)
    ,(#1603,#1604
    )),.UNSPECIFIED.,.F.,.F.,.F.,(2,2),(2,2),(0.,21.082),(0.,1.),
  .PIECEWISE_BEZIER_KNOTS.);
#1601 = CARTESIAN_POINT('',(-2.159,-38.1,23.241));
#1602 = CARTESIAN_POINT('',(-9.564889778147,1.062E-14,15.835110221853));
#1603 = CARTESIAN_POINT('',(-2.159,-38.1,2.159));
#1604 = CARTESIAN_POINT('',(-9.564889778147,9.23E-15,9.564889778147));
#1605 = ADVANCED_FACE('',(#1606),#1622,.F.);
#1606 = FACE_BOUND('',#1607,.F.);
#1607 = EDGE_LOOP('',(#1608,#1609,#1616,#1621));
#1608 = ORIENTED_EDGE('',*,*,#1572,.F.);
#1609 = ORIENTED_EDGE('',*,*,#1610,.T.);
#1610 = EDGE_CURVE('',#1566,#1611,#1613,.T.);
#1611 = VERTEX_POINT('',#1612);
#1612 = CARTESIAN_POINT('',(-19.05,-16.53917411906,19.05));
#1613 = B_SPLINE_CURVE_WITH_KNOTS('',1,(#1614,#1615),.UNSPECIFIED.,.F.,
  .F.,(2,2),(0.,1.),.PIECEWISE_BEZIER_KNOTS.);
#1614 = CARTESIAN_POINT('',(-19.05,-16.53917411906,6.35));
#1615 = CARTESIAN_POINT('',(-19.05,-16.53917411906,19.05));
#1616 = ORIENTED_EDGE('',*,*,#1617,.T.);
#1617 = EDGE_CURVE('',#1611,#736,#1618,.T.);
#1618 = B_SPLINE_CURVE_WITH_KNOTS('',1,(#1619,#1620),.UNSPECIFIED.,.F.,
  .F.,(2,2),(0.,1.),.PIECEWISE_BEZIER_KNOTS.);
#1619 = CARTESIAN_POINT('',(-23.241,-38.1,23.241));
#1620 = CARTESIAN_POINT('',(-15.83511022185,1.062E-14,15.835110221853));
#1621 = ORIENTED_EDGE('',*,*,#743,.F.);
#1622 = B_SPLINE_SURFACE_WITH_KNOTS('',1,1,(
    (#1623,#1624)
    ,(#1625,#1626
    )),.UNSPECIFIED.,.F.,.F.,.F.,(2,2),(2,2),(0.,21.082),(0.,1.),
  .PIECEWISE_BEZIER_KNOTS.);
#1623 = CARTESIAN_POINT('',(-23.241,-38.1,2.159));
#1624 = CARTESIAN_POINT('',(-15.83511022185,9.23E-15,9.564889778147));
#1625 = CARTESIAN_POINT('',(-23.241,-38.1,23.241));
#1626 = CARTESIAN_POINT('',(-15.83511022185,1.062E-14,15.835110221853));
#1627 = ADVANCED_FACE('',(#1628),#1642,.T.);
#1628 = FACE_BOUND('',#1629,.T.);
#1629 = EDGE_LOOP('',(#1630,#1635,#1636,#1641));
#1630 = ORIENTED_EDGE('',*,*,#1631,.F.);
#1631 = EDGE_CURVE('',#1566,#694,#1632,.T.);
#1632 = B_SPLINE_CURVE_WITH_KNOTS('',1,(#1633,#1634),.UNSPECIFIED.,.F.,
  .F.,(2,2),(0.,1.),.PIECEWISE_BEZIER_KNOTS.);
#1633 = CARTESIAN_POINT('',(-14.859,-38.1,2.159));
#1634 = CARTESIAN_POINT('',(-22.26488977814,8.87E-15,9.564889778147));
#1635 = ORIENTED_EDGE('',*,*,#1610,.T.);
#1636 = ORIENTED_EDGE('',*,*,#1637,.T.);
#1637 = EDGE_CURVE('',#1611,#702,#1638,.T.);
#1638 = B_SPLINE_CURVE_WITH_KNOTS('',1,(#1639,#1640),.UNSPECIFIED.,.F.,
  .F.,(2,2),(0.,1.),.PIECEWISE_BEZIER_KNOTS.);
#1639 = CARTESIAN_POINT('',(-14.859,-38.1,23.241));
#1640 = CARTESIAN_POINT('',(-22.26488977814,1.026E-14,15.835110221853));
#1641 = ORIENTED_EDGE('',*,*,#701,.F.);
#1642 = B_SPLINE_SURFACE_WITH_KNOTS('',1,1,(
    (#1643,#1644)
    ,(#1645,#1646
    )),.UNSPECIFIED.,.F.,.F.,.F.,(2,2),(2,2),(0.,21.082),(0.,1.),
  .PIECEWISE_BEZIER_KNOTS.);
#1643 = CARTESIAN_POINT('',(-14.859,-38.1,2.159));
#1644 = CARTESIAN_POINT('',(-22.26488977814,8.87E-15,9.564889778147));
#1645 = CARTESIAN_POINT('',(-14.859,-38.1,23.241));
#1646 = CARTESIAN_POINT('',(-22.26488977814,1.026E-14,15.835110221853));
#1647 = ADVANCED_FACE('',(#1648),#1666,.F.);
#1648 = FACE_BOUND('',#1649,.F.);
#1649 = EDGE_LOOP('',(#1650,#1657,#1663,#1664,#1665));
#1650 = ORIENTED_EDGE('',*,*,#1651,.F.);
#1651 = EDGE_CURVE('',#1652,#1611,#1654,.T.);
#1652 = VERTEX_POINT('',#1653);
#1653 = CARTESIAN_POINT('',(-14.859,-38.1,23.241));
#1654 = B_SPLINE_CURVE_WITH_KNOTS('',1,(#1655,#1656),.UNSPECIFIED.,.F.,
  .F.,(2,2),(0.,1.),.PIECEWISE_BEZIER_KNOTS.);
#1655 = CARTESIAN_POINT('',(-14.859,-38.1,23.241));
#1656 = CARTESIAN_POINT('',(-22.26488977814,1.026E-14,15.835110221853));
#1657 = ORIENTED_EDGE('',*,*,#1658,.T.);
#1658 = EDGE_CURVE('',#1652,#1587,#1659,.T.);
#1659 = LINE('',#1660,#1661);
#1660 = CARTESIAN_POINT('',(-23.241,-38.1,23.241));
#1661 = VECTOR('',#1662,1.);
#1662 = DIRECTION('',(1.,0.,0.));
#1663 = ORIENTED_EDGE('',*,*,#1596,.T.);
#1664 = ORIENTED_EDGE('',*,*,#735,.F.);
#1665 = ORIENTED_EDGE('',*,*,#1617,.F.);
#1666 = B_SPLINE_SURFACE_WITH_KNOTS('',1,1,(
    (#1667,#1668)
    ,(#1669,#1670
    )),.UNSPECIFIED.,.F.,.F.,.F.,(2,2),(2,2),(0.,21.082),(0.,1.),
  .PIECEWISE_BEZIER_KNOTS.);
#1667 = CARTESIAN_POINT('',(-23.241,-38.1,23.241));
#1668 = CARTESIAN_POINT('',(-15.83511022185,1.062E-14,15.835110221853));
#1669 = CARTESIAN_POINT('',(-2.159,-38.1,23.241));
#1670 = CARTESIAN_POINT('',(-9.564889778147,1.062E-14,15.835110221853));
#1671 = ADVANCED_FACE('',(#1672),#1695,.T.);
#1672 = FACE_BOUND('',#1673,.T.);
#1673 = EDGE_LOOP('',(#1674,#1684,#1689,#1690));
#1674 = ORIENTED_EDGE('',*,*,#1675,.T.);
#1675 = EDGE_CURVE('',#1676,#1678,#1680,.T.);
#1676 = VERTEX_POINT('',#1677);
#1677 = CARTESIAN_POINT('',(2.159,-38.1,23.241));
#1678 = VERTEX_POINT('',#1679);
#1679 = CARTESIAN_POINT('',(2.159,-38.1,2.159));
#1680 = LINE('',#1681,#1682);
#1681 = CARTESIAN_POINT('',(2.159,-38.1,23.241));
#1682 = VECTOR('',#1683,1.);
#1683 = DIRECTION('',(0.,0.,-1.));
#1684 = ORIENTED_EDGE('',*,*,#1685,.T.);
#1685 = EDGE_CURVE('',#1678,#754,#1686,.T.);
#1686 = B_SPLINE_CURVE_WITH_KNOTS('',1,(#1687,#1688),.UNSPECIFIED.,.F.,
  .F.,(2,2),(0.,1.),.PIECEWISE_BEZIER_KNOTS.);
#1687 = CARTESIAN_POINT('',(2.159,-38.1,2.159));
#1688 = CARTESIAN_POINT('',(9.564889778147,8.87E-15,9.564889778147));
#1689 = ORIENTED_EDGE('',*,*,#751,.F.);
#1690 = ORIENTED_EDGE('',*,*,#1691,.F.);
#1691 = EDGE_CURVE('',#1676,#752,#1692,.T.);
#1692 = B_SPLINE_CURVE_WITH_KNOTS('',1,(#1693,#1694),.UNSPECIFIED.,.F.,
  .F.,(2,2),(0.,1.),.PIECEWISE_BEZIER_KNOTS.);
#1693 = CARTESIAN_POINT('',(2.159,-38.1,23.241));
#1694 = CARTESIAN_POINT('',(9.564889778147,1.026E-14,15.835110221853));
#1695 = B_SPLINE_SURFACE_WITH_KNOTS('',1,1,(
    (#1696,#1697)
    ,(#1698,#1699
    )),.UNSPECIFIED.,.F.,.F.,.F.,(2,2),(2,2),(0.,21.082),(0.,1.),
  .PIECEWISE_BEZIER_KNOTS.);
#1696 = CARTESIAN_POINT('',(2.159,-38.1,23.241));
#1697 = CARTESIAN_POINT('',(9.564889778147,1.026E-14,15.835110221853));
#1698 = CARTESIAN_POINT('',(2.159,-38.1,2.159));
#1699 = CARTESIAN_POINT('',(9.564889778147,8.87E-15,9.564889778147));
#1700 = ADVANCED_FACE('',(#1701),#1725,.T.);
#1701 = FACE_BOUND('',#1702,.T.);
#1702 = EDGE_LOOP('',(#1703,#1712,#1718,#1719,#1720));
#1703 = ORIENTED_EDGE('',*,*,#1704,.F.);
#1704 = EDGE_CURVE('',#1705,#1707,#1709,.T.);
#1705 = VERTEX_POINT('',#1706);
#1706 = CARTESIAN_POINT('',(14.859,-38.1,23.241));
#1707 = VERTEX_POINT('',#1708);
#1708 = CARTESIAN_POINT('',(19.05,-16.53917411906,19.05));
#1709 = B_SPLINE_CURVE_WITH_KNOTS('',1,(#1710,#1711),.UNSPECIFIED.,.F.,
  .F.,(2,2),(0.,1.),.PIECEWISE_BEZIER_KNOTS.);
#1710 = CARTESIAN_POINT('',(14.859,-38.1,23.241));
#1711 = CARTESIAN_POINT('',(22.264889778147,1.062E-14,15.835110221853));
#1712 = ORIENTED_EDGE('',*,*,#1713,.T.);
#1713 = EDGE_CURVE('',#1705,#1676,#1714,.T.);
#1714 = LINE('',#1715,#1716);
#1715 = CARTESIAN_POINT('',(23.241,-38.1,23.241));
#1716 = VECTOR('',#1717,1.);
#1717 = DIRECTION('',(-1.,0.,0.));
#1718 = ORIENTED_EDGE('',*,*,#1691,.T.);
#1719 = ORIENTED_EDGE('',*,*,#777,.F.);
#1720 = ORIENTED_EDGE('',*,*,#1721,.F.);
#1721 = EDGE_CURVE('',#1707,#770,#1722,.T.);
#1722 = B_SPLINE_CURVE_WITH_KNOTS('',1,(#1723,#1724),.UNSPECIFIED.,.F.,
  .F.,(2,2),(0.,1.),.PIECEWISE_BEZIER_KNOTS.);
#1723 = CARTESIAN_POINT('',(23.241,-38.1,23.241));
#1724 = CARTESIAN_POINT('',(15.835110221853,1.026E-14,15.835110221853));
#1725 = B_SPLINE_SURFACE_WITH_KNOTS('',1,1,(
    (#1726,#1727)
    ,(#1728,#1729
    )),.UNSPECIFIED.,.F.,.F.,.F.,(2,2),(2,2),(0.,21.082),(0.,1.),
  .PIECEWISE_BEZIER_KNOTS.);
#1726 = CARTESIAN_POINT('',(23.241,-38.1,23.241));
#1727 = CARTESIAN_POINT('',(15.835110221853,1.026E-14,15.835110221853));
#1728 = CARTESIAN_POINT('',(2.159,-38.1,23.241));
#1729 = CARTESIAN_POINT('',(9.564889778147,1.026E-14,15.835110221853));
#1730 = ADVANCED_FACE('',(#1731),#1755,.T.);
#1731 = FACE_BOUND('',#1732,.T.);
#1732 = EDGE_LOOP('',(#1733,#1734,#1742,#1749,#1754));
#1733 = ORIENTED_EDGE('',*,*,#1685,.F.);
#1734 = ORIENTED_EDGE('',*,*,#1735,.T.);
#1735 = EDGE_CURVE('',#1678,#1736,#1738,.T.);
#1736 = VERTEX_POINT('',#1737);
#1737 = CARTESIAN_POINT('',(14.859,-38.1,2.159));
#1738 = LINE('',#1739,#1740);
#1739 = CARTESIAN_POINT('',(2.159,-38.1,2.159));
#1740 = VECTOR('',#1741,1.);
#1741 = DIRECTION('',(1.,0.,0.));
#1742 = ORIENTED_EDGE('',*,*,#1743,.T.);
#1743 = EDGE_CURVE('',#1736,#1744,#1746,.T.);
#1744 = VERTEX_POINT('',#1745);
#1745 = CARTESIAN_POINT('',(19.05,-16.53917411906,6.35));
#1746 = B_SPLINE_CURVE_WITH_KNOTS('',1,(#1747,#1748),.UNSPECIFIED.,.F.,
  .F.,(2,2),(0.,1.),.PIECEWISE_BEZIER_KNOTS.);
#1747 = CARTESIAN_POINT('',(14.859,-38.1,2.159));
#1748 = CARTESIAN_POINT('',(22.264889778147,9.23E-15,9.564889778147));
#1749 = ORIENTED_EDGE('',*,*,#1750,.T.);
#1750 = EDGE_CURVE('',#1744,#762,#1751,.T.);
#1751 = B_SPLINE_CURVE_WITH_KNOTS('',1,(#1752,#1753),.UNSPECIFIED.,.F.,
  .F.,(2,2),(0.,1.),.PIECEWISE_BEZIER_KNOTS.);
#1752 = CARTESIAN_POINT('',(23.241,-38.1,2.159));
#1753 = CARTESIAN_POINT('',(15.835110221853,8.87E-15,9.564889778147));
#1754 = ORIENTED_EDGE('',*,*,#761,.F.);
#1755 = B_SPLINE_SURFACE_WITH_KNOTS('',1,1,(
    (#1756,#1757)
    ,(#1758,#1759
    )),.UNSPECIFIED.,.F.,.F.,.F.,(2,2),(2,2),(0.,21.082),(0.,1.),
  .PIECEWISE_BEZIER_KNOTS.);
#1756 = CARTESIAN_POINT('',(2.159,-38.1,2.159));
#1757 = CARTESIAN_POINT('',(9.564889778147,8.87E-15,9.564889778147));
#1758 = CARTESIAN_POINT('',(23.241,-38.1,2.159));
#1759 = CARTESIAN_POINT('',(15.835110221853,8.87E-15,9.564889778147));
#1760 = ADVANCED_FACE('',(#1761),#1771,.T.);
#1761 = FACE_BOUND('',#1762,.T.);
#1762 = EDGE_LOOP('',(#1763,#1764,#1769,#1770));
#1763 = ORIENTED_EDGE('',*,*,#1750,.F.);
#1764 = ORIENTED_EDGE('',*,*,#1765,.F.);
#1765 = EDGE_CURVE('',#1707,#1744,#1766,.T.);
#1766 = B_SPLINE_CURVE_WITH_KNOTS('',1,(#1767,#1768),.UNSPECIFIED.,.F.,
  .F.,(2,2),(0.,1.),.PIECEWISE_BEZIER_KNOTS.);
#1767 = CARTESIAN_POINT('',(19.05,-16.53917411906,19.05));
#1768 = CARTESIAN_POINT('',(19.05,-16.53917411906,6.35));
#1769 = ORIENTED_EDGE('',*,*,#1721,.T.);
#1770 = ORIENTED_EDGE('',*,*,#769,.F.);
#1771 = B_SPLINE_SURFACE_WITH_KNOTS('',1,1,(
    (#1772,#1773)
    ,(#1774,#1775
    )),.UNSPECIFIED.,.F.,.F.,.F.,(2,2),(2,2),(0.,21.082),(0.,1.),
  .PIECEWISE_BEZIER_KNOTS.);
#1772 = CARTESIAN_POINT('',(23.241,-38.1,2.159));
#1773 = CARTESIAN_POINT('',(15.835110221853,8.87E-15,9.564889778147));
#1774 = CARTESIAN_POINT('',(23.241,-38.1,23.241));
#1775 = CARTESIAN_POINT('',(15.835110221853,1.026E-14,15.835110221853));
#1776 = ADVANCED_FACE('',(#1777),#1791,.F.);
#1777 = FACE_BOUND('',#1778,.F.);
#1778 = EDGE_LOOP('',(#1779,#1784,#1785,#1790));
#1779 = ORIENTED_EDGE('',*,*,#1780,.F.);
#1780 = EDGE_CURVE('',#1744,#788,#1781,.T.);
#1781 = B_SPLINE_CURVE_WITH_KNOTS('',1,(#1782,#1783),.UNSPECIFIED.,.F.,
  .F.,(2,2),(0.,1.),.PIECEWISE_BEZIER_KNOTS.);
#1782 = CARTESIAN_POINT('',(14.859,-38.1,2.159));
#1783 = CARTESIAN_POINT('',(22.264889778147,9.23E-15,9.564889778147));
#1784 = ORIENTED_EDGE('',*,*,#1765,.F.);
#1785 = ORIENTED_EDGE('',*,*,#1786,.T.);
#1786 = EDGE_CURVE('',#1707,#804,#1787,.T.);
#1787 = B_SPLINE_CURVE_WITH_KNOTS('',1,(#1788,#1789),.UNSPECIFIED.,.F.,
  .F.,(2,2),(0.,1.),.PIECEWISE_BEZIER_KNOTS.);
#1788 = CARTESIAN_POINT('',(14.859,-38.1,23.241));
#1789 = CARTESIAN_POINT('',(22.264889778147,1.062E-14,15.835110221853));
#1790 = ORIENTED_EDGE('',*,*,#811,.F.);
#1791 = B_SPLINE_SURFACE_WITH_KNOTS('',1,1,(
    (#1792,#1793)
    ,(#1794,#1795
    )),.UNSPECIFIED.,.F.,.F.,.F.,(2,2),(2,2),(0.,21.082),(0.,1.),
  .PIECEWISE_BEZIER_KNOTS.);
#1792 = CARTESIAN_POINT('',(14.859,-38.1,2.159));
#1793 = CARTESIAN_POINT('',(22.264889778147,9.23E-15,9.564889778147));
#1794 = CARTESIAN_POINT('',(14.859,-38.1,23.241));
#1795 = CARTESIAN_POINT('',(22.264889778147,1.062E-14,15.835110221853));
#1796 = ADVANCED_FACE('',(#1797),#1820,.F.);
#1797 = FACE_BOUND('',#1798,.F.);
#1798 = EDGE_LOOP('',(#1799,#1809,#1814,#1815));
#1799 = ORIENTED_EDGE('',*,*,#1800,.T.);
#1800 = EDGE_CURVE('',#1801,#1803,#1805,.T.);
#1801 = VERTEX_POINT('',#1802);
#1802 = CARTESIAN_POINT('',(35.941,-38.1,23.241));
#1803 = VERTEX_POINT('',#1804);
#1804 = CARTESIAN_POINT('',(35.941,-38.1,2.159));
#1805 = LINE('',#1806,#1807);
#1806 = CARTESIAN_POINT('',(35.941,-38.1,23.241));
#1807 = VECTOR('',#1808,1.);
#1808 = DIRECTION('',(-0.,0.,-1.));
#1809 = ORIENTED_EDGE('',*,*,#1810,.T.);
#1810 = EDGE_CURVE('',#1803,#786,#1811,.T.);
#1811 = B_SPLINE_CURVE_WITH_KNOTS('',1,(#1812,#1813),.UNSPECIFIED.,.F.,
  .F.,(2,2),(0.,1.),.PIECEWISE_BEZIER_KNOTS.);
#1812 = CARTESIAN_POINT('',(35.941,-38.1,2.159));
#1813 = CARTESIAN_POINT('',(28.535110221853,9.23E-15,9.564889778147));
#1814 = ORIENTED_EDGE('',*,*,#795,.F.);
#1815 = ORIENTED_EDGE('',*,*,#1816,.F.);
#1816 = EDGE_CURVE('',#1801,#796,#1817,.T.);
#1817 = B_SPLINE_CURVE_WITH_KNOTS('',1,(#1818,#1819),.UNSPECIFIED.,.F.,
  .F.,(2,2),(0.,1.),.PIECEWISE_BEZIER_KNOTS.);
#1818 = CARTESIAN_POINT('',(35.941,-38.1,23.241));
#1819 = CARTESIAN_POINT('',(28.535110221853,1.062E-14,15.835110221853));
#1820 = B_SPLINE_SURFACE_WITH_KNOTS('',1,1,(
    (#1821,#1822)
    ,(#1823,#1824
    )),.UNSPECIFIED.,.F.,.F.,.F.,(2,2),(2,2),(0.,21.082),(0.,1.),
  .PIECEWISE_BEZIER_KNOTS.);
#1821 = CARTESIAN_POINT('',(35.941,-38.1,23.241));
#1822 = CARTESIAN_POINT('',(28.535110221853,1.062E-14,15.835110221853));
#1823 = CARTESIAN_POINT('',(35.941,-38.1,2.159));
#1824 = CARTESIAN_POINT('',(28.535110221853,9.23E-15,9.564889778147));
#1825 = ADVANCED_FACE('',(#1826),#1849,.T.);
#1826 = FACE_BOUND('',#1827,.T.);
#1827 = EDGE_LOOP('',(#1828,#1838,#1843,#1844));
#1828 = ORIENTED_EDGE('',*,*,#1829,.T.);
#1829 = EDGE_CURVE('',#1830,#1832,#1834,.T.);
#1830 = VERTEX_POINT('',#1831);
#1831 = CARTESIAN_POINT('',(-35.941,-38.1,-2.159));
#1832 = VERTEX_POINT('',#1833);
#1833 = CARTESIAN_POINT('',(-35.941,-38.1,-23.241));
#1834 = LINE('',#1835,#1836);
#1835 = CARTESIAN_POINT('',(-35.941,-38.1,-2.159));
#1836 = VECTOR('',#1837,1.);
#1837 = DIRECTION('',(0.,0.,-1.));
#1838 = ORIENTED_EDGE('',*,*,#1839,.T.);
#1839 = EDGE_CURVE('',#1832,#822,#1840,.T.);
#1840 = B_SPLINE_CURVE_WITH_KNOTS('',1,(#1841,#1842),.UNSPECIFIED.,.F.,
  .F.,(2,2),(0.,1.),.PIECEWISE_BEZIER_KNOTS.);
#1841 = CARTESIAN_POINT('',(-35.941,-38.1,-23.241));
#1842 = CARTESIAN_POINT('',(-28.53511022185,3.87E-15,-15.83511022185));
#1843 = ORIENTED_EDGE('',*,*,#819,.F.);
#1844 = ORIENTED_EDGE('',*,*,#1845,.F.);
#1845 = EDGE_CURVE('',#1830,#820,#1846,.T.);
#1846 = B_SPLINE_CURVE_WITH_KNOTS('',1,(#1847,#1848),.UNSPECIFIED.,.F.,
  .F.,(2,2),(0.,1.),.PIECEWISE_BEZIER_KNOTS.);
#1847 = CARTESIAN_POINT('',(-35.941,-38.1,-2.159));
#1848 = CARTESIAN_POINT('',(-28.53511022185,5.26E-15,-9.564889778147));
#1849 = B_SPLINE_SURFACE_WITH_KNOTS('',1,1,(
    (#1850,#1851)
    ,(#1852,#1853
    )),.UNSPECIFIED.,.F.,.F.,.F.,(2,2),(2,2),(0.,21.082),(0.,1.),
  .PIECEWISE_BEZIER_KNOTS.);
#1850 = CARTESIAN_POINT('',(-35.941,-38.1,-2.159));
#1851 = CARTESIAN_POINT('',(-28.53511022185,5.26E-15,-9.564889778147));
#1852 = CARTESIAN_POINT('',(-35.941,-38.1,-23.241));
#1853 = CARTESIAN_POINT('',(-28.53511022185,3.87E-15,-15.83511022185));
#1854 = ADVANCED_FACE('',(#1855),#1885,.F.);
#1855 = FACE_BOUND('',#1856,.F.);
#1856 = EDGE_LOOP('',(#1857,#1864,#1872,#1879,#1884));
#1857 = ORIENTED_EDGE('',*,*,#1858,.F.);
#1858 = EDGE_CURVE('',#1859,#854,#1861,.T.);
#1859 = VERTEX_POINT('',#1860);
#1860 = CARTESIAN_POINT('',(-2.159,-38.1,-23.241));
#1861 = B_SPLINE_CURVE_WITH_KNOTS('',1,(#1862,#1863),.UNSPECIFIED.,.F.,
  .F.,(2,2),(0.,1.),.PIECEWISE_BEZIER_KNOTS.);
#1862 = CARTESIAN_POINT('',(-2.159,-38.1,-23.241));
#1863 = CARTESIAN_POINT('',(-9.564889778147,3.59E-15,-15.83511022185));
#1864 = ORIENTED_EDGE('',*,*,#1865,.T.);
#1865 = EDGE_CURVE('',#1859,#1866,#1868,.T.);
#1866 = VERTEX_POINT('',#1867);
#1867 = CARTESIAN_POINT('',(-14.859,-38.1,-23.241));
#1868 = LINE('',#1869,#1870);
#1869 = CARTESIAN_POINT('',(-2.159,-38.1,-23.241));
#1870 = VECTOR('',#1871,1.);
#1871 = DIRECTION('',(-1.,0.,-0.));
#1872 = ORIENTED_EDGE('',*,*,#1873,.T.);
#1873 = EDGE_CURVE('',#1866,#1874,#1876,.T.);
#1874 = VERTEX_POINT('',#1875);
#1875 = CARTESIAN_POINT('',(-19.05,-16.53917411906,-19.05));
#1876 = B_SPLINE_CURVE_WITH_KNOTS('',1,(#1877,#1878),.UNSPECIFIED.,.F.,
  .F.,(2,2),(0.,1.),.PIECEWISE_BEZIER_KNOTS.);
#1877 = CARTESIAN_POINT('',(-14.859,-38.1,-23.241));
#1878 = CARTESIAN_POINT('',(-22.26488977814,3.87E-15,-15.83511022185));
#1879 = ORIENTED_EDGE('',*,*,#1880,.T.);
#1880 = EDGE_CURVE('',#1874,#856,#1881,.T.);
#1881 = B_SPLINE_CURVE_WITH_KNOTS('',1,(#1882,#1883),.UNSPECIFIED.,.F.,
  .F.,(2,2),(0.,1.),.PIECEWISE_BEZIER_KNOTS.);
#1882 = CARTESIAN_POINT('',(-23.241,-38.1,-23.241));
#1883 = CARTESIAN_POINT('',(-15.83511022185,3.59E-15,-15.83511022185));
#1884 = ORIENTED_EDGE('',*,*,#853,.F.);
#1885 = B_SPLINE_SURFACE_WITH_KNOTS('',1,1,(
    (#1886,#1887)
    ,(#1888,#1889
    )),.UNSPECIFIED.,.F.,.F.,.F.,(2,2),(2,2),(0.,21.082),(0.,1.),
  .PIECEWISE_BEZIER_KNOTS.);
#1886 = CARTESIAN_POINT('',(-2.159,-38.1,-23.241));
#1887 = CARTESIAN_POINT('',(-9.564889778147,3.59E-15,-15.83511022185));
#1888 = CARTESIAN_POINT('',(-23.241,-38.1,-23.241));
#1889 = CARTESIAN_POINT('',(-15.83511022185,3.59E-15,-15.83511022185));
#1890 = ADVANCED_FACE('',(#1891),#1908,.F.);
#1891 = FACE_BOUND('',#1892,.F.);
#1892 = EDGE_LOOP('',(#1893,#1901,#1902,#1903));
#1893 = ORIENTED_EDGE('',*,*,#1894,.T.);
#1894 = EDGE_CURVE('',#1895,#1859,#1897,.T.);
#1895 = VERTEX_POINT('',#1896);
#1896 = CARTESIAN_POINT('',(-2.159,-38.1,-2.159));
#1897 = LINE('',#1898,#1899);
#1898 = CARTESIAN_POINT('',(-2.159,-38.1,-2.159));
#1899 = VECTOR('',#1900,1.);
#1900 = DIRECTION('',(-0.,0.,-1.));
#1901 = ORIENTED_EDGE('',*,*,#1858,.T.);
#1902 = ORIENTED_EDGE('',*,*,#863,.F.);
#1903 = ORIENTED_EDGE('',*,*,#1904,.F.);
#1904 = EDGE_CURVE('',#1895,#864,#1905,.T.);
#1905 = B_SPLINE_CURVE_WITH_KNOTS('',1,(#1906,#1907),.UNSPECIFIED.,.F.,
  .F.,(2,2),(0.,1.),.PIECEWISE_BEZIER_KNOTS.);
#1906 = CARTESIAN_POINT('',(-2.159,-38.1,-2.159));
#1907 = CARTESIAN_POINT('',(-9.564889778147,4.98E-15,-9.564889778147));
#1908 = B_SPLINE_SURFACE_WITH_KNOTS('',1,1,(
    (#1909,#1910)
    ,(#1911,#1912
    )),.UNSPECIFIED.,.F.,.F.,.F.,(2,2),(2,2),(0.,21.082),(0.,1.),
  .PIECEWISE_BEZIER_KNOTS.);
#1909 = CARTESIAN_POINT('',(-2.159,-38.1,-2.159));
#1910 = CARTESIAN_POINT('',(-9.564889778147,4.98E-15,-9.564889778147));
#1911 = CARTESIAN_POINT('',(-2.159,-38.1,-23.241));
#1912 = CARTESIAN_POINT('',(-9.564889778147,3.59E-15,-15.83511022185));
#1913 = ADVANCED_FACE('',(#1914),#1930,.F.);
#1914 = FACE_BOUND('',#1915,.F.);
#1915 = EDGE_LOOP('',(#1916,#1917,#1924,#1929));
#1916 = ORIENTED_EDGE('',*,*,#1880,.F.);
#1917 = ORIENTED_EDGE('',*,*,#1918,.T.);
#1918 = EDGE_CURVE('',#1874,#1919,#1921,.T.);
#1919 = VERTEX_POINT('',#1920);
#1920 = CARTESIAN_POINT('',(-19.05,-16.53917411906,-6.35));
#1921 = B_SPLINE_CURVE_WITH_KNOTS('',1,(#1922,#1923),.UNSPECIFIED.,.F.,
  .F.,(2,2),(0.,1.),.PIECEWISE_BEZIER_KNOTS.);
#1922 = CARTESIAN_POINT('',(-19.05,-16.53917411906,-19.05));
#1923 = CARTESIAN_POINT('',(-19.05,-16.53917411906,-6.35));
#1924 = ORIENTED_EDGE('',*,*,#1925,.T.);
#1925 = EDGE_CURVE('',#1919,#872,#1926,.T.);
#1926 = B_SPLINE_CURVE_WITH_KNOTS('',1,(#1927,#1928),.UNSPECIFIED.,.F.,
  .F.,(2,2),(0.,1.),.PIECEWISE_BEZIER_KNOTS.);
#1927 = CARTESIAN_POINT('',(-23.241,-38.1,-2.159));
#1928 = CARTESIAN_POINT('',(-15.83511022185,4.98E-15,-9.564889778147));
#1929 = ORIENTED_EDGE('',*,*,#879,.F.);
#1930 = B_SPLINE_SURFACE_WITH_KNOTS('',1,1,(
    (#1931,#1932)
    ,(#1933,#1934
    )),.UNSPECIFIED.,.F.,.F.,.F.,(2,2),(2,2),(0.,21.082),(0.,1.),
  .PIECEWISE_BEZIER_KNOTS.);
#1931 = CARTESIAN_POINT('',(-23.241,-38.1,-23.241));
#1932 = CARTESIAN_POINT('',(-15.83511022185,3.59E-15,-15.83511022185));
#1933 = CARTESIAN_POINT('',(-23.241,-38.1,-2.159));
#1934 = CARTESIAN_POINT('',(-15.83511022185,4.98E-15,-9.564889778147));
#1935 = ADVANCED_FACE('',(#1936),#1950,.T.);
#1936 = FACE_BOUND('',#1937,.T.);
#1937 = EDGE_LOOP('',(#1938,#1943,#1944,#1949));
#1938 = ORIENTED_EDGE('',*,*,#1939,.F.);
#1939 = EDGE_CURVE('',#1874,#830,#1940,.T.);
#1940 = B_SPLINE_CURVE_WITH_KNOTS('',1,(#1941,#1942),.UNSPECIFIED.,.F.,
  .F.,(2,2),(0.,1.),.PIECEWISE_BEZIER_KNOTS.);
#1941 = CARTESIAN_POINT('',(-14.859,-38.1,-23.241));
#1942 = CARTESIAN_POINT('',(-22.26488977814,3.87E-15,-15.83511022185));
#1943 = ORIENTED_EDGE('',*,*,#1918,.T.);
#1944 = ORIENTED_EDGE('',*,*,#1945,.T.);
#1945 = EDGE_CURVE('',#1919,#838,#1946,.T.);
#1946 = B_SPLINE_CURVE_WITH_KNOTS('',1,(#1947,#1948),.UNSPECIFIED.,.F.,
  .F.,(2,2),(0.,1.),.PIECEWISE_BEZIER_KNOTS.);
#1947 = CARTESIAN_POINT('',(-14.859,-38.1,-2.159));
#1948 = CARTESIAN_POINT('',(-22.26488977814,5.26E-15,-9.564889778147));
#1949 = ORIENTED_EDGE('',*,*,#837,.F.);
#1950 = B_SPLINE_SURFACE_WITH_KNOTS('',1,1,(
    (#1951,#1952)
    ,(#1953,#1954
    )),.UNSPECIFIED.,.F.,.F.,.F.,(2,2),(2,2),(0.,21.082),(0.,1.),
  .PIECEWISE_BEZIER_KNOTS.);
#1951 = CARTESIAN_POINT('',(-14.859,-38.1,-23.241));
#1952 = CARTESIAN_POINT('',(-22.26488977814,3.87E-15,-15.83511022185));
#1953 = CARTESIAN_POINT('',(-14.859,-38.1,-2.159));
#1954 = CARTESIAN_POINT('',(-22.26488977814,5.26E-15,-9.564889778147));
#1955 = ADVANCED_FACE('',(#1956),#1974,.F.);
#1956 = FACE_BOUND('',#1957,.F.);
#1957 = EDGE_LOOP('',(#1958,#1965,#1971,#1972,#1973));
#1958 = ORIENTED_EDGE('',*,*,#1959,.F.);
#1959 = EDGE_CURVE('',#1960,#1919,#1962,.T.);
#1960 = VERTEX_POINT('',#1961);
#1961 = CARTESIAN_POINT('',(-14.859,-38.1,-2.159));
#1962 = B_SPLINE_CURVE_WITH_KNOTS('',1,(#1963,#1964),.UNSPECIFIED.,.F.,
  .F.,(2,2),(0.,1.),.PIECEWISE_BEZIER_KNOTS.);
#1963 = CARTESIAN_POINT('',(-14.859,-38.1,-2.159));
#1964 = CARTESIAN_POINT('',(-22.26488977814,5.26E-15,-9.564889778147));
#1965 = ORIENTED_EDGE('',*,*,#1966,.T.);
#1966 = EDGE_CURVE('',#1960,#1895,#1967,.T.);
#1967 = LINE('',#1968,#1969);
#1968 = CARTESIAN_POINT('',(-23.241,-38.1,-2.159));
#1969 = VECTOR('',#1970,1.);
#1970 = DIRECTION('',(1.,0.,0.));
#1971 = ORIENTED_EDGE('',*,*,#1904,.T.);
#1972 = ORIENTED_EDGE('',*,*,#871,.F.);
#1973 = ORIENTED_EDGE('',*,*,#1925,.F.);
#1974 = B_SPLINE_SURFACE_WITH_KNOTS('',1,1,(
    (#1975,#1976)
    ,(#1977,#1978
    )),.UNSPECIFIED.,.F.,.F.,.F.,(2,2),(2,2),(0.,21.082),(0.,1.),
  .PIECEWISE_BEZIER_KNOTS.);
#1975 = CARTESIAN_POINT('',(-23.241,-38.1,-2.159));
#1976 = CARTESIAN_POINT('',(-15.83511022185,4.98E-15,-9.564889778147));
#1977 = CARTESIAN_POINT('',(-2.159,-38.1,-2.159));
#1978 = CARTESIAN_POINT('',(-9.564889778147,4.98E-15,-9.564889778147));
#1979 = ADVANCED_FACE('',(#1980),#2003,.T.);
#1980 = FACE_BOUND('',#1981,.T.);
#1981 = EDGE_LOOP('',(#1982,#1992,#1997,#1998));
#1982 = ORIENTED_EDGE('',*,*,#1983,.T.);
#1983 = EDGE_CURVE('',#1984,#1986,#1988,.T.);
#1984 = VERTEX_POINT('',#1985);
#1985 = CARTESIAN_POINT('',(2.159,-38.1,-2.159));
#1986 = VERTEX_POINT('',#1987);
#1987 = CARTESIAN_POINT('',(2.159,-38.1,-23.241));
#1988 = LINE('',#1989,#1990);
#1989 = CARTESIAN_POINT('',(2.159,-38.1,-2.159));
#1990 = VECTOR('',#1991,1.);
#1991 = DIRECTION('',(0.,0.,-1.));
#1992 = ORIENTED_EDGE('',*,*,#1993,.T.);
#1993 = EDGE_CURVE('',#1986,#890,#1994,.T.);
#1994 = B_SPLINE_CURVE_WITH_KNOTS('',1,(#1995,#1996),.UNSPECIFIED.,.F.,
  .F.,(2,2),(0.,1.),.PIECEWISE_BEZIER_KNOTS.);
#1995 = CARTESIAN_POINT('',(2.159,-38.1,-23.241));
#1996 = CARTESIAN_POINT('',(9.564889778147,3.87E-15,-15.83511022185));
#1997 = ORIENTED_EDGE('',*,*,#887,.F.);
#1998 = ORIENTED_EDGE('',*,*,#1999,.F.);
#1999 = EDGE_CURVE('',#1984,#888,#2000,.T.);
#2000 = B_SPLINE_CURVE_WITH_KNOTS('',1,(#2001,#2002),.UNSPECIFIED.,.F.,
  .F.,(2,2),(0.,1.),.PIECEWISE_BEZIER_KNOTS.);
#2001 = CARTESIAN_POINT('',(2.159,-38.1,-2.159));
#2002 = CARTESIAN_POINT('',(9.564889778147,5.26E-15,-9.564889778147));
#2003 = B_SPLINE_SURFACE_WITH_KNOTS('',1,1,(
    (#2004,#2005)
    ,(#2006,#2007
    )),.UNSPECIFIED.,.F.,.F.,.F.,(2,2),(2,2),(0.,21.082),(0.,1.),
  .PIECEWISE_BEZIER_KNOTS.);
#2004 = CARTESIAN_POINT('',(2.159,-38.1,-2.159));
#2005 = CARTESIAN_POINT('',(9.564889778147,5.26E-15,-9.564889778147));
#2006 = CARTESIAN_POINT('',(2.159,-38.1,-23.241));
#2007 = CARTESIAN_POINT('',(9.564889778147,3.87E-15,-15.83511022185));
#2008 = ADVANCED_FACE('',(#2009),#2033,.T.);
#2009 = FACE_BOUND('',#2010,.T.);
#2010 = EDGE_LOOP('',(#2011,#2020,#2026,#2027,#2028));
#2011 = ORIENTED_EDGE('',*,*,#2012,.F.);
#2012 = EDGE_CURVE('',#2013,#2015,#2017,.T.);
#2013 = VERTEX_POINT('',#2014);
#2014 = CARTESIAN_POINT('',(14.859,-38.1,-2.159));
#2015 = VERTEX_POINT('',#2016);
#2016 = CARTESIAN_POINT('',(19.05,-16.53917411906,-6.35));
#2017 = B_SPLINE_CURVE_WITH_KNOTS('',1,(#2018,#2019),.UNSPECIFIED.,.F.,
  .F.,(2,2),(0.,1.),.PIECEWISE_BEZIER_KNOTS.);
#2018 = CARTESIAN_POINT('',(14.859,-38.1,-2.159));
#2019 = CARTESIAN_POINT('',(22.264889778147,4.98E-15,-9.564889778147));
#2020 = ORIENTED_EDGE('',*,*,#2021,.T.);
#2021 = EDGE_CURVE('',#2013,#1984,#2022,.T.);
#2022 = LINE('',#2023,#2024);
#2023 = CARTESIAN_POINT('',(23.241,-38.1,-2.159));
#2024 = VECTOR('',#2025,1.);
#2025 = DIRECTION('',(-1.,0.,0.));
#2026 = ORIENTED_EDGE('',*,*,#1999,.T.);
#2027 = ORIENTED_EDGE('',*,*,#913,.F.);
#2028 = ORIENTED_EDGE('',*,*,#2029,.F.);
#2029 = EDGE_CURVE('',#2015,#906,#2030,.T.);
#2030 = B_SPLINE_CURVE_WITH_KNOTS('',1,(#2031,#2032),.UNSPECIFIED.,.F.,
  .F.,(2,2),(0.,1.),.PIECEWISE_BEZIER_KNOTS.);
#2031 = CARTESIAN_POINT('',(23.241,-38.1,-2.159));
#2032 = CARTESIAN_POINT('',(15.835110221853,5.26E-15,-9.564889778147));
#2033 = B_SPLINE_SURFACE_WITH_KNOTS('',1,1,(
    (#2034,#2035)
    ,(#2036,#2037
    )),.UNSPECIFIED.,.F.,.F.,.F.,(2,2),(2,2),(0.,21.082),(0.,1.),
  .PIECEWISE_BEZIER_KNOTS.);
#2034 = CARTESIAN_POINT('',(23.241,-38.1,-2.159));
#2035 = CARTESIAN_POINT('',(15.835110221853,5.26E-15,-9.564889778147));
#2036 = CARTESIAN_POINT('',(2.159,-38.1,-2.159));
#2037 = CARTESIAN_POINT('',(9.564889778147,5.26E-15,-9.564889778147));
#2038 = ADVANCED_FACE('',(#2039),#2063,.T.);
#2039 = FACE_BOUND('',#2040,.T.);
#2040 = EDGE_LOOP('',(#2041,#2042,#2050,#2057,#2062));
#2041 = ORIENTED_EDGE('',*,*,#1993,.F.);
#2042 = ORIENTED_EDGE('',*,*,#2043,.T.);
#2043 = EDGE_CURVE('',#1986,#2044,#2046,.T.);
#2044 = VERTEX_POINT('',#2045);
#2045 = CARTESIAN_POINT('',(14.859,-38.1,-23.241));
#2046 = LINE('',#2047,#2048);
#2047 = CARTESIAN_POINT('',(2.159,-38.1,-23.241));
#2048 = VECTOR('',#2049,1.);
#2049 = DIRECTION('',(1.,0.,0.));
#2050 = ORIENTED_EDGE('',*,*,#2051,.T.);
#2051 = EDGE_CURVE('',#2044,#2052,#2054,.T.);
#2052 = VERTEX_POINT('',#2053);
#2053 = CARTESIAN_POINT('',(19.05,-16.53917411906,-19.05));
#2054 = B_SPLINE_CURVE_WITH_KNOTS('',1,(#2055,#2056),.UNSPECIFIED.,.F.,
  .F.,(2,2),(0.,1.),.PIECEWISE_BEZIER_KNOTS.);
#2055 = CARTESIAN_POINT('',(14.859,-38.1,-23.241));
#2056 = CARTESIAN_POINT('',(22.264889778147,3.59E-15,-15.83511022185));
#2057 = ORIENTED_EDGE('',*,*,#2058,.T.);
#2058 = EDGE_CURVE('',#2052,#898,#2059,.T.);
#2059 = B_SPLINE_CURVE_WITH_KNOTS('',1,(#2060,#2061),.UNSPECIFIED.,.F.,
  .F.,(2,2),(0.,1.),.PIECEWISE_BEZIER_KNOTS.);
#2060 = CARTESIAN_POINT('',(23.241,-38.1,-23.241));
#2061 = CARTESIAN_POINT('',(15.835110221853,3.87E-15,-15.83511022185));
#2062 = ORIENTED_EDGE('',*,*,#897,.F.);
#2063 = B_SPLINE_SURFACE_WITH_KNOTS('',1,1,(
    (#2064,#2065)
    ,(#2066,#2067
    )),.UNSPECIFIED.,.F.,.F.,.F.,(2,2),(2,2),(0.,21.082),(0.,1.),
  .PIECEWISE_BEZIER_KNOTS.);
#2064 = CARTESIAN_POINT('',(2.159,-38.1,-23.241));
#2065 = CARTESIAN_POINT('',(9.564889778147,3.87E-15,-15.83511022185));
#2066 = CARTESIAN_POINT('',(23.241,-38.1,-23.241));
#2067 = CARTESIAN_POINT('',(15.835110221853,3.87E-15,-15.83511022185));
#2068 = ADVANCED_FACE('',(#2069),#2079,.T.);
#2069 = FACE_BOUND('',#2070,.T.);
#2070 = EDGE_LOOP('',(#2071,#2072,#2077,#2078));
#2071 = ORIENTED_EDGE('',*,*,#2058,.F.);
#2072 = ORIENTED_EDGE('',*,*,#2073,.F.);
#2073 = EDGE_CURVE('',#2015,#2052,#2074,.T.);
#2074 = B_SPLINE_CURVE_WITH_KNOTS('',1,(#2075,#2076),.UNSPECIFIED.,.F.,
  .F.,(2,2),(0.,1.),.PIECEWISE_BEZIER_KNOTS.);
#2075 = CARTESIAN_POINT('',(19.05,-16.53917411906,-6.35));
#2076 = CARTESIAN_POINT('',(19.05,-16.53917411906,-19.05));
#2077 = ORIENTED_EDGE('',*,*,#2029,.T.);
#2078 = ORIENTED_EDGE('',*,*,#905,.F.);
#2079 = B_SPLINE_SURFACE_WITH_KNOTS('',1,1,(
    (#2080,#2081)
    ,(#2082,#2083
    )),.UNSPECIFIED.,.F.,.F.,.F.,(2,2),(2,2),(0.,21.082),(0.,1.),
  .PIECEWISE_BEZIER_KNOTS.);
#2080 = CARTESIAN_POINT('',(23.241,-38.1,-23.241));
#2081 = CARTESIAN_POINT('',(15.835110221853,3.87E-15,-15.83511022185));
#2082 = CARTESIAN_POINT('',(23.241,-38.1,-2.159));
#2083 = CARTESIAN_POINT('',(15.835110221853,5.26E-15,-9.564889778147));
#2084 = ADVANCED_FACE('',(#2085),#2099,.F.);
#2085 = FACE_BOUND('',#2086,.F.);
#2086 = EDGE_LOOP('',(#2087,#2092,#2093,#2098));
#2087 = ORIENTED_EDGE('',*,*,#2088,.F.);
#2088 = EDGE_CURVE('',#2052,#924,#2089,.T.);
#2089 = B_SPLINE_CURVE_WITH_KNOTS('',1,(#2090,#2091),.UNSPECIFIED.,.F.,
  .F.,(2,2),(0.,1.),.PIECEWISE_BEZIER_KNOTS.);
#2090 = CARTESIAN_POINT('',(14.859,-38.1,-23.241));
#2091 = CARTESIAN_POINT('',(22.264889778147,3.59E-15,-15.83511022185));
#2092 = ORIENTED_EDGE('',*,*,#2073,.F.);
#2093 = ORIENTED_EDGE('',*,*,#2094,.T.);
#2094 = EDGE_CURVE('',#2015,#940,#2095,.T.);
#2095 = B_SPLINE_CURVE_WITH_KNOTS('',1,(#2096,#2097),.UNSPECIFIED.,.F.,
  .F.,(2,2),(0.,1.),.PIECEWISE_BEZIER_KNOTS.);
#2096 = CARTESIAN_POINT('',(14.859,-38.1,-2.159));
#2097 = CARTESIAN_POINT('',(22.264889778147,4.98E-15,-9.564889778147));
#2098 = ORIENTED_EDGE('',*,*,#947,.F.);
#2099 = B_SPLINE_SURFACE_WITH_KNOTS('',1,1,(
    (#2100,#2101)
    ,(#2102,#2103
    )),.UNSPECIFIED.,.F.,.F.,.F.,(2,2),(2,2),(0.,21.082),(0.,1.),
  .PIECEWISE_BEZIER_KNOTS.);
#2100 = CARTESIAN_POINT('',(14.859,-38.1,-23.241));
#2101 = CARTESIAN_POINT('',(22.264889778147,3.59E-15,-15.83511022185));
#2102 = CARTESIAN_POINT('',(14.859,-38.1,-2.159));
#2103 = CARTESIAN_POINT('',(22.264889778147,4.98E-15,-9.564889778147));
#2104 = ADVANCED_FACE('',(#2105),#2128,.F.);
#2105 = FACE_BOUND('',#2106,.F.);
#2106 = EDGE_LOOP('',(#2107,#2117,#2122,#2123));
#2107 = ORIENTED_EDGE('',*,*,#2108,.T.);
#2108 = EDGE_CURVE('',#2109,#2111,#2113,.T.);
#2109 = VERTEX_POINT('',#2110);
#2110 = CARTESIAN_POINT('',(35.941,-38.1,-2.159));
#2111 = VERTEX_POINT('',#2112);
#2112 = CARTESIAN_POINT('',(35.941,-38.1,-23.241));
#2113 = LINE('',#2114,#2115);
#2114 = CARTESIAN_POINT('',(35.941,-38.1,-2.159));
#2115 = VECTOR('',#2116,1.);
#2116 = DIRECTION('',(-0.,0.,-1.));
#2117 = ORIENTED_EDGE('',*,*,#2118,.T.);
#2118 = EDGE_CURVE('',#2111,#922,#2119,.T.);
#2119 = B_SPLINE_CURVE_WITH_KNOTS('',1,(#2120,#2121),.UNSPECIFIED.,.F.,
  .F.,(2,2),(0.,1.),.PIECEWISE_BEZIER_KNOTS.);
#2120 = CARTESIAN_POINT('',(35.941,-38.1,-23.241));
#2121 = CARTESIAN_POINT('',(28.535110221853,3.59E-15,-15.83511022185));
#2122 = ORIENTED_EDGE('',*,*,#931,.F.);
#2123 = ORIENTED_EDGE('',*,*,#2124,.F.);
#2124 = EDGE_CURVE('',#2109,#932,#2125,.T.);
#2125 = B_SPLINE_CURVE_WITH_KNOTS('',1,(#2126,#2127),.UNSPECIFIED.,.F.,
  .F.,(2,2),(0.,1.),.PIECEWISE_BEZIER_KNOTS.);
#2126 = CARTESIAN_POINT('',(35.941,-38.1,-2.159));
#2127 = CARTESIAN_POINT('',(28.535110221853,4.98E-15,-9.564889778147));
#2128 = B_SPLINE_SURFACE_WITH_KNOTS('',1,1,(
    (#2129,#2130)
    ,(#2131,#2132
    )),.UNSPECIFIED.,.F.,.F.,.F.,(2,2),(2,2),(0.,21.082),(0.,1.),
  .PIECEWISE_BEZIER_KNOTS.);
#2129 = CARTESIAN_POINT('',(35.941,-38.1,-2.159));
#2130 = CARTESIAN_POINT('',(28.535110221853,4.98E-15,-9.564889778147));
#2131 = CARTESIAN_POINT('',(35.941,-38.1,-23.241));
#2132 = CARTESIAN_POINT('',(28.535110221853,3.59E-15,-15.83511022185));
#2133 = ADVANCED_FACE('',(#2134),#2157,.T.);
#2134 = FACE_BOUND('',#2135,.T.);
#2135 = EDGE_LOOP('',(#2136,#2146,#2151,#2152));
#2136 = ORIENTED_EDGE('',*,*,#2137,.T.);
#2137 = EDGE_CURVE('',#2138,#2140,#2142,.T.);
#2138 = VERTEX_POINT('',#2139);
#2139 = CARTESIAN_POINT('',(-35.941,-38.1,-27.559));
#2140 = VERTEX_POINT('',#2141);
#2141 = CARTESIAN_POINT('',(-35.941,-38.1,-48.641));
#2142 = LINE('',#2143,#2144);
#2143 = CARTESIAN_POINT('',(-35.941,-38.1,-27.559));
#2144 = VECTOR('',#2145,1.);
#2145 = DIRECTION('',(0.,0.,-1.));
#2146 = ORIENTED_EDGE('',*,*,#2147,.T.);
#2147 = EDGE_CURVE('',#2140,#958,#2148,.T.);
#2148 = B_SPLINE_CURVE_WITH_KNOTS('',1,(#2149,#2150),.UNSPECIFIED.,.F.,
  .F.,(2,2),(0.,1.),.PIECEWISE_BEZIER_KNOTS.);
#2149 = CARTESIAN_POINT('',(-35.941,-38.1,-48.641));
#2150 = CARTESIAN_POINT('',(-28.53511022185,-2.13E-15,-41.23511022185));
#2151 = ORIENTED_EDGE('',*,*,#955,.F.);
#2152 = ORIENTED_EDGE('',*,*,#2153,.F.);
#2153 = EDGE_CURVE('',#2138,#956,#2154,.T.);
#2154 = B_SPLINE_CURVE_WITH_KNOTS('',1,(#2155,#2156),.UNSPECIFIED.,.F.,
  .F.,(2,2),(0.,1.),.PIECEWISE_BEZIER_KNOTS.);
#2155 = CARTESIAN_POINT('',(-35.941,-38.1,-27.559));
#2156 = CARTESIAN_POINT('',(-28.53511022185,-7.4E-16,-34.96488977814));
#2157 = B_SPLINE_SURFACE_WITH_KNOTS('',1,1,(
    (#2158,#2159)
    ,(#2160,#2161
    )),.UNSPECIFIED.,.F.,.F.,.F.,(2,2),(2,2),(0.,21.082),(0.,1.),
  .PIECEWISE_BEZIER_KNOTS.);
#2158 = CARTESIAN_POINT('',(-35.941,-38.1,-27.559));
#2159 = CARTESIAN_POINT('',(-28.53511022185,-7.4E-16,-34.96488977814));
#2160 = CARTESIAN_POINT('',(-35.941,-38.1,-48.641));
#2161 = CARTESIAN_POINT('',(-28.53511022185,-2.13E-15,-41.23511022185));
#2162 = ADVANCED_FACE('',(#2163),#2193,.F.);
#2163 = FACE_BOUND('',#2164,.F.);
#2164 = EDGE_LOOP('',(#2165,#2172,#2180,#2187,#2192));
#2165 = ORIENTED_EDGE('',*,*,#2166,.F.);
#2166 = EDGE_CURVE('',#2167,#990,#2169,.T.);
#2167 = VERTEX_POINT('',#2168);
#2168 = CARTESIAN_POINT('',(-2.159,-38.1,-48.641));
#2169 = B_SPLINE_CURVE_WITH_KNOTS('',1,(#2170,#2171),.UNSPECIFIED.,.F.,
  .F.,(2,2),(0.,1.),.PIECEWISE_BEZIER_KNOTS.);
#2170 = CARTESIAN_POINT('',(-2.159,-38.1,-48.641));
#2171 = CARTESIAN_POINT('',(-9.564889778147,-2.05E-15,-41.23511022185));
#2172 = ORIENTED_EDGE('',*,*,#2173,.T.);
#2173 = EDGE_CURVE('',#2167,#2174,#2176,.T.);
#2174 = VERTEX_POINT('',#2175);
#2175 = CARTESIAN_POINT('',(-14.859,-38.1,-48.641));
#2176 = LINE('',#2177,#2178);
#2177 = CARTESIAN_POINT('',(-2.159,-38.1,-48.641));
#2178 = VECTOR('',#2179,1.);
#2179 = DIRECTION('',(-1.,0.,-0.));
#2180 = ORIENTED_EDGE('',*,*,#2181,.T.);
#2181 = EDGE_CURVE('',#2174,#2182,#2184,.T.);
#2182 = VERTEX_POINT('',#2183);
#2183 = CARTESIAN_POINT('',(-19.05,-16.53917411906,-44.45));
#2184 = B_SPLINE_CURVE_WITH_KNOTS('',1,(#2185,#2186),.UNSPECIFIED.,.F.,
  .F.,(2,2),(0.,1.),.PIECEWISE_BEZIER_KNOTS.);
#2185 = CARTESIAN_POINT('',(-14.859,-38.1,-48.641));
#2186 = CARTESIAN_POINT('',(-22.26488977814,-2.13E-15,-41.23511022185));
#2187 = ORIENTED_EDGE('',*,*,#2188,.T.);
#2188 = EDGE_CURVE('',#2182,#992,#2189,.T.);
#2189 = B_SPLINE_CURVE_WITH_KNOTS('',1,(#2190,#2191),.UNSPECIFIED.,.F.,
  .F.,(2,2),(0.,1.),.PIECEWISE_BEZIER_KNOTS.);
#2190 = CARTESIAN_POINT('',(-23.241,-38.1,-48.641));
#2191 = CARTESIAN_POINT('',(-15.83511022185,-2.05E-15,-41.23511022185));
#2192 = ORIENTED_EDGE('',*,*,#989,.F.);
#2193 = B_SPLINE_SURFACE_WITH_KNOTS('',1,1,(
    (#2194,#2195)
    ,(#2196,#2197
    )),.UNSPECIFIED.,.F.,.F.,.F.,(2,2),(2,2),(0.,21.082),(0.,1.),
  .PIECEWISE_BEZIER_KNOTS.);
#2194 = CARTESIAN_POINT('',(-2.159,-38.1,-48.641));
#2195 = CARTESIAN_POINT('',(-9.564889778147,-2.05E-15,-41.23511022185));
#2196 = CARTESIAN_POINT('',(-23.241,-38.1,-48.641));
#2197 = CARTESIAN_POINT('',(-15.83511022185,-2.05E-15,-41.23511022185));
#2198 = ADVANCED_FACE('',(#2199),#2216,.F.);
#2199 = FACE_BOUND('',#2200,.F.);
#2200 = EDGE_LOOP('',(#2201,#2209,#2210,#2211));
#2201 = ORIENTED_EDGE('',*,*,#2202,.T.);
#2202 = EDGE_CURVE('',#2203,#2167,#2205,.T.);
#2203 = VERTEX_POINT('',#2204);
#2204 = CARTESIAN_POINT('',(-2.159,-38.1,-27.559));
#2205 = LINE('',#2206,#2207);
#2206 = CARTESIAN_POINT('',(-2.159,-38.1,-27.559));
#2207 = VECTOR('',#2208,1.);
#2208 = DIRECTION('',(-0.,0.,-1.));
#2209 = ORIENTED_EDGE('',*,*,#2166,.T.);
#2210 = ORIENTED_EDGE('',*,*,#999,.F.);
#2211 = ORIENTED_EDGE('',*,*,#2212,.F.);
#2212 = EDGE_CURVE('',#2203,#1000,#2213,.T.);
#2213 = B_SPLINE_CURVE_WITH_KNOTS('',1,(#2214,#2215),.UNSPECIFIED.,.F.,
  .F.,(2,2),(0.,1.),.PIECEWISE_BEZIER_KNOTS.);
#2214 = CARTESIAN_POINT('',(-2.159,-38.1,-27.559));
#2215 = CARTESIAN_POINT('',(-9.564889778147,-6.6E-16,-34.96488977814));
#2216 = B_SPLINE_SURFACE_WITH_KNOTS('',1,1,(
    (#2217,#2218)
    ,(#2219,#2220
    )),.UNSPECIFIED.,.F.,.F.,.F.,(2,2),(2,2),(0.,21.082),(0.,1.),
  .PIECEWISE_BEZIER_KNOTS.);
#2217 = CARTESIAN_POINT('',(-2.159,-38.1,-27.559));
#2218 = CARTESIAN_POINT('',(-9.564889778147,-6.6E-16,-34.96488977814));
#2219 = CARTESIAN_POINT('',(-2.159,-38.1,-48.641));
#2220 = CARTESIAN_POINT('',(-9.564889778147,-2.05E-15,-41.23511022185));
#2221 = ADVANCED_FACE('',(#2222),#2238,.F.);
#2222 = FACE_BOUND('',#2223,.F.);
#2223 = EDGE_LOOP('',(#2224,#2225,#2232,#2237));
#2224 = ORIENTED_EDGE('',*,*,#2188,.F.);
#2225 = ORIENTED_EDGE('',*,*,#2226,.T.);
#2226 = EDGE_CURVE('',#2182,#2227,#2229,.T.);
#2227 = VERTEX_POINT('',#2228);
#2228 = CARTESIAN_POINT('',(-19.05,-16.53917411906,-31.75));
#2229 = B_SPLINE_CURVE_WITH_KNOTS('',1,(#2230,#2231),.UNSPECIFIED.,.F.,
  .F.,(2,2),(0.,1.),.PIECEWISE_BEZIER_KNOTS.);
#2230 = CARTESIAN_POINT('',(-19.05,-16.53917411906,-44.45));
#2231 = CARTESIAN_POINT('',(-19.05,-16.53917411906,-31.75));
#2232 = ORIENTED_EDGE('',*,*,#2233,.T.);
#2233 = EDGE_CURVE('',#2227,#1008,#2234,.T.);
#2234 = B_SPLINE_CURVE_WITH_KNOTS('',1,(#2235,#2236),.UNSPECIFIED.,.F.,
  .F.,(2,2),(0.,1.),.PIECEWISE_BEZIER_KNOTS.);
#2235 = CARTESIAN_POINT('',(-23.241,-38.1,-27.559));
#2236 = CARTESIAN_POINT('',(-15.83511022185,-6.6E-16,-34.96488977814));
#2237 = ORIENTED_EDGE('',*,*,#1015,.F.);
#2238 = B_SPLINE_SURFACE_WITH_KNOTS('',1,1,(
    (#2239,#2240)
    ,(#2241,#2242
    )),.UNSPECIFIED.,.F.,.F.,.F.,(2,2),(2,2),(0.,21.082),(0.,1.),
  .PIECEWISE_BEZIER_KNOTS.);
#2239 = CARTESIAN_POINT('',(-23.241,-38.1,-48.641));
#2240 = CARTESIAN_POINT('',(-15.83511022185,-2.05E-15,-41.23511022185));
#2241 = CARTESIAN_POINT('',(-23.241,-38.1,-27.559));
#2242 = CARTESIAN_POINT('',(-15.83511022185,-6.6E-16,-34.96488977814));
#2243 = ADVANCED_FACE('',(#2244),#2258,.T.);
#2244 = FACE_BOUND('',#2245,.T.);
#2245 = EDGE_LOOP('',(#2246,#2251,#2252,#2257));
#2246 = ORIENTED_EDGE('',*,*,#2247,.F.);
#2247 = EDGE_CURVE('',#2182,#966,#2248,.T.);
#2248 = B_SPLINE_CURVE_WITH_KNOTS('',1,(#2249,#2250),.UNSPECIFIED.,.F.,
  .F.,(2,2),(0.,1.),.PIECEWISE_BEZIER_KNOTS.);
#2249 = CARTESIAN_POINT('',(-14.859,-38.1,-48.641));
#2250 = CARTESIAN_POINT('',(-22.26488977814,-2.13E-15,-41.23511022185));
#2251 = ORIENTED_EDGE('',*,*,#2226,.T.);
#2252 = ORIENTED_EDGE('',*,*,#2253,.T.);
#2253 = EDGE_CURVE('',#2227,#974,#2254,.T.);
#2254 = B_SPLINE_CURVE_WITH_KNOTS('',1,(#2255,#2256),.UNSPECIFIED.,.F.,
  .F.,(2,2),(0.,1.),.PIECEWISE_BEZIER_KNOTS.);
#2255 = CARTESIAN_POINT('',(-14.859,-38.1,-27.559));
#2256 = CARTESIAN_POINT('',(-22.26488977814,-7.4E-16,-34.96488977814));
#2257 = ORIENTED_EDGE('',*,*,#973,.F.);
#2258 = B_SPLINE_SURFACE_WITH_KNOTS('',1,1,(
    (#2259,#2260)
    ,(#2261,#2262
    )),.UNSPECIFIED.,.F.,.F.,.F.,(2,2),(2,2),(0.,21.082),(0.,1.),
  .PIECEWISE_BEZIER_KNOTS.);
#2259 = CARTESIAN_POINT('',(-14.859,-38.1,-48.641));
#2260 = CARTESIAN_POINT('',(-22.26488977814,-2.13E-15,-41.23511022185));
#2261 = CARTESIAN_POINT('',(-14.859,-38.1,-27.559));
#2262 = CARTESIAN_POINT('',(-22.26488977814,-7.4E-16,-34.96488977814));
#2263 = ADVANCED_FACE('',(#2264),#2282,.F.);
#2264 = FACE_BOUND('',#2265,.F.);
#2265 = EDGE_LOOP('',(#2266,#2273,#2279,#2280,#2281));
#2266 = ORIENTED_EDGE('',*,*,#2267,.F.);
#2267 = EDGE_CURVE('',#2268,#2227,#2270,.T.);
#2268 = VERTEX_POINT('',#2269);
#2269 = CARTESIAN_POINT('',(-14.859,-38.1,-27.559));
#2270 = B_SPLINE_CURVE_WITH_KNOTS('',1,(#2271,#2272),.UNSPECIFIED.,.F.,
  .F.,(2,2),(0.,1.),.PIECEWISE_BEZIER_KNOTS.);
#2271 = CARTESIAN_POINT('',(-14.859,-38.1,-27.559));
#2272 = CARTESIAN_POINT('',(-22.26488977814,-7.4E-16,-34.96488977814));
#2273 = ORIENTED_EDGE('',*,*,#2274,.T.);
#2274 = EDGE_CURVE('',#2268,#2203,#2275,.T.);
#2275 = LINE('',#2276,#2277);
#2276 = CARTESIAN_POINT('',(-23.241,-38.1,-27.559));
#2277 = VECTOR('',#2278,1.);
#2278 = DIRECTION('',(1.,0.,0.));
#2279 = ORIENTED_EDGE('',*,*,#2212,.T.);
#2280 = ORIENTED_EDGE('',*,*,#1007,.F.);
#2281 = ORIENTED_EDGE('',*,*,#2233,.F.);
#2282 = B_SPLINE_SURFACE_WITH_KNOTS('',1,1,(
    (#2283,#2284)
    ,(#2285,#2286
    )),.UNSPECIFIED.,.F.,.F.,.F.,(2,2),(2,2),(0.,21.082),(0.,1.),
  .PIECEWISE_BEZIER_KNOTS.);
#2283 = CARTESIAN_POINT('',(-23.241,-38.1,-27.559));
#2284 = CARTESIAN_POINT('',(-15.83511022185,-6.6E-16,-34.96488977814));
#2285 = CARTESIAN_POINT('',(-2.159,-38.1,-27.559));
#2286 = CARTESIAN_POINT('',(-9.564889778147,-6.6E-16,-34.96488977814));
#2287 = ADVANCED_FACE('',(#2288),#2311,.T.);
#2288 = FACE_BOUND('',#2289,.T.);
#2289 = EDGE_LOOP('',(#2290,#2300,#2305,#2306));
#2290 = ORIENTED_EDGE('',*,*,#2291,.T.);
#2291 = EDGE_CURVE('',#2292,#2294,#2296,.T.);
#2292 = VERTEX_POINT('',#2293);
#2293 = CARTESIAN_POINT('',(2.159,-38.1,-27.559));
#2294 = VERTEX_POINT('',#2295);
#2295 = CARTESIAN_POINT('',(2.159,-38.1,-48.641));
#2296 = LINE('',#2297,#2298);
#2297 = CARTESIAN_POINT('',(2.159,-38.1,-27.559));
#2298 = VECTOR('',#2299,1.);
#2299 = DIRECTION('',(0.,0.,-1.));
#2300 = ORIENTED_EDGE('',*,*,#2301,.T.);
#2301 = EDGE_CURVE('',#2294,#1026,#2302,.T.);
#2302 = B_SPLINE_CURVE_WITH_KNOTS('',1,(#2303,#2304),.UNSPECIFIED.,.F.,
  .F.,(2,2),(0.,1.),.PIECEWISE_BEZIER_KNOTS.);
#2303 = CARTESIAN_POINT('',(2.159,-38.1,-48.641));
#2304 = CARTESIAN_POINT('',(9.564889778147,-2.13E-15,-41.23511022185));
#2305 = ORIENTED_EDGE('',*,*,#1023,.F.);
#2306 = ORIENTED_EDGE('',*,*,#2307,.F.);
#2307 = EDGE_CURVE('',#2292,#1024,#2308,.T.);
#2308 = B_SPLINE_CURVE_WITH_KNOTS('',1,(#2309,#2310),.UNSPECIFIED.,.F.,
  .F.,(2,2),(0.,1.),.PIECEWISE_BEZIER_KNOTS.);
#2309 = CARTESIAN_POINT('',(2.159,-38.1,-27.559));
#2310 = CARTESIAN_POINT('',(9.564889778147,-7.4E-16,-34.96488977814));
#2311 = B_SPLINE_SURFACE_WITH_KNOTS('',1,1,(
    (#2312,#2313)
    ,(#2314,#2315
    )),.UNSPECIFIED.,.F.,.F.,.F.,(2,2),(2,2),(0.,21.082),(0.,1.),
  .PIECEWISE_BEZIER_KNOTS.);
#2312 = CARTESIAN_POINT('',(2.159,-38.1,-27.559));
#2313 = CARTESIAN_POINT('',(9.564889778147,-7.4E-16,-34.96488977814));
#2314 = CARTESIAN_POINT('',(2.159,-38.1,-48.641));
#2315 = CARTESIAN_POINT('',(9.564889778147,-2.13E-15,-41.23511022185));
#2316 = ADVANCED_FACE('',(#2317),#2341,.T.);
#2317 = FACE_BOUND('',#2318,.T.);
#2318 = EDGE_LOOP('',(#2319,#2328,#2334,#2335,#2336));
#2319 = ORIENTED_EDGE('',*,*,#2320,.F.);
#2320 = EDGE_CURVE('',#2321,#2323,#2325,.T.);
#2321 = VERTEX_POINT('',#2322);
#2322 = CARTESIAN_POINT('',(14.859,-38.1,-27.559));
#2323 = VERTEX_POINT('',#2324);
#2324 = CARTESIAN_POINT('',(19.05,-16.53917411906,-31.75));
#2325 = B_SPLINE_CURVE_WITH_KNOTS('',1,(#2326,#2327),.UNSPECIFIED.,.F.,
  .F.,(2,2),(0.,1.),.PIECEWISE_BEZIER_KNOTS.);
#2326 = CARTESIAN_POINT('',(14.859,-38.1,-27.559));
#2327 = CARTESIAN_POINT('',(22.264889778147,-6.6E-16,-34.96488977814));
#2328 = ORIENTED_EDGE('',*,*,#2329,.T.);
#2329 = EDGE_CURVE('',#2321,#2292,#2330,.T.);
#2330 = LINE('',#2331,#2332);
#2331 = CARTESIAN_POINT('',(23.241,-38.1,-27.559));
#2332 = VECTOR('',#2333,1.);
#2333 = DIRECTION('',(-1.,0.,0.));
#2334 = ORIENTED_EDGE('',*,*,#2307,.T.);
#2335 = ORIENTED_EDGE('',*,*,#1049,.F.);
#2336 = ORIENTED_EDGE('',*,*,#2337,.F.);
#2337 = EDGE_CURVE('',#2323,#1042,#2338,.T.);
#2338 = B_SPLINE_CURVE_WITH_KNOTS('',1,(#2339,#2340),.UNSPECIFIED.,.F.,
  .F.,(2,2),(0.,1.),.PIECEWISE_BEZIER_KNOTS.);
#2339 = CARTESIAN_POINT('',(23.241,-38.1,-27.559));
#2340 = CARTESIAN_POINT('',(15.835110221853,-7.4E-16,-34.96488977814));
#2341 = B_SPLINE_SURFACE_WITH_KNOTS('',1,1,(
    (#2342,#2343)
    ,(#2344,#2345
    )),.UNSPECIFIED.,.F.,.F.,.F.,(2,2),(2,2),(0.,21.082),(0.,1.),
  .PIECEWISE_BEZIER_KNOTS.);
#2342 = CARTESIAN_POINT('',(23.241,-38.1,-27.559));
#2343 = CARTESIAN_POINT('',(15.835110221853,-7.4E-16,-34.96488977814));
#2344 = CARTESIAN_POINT('',(2.159,-38.1,-27.559));
#2345 = CARTESIAN_POINT('',(9.564889778147,-7.4E-16,-34.96488977814));
#2346 = ADVANCED_FACE('',(#2347),#2371,.T.);
#2347 = FACE_BOUND('',#2348,.T.);
#2348 = EDGE_LOOP('',(#2349,#2350,#2358,#2365,#2370));
#2349 = ORIENTED_EDGE('',*,*,#2301,.F.);
#2350 = ORIENTED_EDGE('',*,*,#2351,.T.);
#2351 = EDGE_CURVE('',#2294,#2352,#2354,.T.);
#2352 = VERTEX_POINT('',#2353);
#2353 = CARTESIAN_POINT('',(14.859,-38.1,-48.641));
#2354 = LINE('',#2355,#2356);
#2355 = CARTESIAN_POINT('',(2.159,-38.1,-48.641));
#2356 = VECTOR('',#2357,1.);
#2357 = DIRECTION('',(1.,0.,0.));
#2358 = ORIENTED_EDGE('',*,*,#2359,.T.);
#2359 = EDGE_CURVE('',#2352,#2360,#2362,.T.);
#2360 = VERTEX_POINT('',#2361);
#2361 = CARTESIAN_POINT('',(19.05,-16.53917411906,-44.45));
#2362 = B_SPLINE_CURVE_WITH_KNOTS('',1,(#2363,#2364),.UNSPECIFIED.,.F.,
  .F.,(2,2),(0.,1.),.PIECEWISE_BEZIER_KNOTS.);
#2363 = CARTESIAN_POINT('',(14.859,-38.1,-48.641));
#2364 = CARTESIAN_POINT('',(22.264889778147,-2.05E-15,-41.23511022185));
#2365 = ORIENTED_EDGE('',*,*,#2366,.T.);
#2366 = EDGE_CURVE('',#2360,#1034,#2367,.T.);
#2367 = B_SPLINE_CURVE_WITH_KNOTS('',1,(#2368,#2369),.UNSPECIFIED.,.F.,
  .F.,(2,2),(0.,1.),.PIECEWISE_BEZIER_KNOTS.);
#2368 = CARTESIAN_POINT('',(23.241,-38.1,-48.641));
#2369 = CARTESIAN_POINT('',(15.835110221853,-2.13E-15,-41.23511022185));
#2370 = ORIENTED_EDGE('',*,*,#1033,.F.);
#2371 = B_SPLINE_SURFACE_WITH_KNOTS('',1,1,(
    (#2372,#2373)
    ,(#2374,#2375
    )),.UNSPECIFIED.,.F.,.F.,.F.,(2,2),(2,2),(0.,21.082),(0.,1.),
  .PIECEWISE_BEZIER_KNOTS.);
#2372 = CARTESIAN_POINT('',(2.159,-38.1,-48.641));
#2373 = CARTESIAN_POINT('',(9.564889778147,-2.13E-15,-41.23511022185));
#2374 = CARTESIAN_POINT('',(23.241,-38.1,-48.641));
#2375 = CARTESIAN_POINT('',(15.835110221853,-2.13E-15,-41.23511022185));
#2376 = ADVANCED_FACE('',(#2377),#2387,.T.);
#2377 = FACE_BOUND('',#2378,.T.);
#2378 = EDGE_LOOP('',(#2379,#2380,#2385,#2386));
#2379 = ORIENTED_EDGE('',*,*,#2366,.F.);
#2380 = ORIENTED_EDGE('',*,*,#2381,.F.);
#2381 = EDGE_CURVE('',#2323,#2360,#2382,.T.);
#2382 = B_SPLINE_CURVE_WITH_KNOTS('',1,(#2383,#2384),.UNSPECIFIED.,.F.,
  .F.,(2,2),(0.,1.),.PIECEWISE_BEZIER_KNOTS.);
#2383 = CARTESIAN_POINT('',(19.05,-16.53917411906,-31.75));
#2384 = CARTESIAN_POINT('',(19.05,-16.53917411906,-44.45));
#2385 = ORIENTED_EDGE('',*,*,#2337,.T.);
#2386 = ORIENTED_EDGE('',*,*,#1041,.F.);
#2387 = B_SPLINE_SURFACE_WITH_KNOTS('',1,1,(
    (#2388,#2389)
    ,(#2390,#2391
    )),.UNSPECIFIED.,.F.,.F.,.F.,(2,2),(2,2),(0.,21.082),(0.,1.),
  .PIECEWISE_BEZIER_KNOTS.);
#2388 = CARTESIAN_POINT('',(23.241,-38.1,-48.641));
#2389 = CARTESIAN_POINT('',(15.835110221853,-2.13E-15,-41.23511022185));
#2390 = CARTESIAN_POINT('',(23.241,-38.1,-27.559));
#2391 = CARTESIAN_POINT('',(15.835110221853,-7.4E-16,-34.96488977814));
#2392 = ADVANCED_FACE('',(#2393),#2407,.F.);
#2393 = FACE_BOUND('',#2394,.F.);
#2394 = EDGE_LOOP('',(#2395,#2400,#2401,#2406));
#2395 = ORIENTED_EDGE('',*,*,#2396,.F.);
#2396 = EDGE_CURVE('',#2360,#1060,#2397,.T.);
#2397 = B_SPLINE_CURVE_WITH_KNOTS('',1,(#2398,#2399),.UNSPECIFIED.,.F.,
  .F.,(2,2),(0.,1.),.PIECEWISE_BEZIER_KNOTS.);
#2398 = CARTESIAN_POINT('',(14.859,-38.1,-48.641));
#2399 = CARTESIAN_POINT('',(22.264889778147,-2.05E-15,-41.23511022185));
#2400 = ORIENTED_EDGE('',*,*,#2381,.F.);
#2401 = ORIENTED_EDGE('',*,*,#2402,.T.);
#2402 = EDGE_CURVE('',#2323,#1076,#2403,.T.);
#2403 = B_SPLINE_CURVE_WITH_KNOTS('',1,(#2404,#2405),.UNSPECIFIED.,.F.,
  .F.,(2,2),(0.,1.),.PIECEWISE_BEZIER_KNOTS.);
#2404 = CARTESIAN_POINT('',(14.859,-38.1,-27.559));
#2405 = CARTESIAN_POINT('',(22.264889778147,-6.6E-16,-34.96488977814));
#2406 = ORIENTED_EDGE('',*,*,#1083,.F.);
#2407 = B_SPLINE_SURFACE_WITH_KNOTS('',1,1,(
    (#2408,#2409)
    ,(#2410,#2411
    )),.UNSPECIFIED.,.F.,.F.,.F.,(2,2),(2,2),(0.,21.082),(0.,1.),
  .PIECEWISE_BEZIER_KNOTS.);
#2408 = CARTESIAN_POINT('',(14.859,-38.1,-48.641));
#2409 = CARTESIAN_POINT('',(22.264889778147,-2.05E-15,-41.23511022185));
#2410 = CARTESIAN_POINT('',(14.859,-38.1,-27.559));
#2411 = CARTESIAN_POINT('',(22.264889778147,-6.6E-16,-34.96488977814));
#2412 = ADVANCED_FACE('',(#2413),#2436,.F.);
#2413 = FACE_BOUND('',#2414,.F.);
#2414 = EDGE_LOOP('',(#2415,#2425,#2430,#2431));
#2415 = ORIENTED_EDGE('',*,*,#2416,.T.);
#2416 = EDGE_CURVE('',#2417,#2419,#2421,.T.);
#2417 = VERTEX_POINT('',#2418);
#2418 = CARTESIAN_POINT('',(35.941,-38.1,-27.559));
#2419 = VERTEX_POINT('',#2420);
#2420 = CARTESIAN_POINT('',(35.941,-38.1,-48.641));
#2421 = LINE('',#2422,#2423);
#2422 = CARTESIAN_POINT('',(35.941,-38.1,-27.559));
#2423 = VECTOR('',#2424,1.);
#2424 = DIRECTION('',(-0.,0.,-1.));
#2425 = ORIENTED_EDGE('',*,*,#2426,.T.);
#2426 = EDGE_CURVE('',#2419,#1058,#2427,.T.);
#2427 = B_SPLINE_CURVE_WITH_KNOTS('',1,(#2428,#2429),.UNSPECIFIED.,.F.,
  .F.,(2,2),(0.,1.),.PIECEWISE_BEZIER_KNOTS.);
#2428 = CARTESIAN_POINT('',(35.941,-38.1,-48.641));
#2429 = CARTESIAN_POINT('',(28.535110221853,-2.05E-15,-41.23511022185));
#2430 = ORIENTED_EDGE('',*,*,#1067,.F.);
#2431 = ORIENTED_EDGE('',*,*,#2432,.F.);
#2432 = EDGE_CURVE('',#2417,#1068,#2433,.T.);
#2433 = B_SPLINE_CURVE_WITH_KNOTS('',1,(#2434,#2435),.UNSPECIFIED.,.F.,
  .F.,(2,2),(0.,1.),.PIECEWISE_BEZIER_KNOTS.);
#2434 = CARTESIAN_POINT('',(35.941,-38.1,-27.559));
#2435 = CARTESIAN_POINT('',(28.535110221853,-6.6E-16,-34.96488977814));
#2436 = B_SPLINE_SURFACE_WITH_KNOTS('',1,1,(
    (#2437,#2438)
    ,(#2439,#2440
    )),.UNSPECIFIED.,.F.,.F.,.F.,(2,2),(2,2),(0.,21.082),(0.,1.),
  .PIECEWISE_BEZIER_KNOTS.);
#2437 = CARTESIAN_POINT('',(35.941,-38.1,-27.559));
#2438 = CARTESIAN_POINT('',(28.535110221853,-6.6E-16,-34.96488977814));
#2439 = CARTESIAN_POINT('',(35.941,-38.1,-48.641));
#2440 = CARTESIAN_POINT('',(28.535110221853,-2.05E-15,-41.23511022185));
#2441 = ADVANCED_FACE('',(#2442),#2481,.F.);
#2442 = FACE_BOUND('',#2443,.F.);
#2443 = EDGE_LOOP('',(#2444,#2455,#2461,#2462,#2463,#2464,#2465,#2474));
#2444 = ORIENTED_EDGE('',*,*,#2445,.F.);
#2445 = EDGE_CURVE('',#2446,#2448,#2450,.T.);
#2446 = VERTEX_POINT('',#2447);
#2447 = CARTESIAN_POINT('',(-36.576,-38.1,-25.4));
#2448 = VERTEX_POINT('',#2449);
#2449 = CARTESIAN_POINT('',(-38.1,-38.1,-23.876));
#2450 = CIRCLE('',#2451,1.524);
#2451 = AXIS2_PLACEMENT_3D('',#2452,#2453,#2454);
#2452 = CARTESIAN_POINT('',(-38.1,-38.1,-25.4));
#2453 = DIRECTION('',(0.,-1.,0.));
#2454 = DIRECTION('',(1.,0.,0.));
#2455 = ORIENTED_EDGE('',*,*,#2456,.T.);
#2456 = EDGE_CURVE('',#2446,#1092,#2457,.T.);
#2457 = LINE('',#2458,#2459);
#2458 = CARTESIAN_POINT('',(-36.576,-38.1,-25.4));
#2459 = VECTOR('',#2460,1.);
#2460 = DIRECTION('',(0.,1.,-2.2E-16));
#2461 = ORIENTED_EDGE('',*,*,#1091,.T.);
#2462 = ORIENTED_EDGE('',*,*,#1102,.T.);
#2463 = ORIENTED_EDGE('',*,*,#1111,.T.);
#2464 = ORIENTED_EDGE('',*,*,#2456,.F.);
#2465 = ORIENTED_EDGE('',*,*,#2466,.F.);
#2466 = EDGE_CURVE('',#2467,#2446,#2469,.T.);
#2467 = VERTEX_POINT('',#2468);
#2468 = CARTESIAN_POINT('',(-38.1,-38.1,-26.924));
#2469 = CIRCLE('',#2470,1.524);
#2470 = AXIS2_PLACEMENT_3D('',#2471,#2472,#2473);
#2471 = CARTESIAN_POINT('',(-38.1,-38.1,-25.4));
#2472 = DIRECTION('',(0.,-1.,0.));
#2473 = DIRECTION('',(1.,0.,0.));
#2474 = ORIENTED_EDGE('',*,*,#2475,.F.);
#2475 = EDGE_CURVE('',#2448,#2467,#2476,.T.);
#2476 = CIRCLE('',#2477,1.524);
#2477 = AXIS2_PLACEMENT_3D('',#2478,#2479,#2480);
#2478 = CARTESIAN_POINT('',(-38.1,-38.1,-25.4));
#2479 = DIRECTION('',(0.,-1.,0.));
#2480 = DIRECTION('',(1.,0.,0.));
#2481 = CYLINDRICAL_SURFACE('',#2482,1.524);
#2482 = AXIS2_PLACEMENT_3D('',#2483,#2484,#2485);
#2483 = CARTESIAN_POINT('',(-38.1,-38.1,-25.4));
#2484 = DIRECTION('',(0.,-1.,2.2E-16));
#2485 = DIRECTION('',(1.,0.,0.));
#2486 = ADVANCED_FACE('',(#2487),#2526,.F.);
#2487 = FACE_BOUND('',#2488,.T.);
#2488 = EDGE_LOOP('',(#2489,#2500,#2506,#2507,#2508,#2509,#2510,#2519));
#2489 = ORIENTED_EDGE('',*,*,#2490,.F.);
#2490 = EDGE_CURVE('',#2491,#2493,#2495,.T.);
#2491 = VERTEX_POINT('',#2492);
#2492 = CARTESIAN_POINT('',(36.576,-38.1,25.4));
#2493 = VERTEX_POINT('',#2494);
#2494 = CARTESIAN_POINT('',(38.1,-38.1,26.924));
#2495 = CIRCLE('',#2496,1.524);
#2496 = AXIS2_PLACEMENT_3D('',#2497,#2498,#2499);
#2497 = CARTESIAN_POINT('',(38.1,-38.1,25.4));
#2498 = DIRECTION('',(0.,1.,-0.));
#2499 = DIRECTION('',(-1.,0.,-0.));
#2500 = ORIENTED_EDGE('',*,*,#2501,.T.);
#2501 = EDGE_CURVE('',#2491,#1121,#2502,.T.);
#2502 = LINE('',#2503,#2504);
#2503 = CARTESIAN_POINT('',(36.576,-38.1,25.4));
#2504 = VECTOR('',#2505,1.);
#2505 = DIRECTION('',(0.,1.,-2.2E-16));
#2506 = ORIENTED_EDGE('',*,*,#1140,.F.);
#2507 = ORIENTED_EDGE('',*,*,#1131,.F.);
#2508 = ORIENTED_EDGE('',*,*,#1120,.F.);
#2509 = ORIENTED_EDGE('',*,*,#2501,.F.);
#2510 = ORIENTED_EDGE('',*,*,#2511,.F.);
#2511 = EDGE_CURVE('',#2512,#2491,#2514,.T.);
#2512 = VERTEX_POINT('',#2513);
#2513 = CARTESIAN_POINT('',(38.1,-38.1,23.876));
#2514 = CIRCLE('',#2515,1.524);
#2515 = AXIS2_PLACEMENT_3D('',#2516,#2517,#2518);
#2516 = CARTESIAN_POINT('',(38.1,-38.1,25.4));
#2517 = DIRECTION('',(0.,1.,-0.));
#2518 = DIRECTION('',(-1.,0.,-0.));
#2519 = ORIENTED_EDGE('',*,*,#2520,.F.);
#2520 = EDGE_CURVE('',#2493,#2512,#2521,.T.);
#2521 = CIRCLE('',#2522,1.524);
#2522 = AXIS2_PLACEMENT_3D('',#2523,#2524,#2525);
#2523 = CARTESIAN_POINT('',(38.1,-38.1,25.4));
#2524 = DIRECTION('',(0.,1.,-0.));
#2525 = DIRECTION('',(-1.,0.,-0.));
#2526 = CYLINDRICAL_SURFACE('',#2527,1.524);
#2527 = AXIS2_PLACEMENT_3D('',#2528,#2529,#2530);
#2528 = CARTESIAN_POINT('',(38.1,-38.1,25.4));
#2529 = DIRECTION('',(0.,-1.,2.2E-16));
#2530 = DIRECTION('',(-1.,0.,0.));
#2531 = ADVANCED_FACE('',(#2532),#2571,.F.);
#2532 = FACE_BOUND('',#2533,.T.);
#2533 = EDGE_LOOP('',(#2534,#2545,#2551,#2552,#2553,#2554,#2555,#2564));
#2534 = ORIENTED_EDGE('',*,*,#2535,.F.);
#2535 = EDGE_CURVE('',#2536,#2538,#2540,.T.);
#2536 = VERTEX_POINT('',#2537);
#2537 = CARTESIAN_POINT('',(36.576,-38.1,-25.4));
#2538 = VERTEX_POINT('',#2539);
#2539 = CARTESIAN_POINT('',(38.1,-38.1,-23.876));
#2540 = CIRCLE('',#2541,1.524);
#2541 = AXIS2_PLACEMENT_3D('',#2542,#2543,#2544);
#2542 = CARTESIAN_POINT('',(38.1,-38.1,-25.4));
#2543 = DIRECTION('',(0.,1.,-0.));
#2544 = DIRECTION('',(-1.,0.,-0.));
#2545 = ORIENTED_EDGE('',*,*,#2546,.T.);
#2546 = EDGE_CURVE('',#2536,#1150,#2547,.T.);
#2547 = LINE('',#2548,#2549);
#2548 = CARTESIAN_POINT('',(36.576,-38.1,-25.4));
#2549 = VECTOR('',#2550,1.);
#2550 = DIRECTION('',(0.,1.,-2.2E-16));
#2551 = ORIENTED_EDGE('',*,*,#1169,.F.);
#2552 = ORIENTED_EDGE('',*,*,#1160,.F.);
#2553 = ORIENTED_EDGE('',*,*,#1149,.F.);
#2554 = ORIENTED_EDGE('',*,*,#2546,.F.);
#2555 = ORIENTED_EDGE('',*,*,#2556,.F.);
#2556 = EDGE_CURVE('',#2557,#2536,#2559,.T.);
#2557 = VERTEX_POINT('',#2558);
#2558 = CARTESIAN_POINT('',(38.1,-38.1,-26.924));
#2559 = CIRCLE('',#2560,1.524);
#2560 = AXIS2_PLACEMENT_3D('',#2561,#2562,#2563);
#2561 = CARTESIAN_POINT('',(38.1,-38.1,-25.4));
#2562 = DIRECTION('',(0.,1.,-0.));
#2563 = DIRECTION('',(-1.,0.,-0.));
#2564 = ORIENTED_EDGE('',*,*,#2565,.F.);
#2565 = EDGE_CURVE('',#2538,#2557,#2566,.T.);
#2566 = CIRCLE('',#2567,1.524);
#2567 = AXIS2_PLACEMENT_3D('',#2568,#2569,#2570);
#2568 = CARTESIAN_POINT('',(38.1,-38.1,-25.4));
#2569 = DIRECTION('',(0.,1.,-0.));
#2570 = DIRECTION('',(-1.,0.,-0.));
#2571 = CYLINDRICAL_SURFACE('',#2572,1.524);
#2572 = AXIS2_PLACEMENT_3D('',#2573,#2574,#2575);
#2573 = CARTESIAN_POINT('',(38.1,-38.1,-25.4));
#2574 = DIRECTION('',(0.,-1.,2.2E-16));
#2575 = DIRECTION('',(-1.,0.,0.));
#2576 = ADVANCED_FACE('',(#2577),#2616,.F.);
#2577 = FACE_BOUND('',#2578,.F.);
#2578 = EDGE_LOOP('',(#2579,#2590,#2596,#2597,#2598,#2599,#2600,#2609));
#2579 = ORIENTED_EDGE('',*,*,#2580,.F.);
#2580 = EDGE_CURVE('',#2581,#2583,#2585,.T.);
#2581 = VERTEX_POINT('',#2582);
#2582 = CARTESIAN_POINT('',(-36.576,-38.1,25.4));
#2583 = VERTEX_POINT('',#2584);
#2584 = CARTESIAN_POINT('',(-38.1,-38.1,26.924));
#2585 = CIRCLE('',#2586,1.524);
#2586 = AXIS2_PLACEMENT_3D('',#2587,#2588,#2589);
#2587 = CARTESIAN_POINT('',(-38.1,-38.1,25.4));
#2588 = DIRECTION('',(0.,-1.,0.));
#2589 = DIRECTION('',(1.,0.,0.));
#2590 = ORIENTED_EDGE('',*,*,#2591,.T.);
#2591 = EDGE_CURVE('',#2581,#1179,#2592,.T.);
#2592 = LINE('',#2593,#2594);
#2593 = CARTESIAN_POINT('',(-36.576,-38.1,25.4));
#2594 = VECTOR('',#2595,1.);
#2595 = DIRECTION('',(0.,1.,-2.2E-16));
#2596 = ORIENTED_EDGE('',*,*,#1178,.T.);
#2597 = ORIENTED_EDGE('',*,*,#1189,.T.);
#2598 = ORIENTED_EDGE('',*,*,#1198,.T.);
#2599 = ORIENTED_EDGE('',*,*,#2591,.F.);
#2600 = ORIENTED_EDGE('',*,*,#2601,.F.);
#2601 = EDGE_CURVE('',#2602,#2581,#2604,.T.);
#2602 = VERTEX_POINT('',#2603);
#2603 = CARTESIAN_POINT('',(-38.1,-38.1,23.876));
#2604 = CIRCLE('',#2605,1.524);
#2605 = AXIS2_PLACEMENT_3D('',#2606,#2607,#2608);
#2606 = CARTESIAN_POINT('',(-38.1,-38.1,25.4));
#2607 = DIRECTION('',(0.,-1.,0.));
#2608 = DIRECTION('',(1.,0.,0.));
#2609 = ORIENTED_EDGE('',*,*,#2610,.F.);
#2610 = EDGE_CURVE('',#2583,#2602,#2611,.T.);
#2611 = CIRCLE('',#2612,1.524);
#2612 = AXIS2_PLACEMENT_3D('',#2613,#2614,#2615);
#2613 = CARTESIAN_POINT('',(-38.1,-38.1,25.4));
#2614 = DIRECTION('',(0.,-1.,0.));
#2615 = DIRECTION('',(1.,0.,0.));
#2616 = CYLINDRICAL_SURFACE('',#2617,1.524);
#2617 = AXIS2_PLACEMENT_3D('',#2618,#2619,#2620);
#2618 = CARTESIAN_POINT('',(-38.1,-38.1,25.4));
#2619 = DIRECTION('',(0.,-1.,2.2E-16));
#2620 = DIRECTION('',(1.,0.,0.));
#2621 = ADVANCED_FACE('',(#2622,#2636,#2654,#2672,#2690,#2708,#2726,
    #2744,#2762,#2780,#2785,#2790,#2795),#2800,.T.);
#2622 = FACE_BOUND('',#2623,.T.);
#2623 = EDGE_LOOP('',(#2624,#2625,#2626,#2627,#2628,#2629,#2630,#2631,
    #2632,#2633,#2634,#2635));
#2624 = ORIENTED_EDGE('',*,*,#31,.T.);
#2625 = ORIENTED_EDGE('',*,*,#101,.T.);
#2626 = ORIENTED_EDGE('',*,*,#156,.F.);
#2627 = ORIENTED_EDGE('',*,*,#198,.T.);
#2628 = ORIENTED_EDGE('',*,*,#251,.F.);
#2629 = ORIENTED_EDGE('',*,*,#293,.T.);
#2630 = ORIENTED_EDGE('',*,*,#324,.T.);
#2631 = ORIENTED_EDGE('',*,*,#471,.T.);
#2632 = ORIENTED_EDGE('',*,*,#505,.T.);
#2633 = ORIENTED_EDGE('',*,*,#236,.T.);
#2634 = ORIENTED_EDGE('',*,*,#123,.T.);
#2635 = ORIENTED_EDGE('',*,*,#77,.T.);
#2636 = FACE_BOUND('',#2637,.T.);
#2637 = EDGE_LOOP('',(#2638,#2639,#2645,#2646,#2647,#2648));
#2638 = ORIENTED_EDGE('',*,*,#2137,.F.);
#2639 = ORIENTED_EDGE('',*,*,#2640,.F.);
#2640 = EDGE_CURVE('',#2268,#2138,#2641,.T.);
#2641 = LINE('',#2642,#2643);
#2642 = CARTESIAN_POINT('',(-14.859,-38.1,-27.559));
#2643 = VECTOR('',#2644,1.);
#2644 = DIRECTION('',(-1.,0.,0.));
#2645 = ORIENTED_EDGE('',*,*,#2274,.T.);
#2646 = ORIENTED_EDGE('',*,*,#2202,.T.);
#2647 = ORIENTED_EDGE('',*,*,#2173,.T.);
#2648 = ORIENTED_EDGE('',*,*,#2649,.F.);
#2649 = EDGE_CURVE('',#2140,#2174,#2650,.T.);
#2650 = LINE('',#2651,#2652);
#2651 = CARTESIAN_POINT('',(-35.941,-38.1,-48.641));
#2652 = VECTOR('',#2653,1.);
#2653 = DIRECTION('',(1.,0.,0.));
#2654 = FACE_BOUND('',#2655,.T.);
#2655 = EDGE_LOOP('',(#2656,#2662,#2663,#2664,#2665,#2671));
#2656 = ORIENTED_EDGE('',*,*,#2657,.F.);
#2657 = EDGE_CURVE('',#1344,#1214,#2658,.T.);
#2658 = LINE('',#2659,#2660);
#2659 = CARTESIAN_POINT('',(-14.859,-38.1,48.641));
#2660 = VECTOR('',#2661,1.);
#2661 = DIRECTION('',(-1.,0.,0.));
#2662 = ORIENTED_EDGE('',*,*,#1350,.T.);
#2663 = ORIENTED_EDGE('',*,*,#1278,.T.);
#2664 = ORIENTED_EDGE('',*,*,#1249,.T.);
#2665 = ORIENTED_EDGE('',*,*,#2666,.F.);
#2666 = EDGE_CURVE('',#1216,#1250,#2667,.T.);
#2667 = LINE('',#2668,#2669);
#2668 = CARTESIAN_POINT('',(-35.941,-38.1,27.559));
#2669 = VECTOR('',#2670,1.);
#2670 = DIRECTION('',(1.,0.,0.));
#2671 = ORIENTED_EDGE('',*,*,#1213,.F.);
#2672 = FACE_BOUND('',#2673,.T.);
#2673 = EDGE_LOOP('',(#2674,#2680,#2681,#2682,#2683,#2689));
#2674 = ORIENTED_EDGE('',*,*,#2675,.T.);
#2675 = EDGE_CURVE('',#2419,#2352,#2676,.T.);
#2676 = LINE('',#2677,#2678);
#2677 = CARTESIAN_POINT('',(35.941,-38.1,-48.641));
#2678 = VECTOR('',#2679,1.);
#2679 = DIRECTION('',(-1.,0.,0.));
#2680 = ORIENTED_EDGE('',*,*,#2351,.F.);
#2681 = ORIENTED_EDGE('',*,*,#2291,.F.);
#2682 = ORIENTED_EDGE('',*,*,#2329,.F.);
#2683 = ORIENTED_EDGE('',*,*,#2684,.T.);
#2684 = EDGE_CURVE('',#2321,#2417,#2685,.T.);
#2685 = LINE('',#2686,#2687);
#2686 = CARTESIAN_POINT('',(14.859,-38.1,-27.559));
#2687 = VECTOR('',#2688,1.);
#2688 = DIRECTION('',(1.,0.,0.));
#2689 = ORIENTED_EDGE('',*,*,#2416,.T.);
#2690 = FACE_BOUND('',#2691,.T.);
#2691 = EDGE_LOOP('',(#2692,#2698,#2699,#2700,#2701,#2707));
#2692 = ORIENTED_EDGE('',*,*,#2693,.T.);
#2693 = EDGE_CURVE('',#1370,#1457,#2694,.T.);
#2694 = LINE('',#2695,#2696);
#2695 = CARTESIAN_POINT('',(35.941,-38.1,27.559));
#2696 = VECTOR('',#2697,1.);
#2697 = DIRECTION('',(-1.,0.,0.));
#2698 = ORIENTED_EDGE('',*,*,#1456,.F.);
#2699 = ORIENTED_EDGE('',*,*,#1396,.F.);
#2700 = ORIENTED_EDGE('',*,*,#1434,.F.);
#2701 = ORIENTED_EDGE('',*,*,#2702,.T.);
#2702 = EDGE_CURVE('',#1426,#1368,#2703,.T.);
#2703 = LINE('',#2704,#2705);
#2704 = CARTESIAN_POINT('',(14.859,-38.1,48.641));
#2705 = VECTOR('',#2706,1.);
#2706 = DIRECTION('',(1.,0.,0.));
#2707 = ORIENTED_EDGE('',*,*,#1367,.T.);
#2708 = FACE_BOUND('',#2709,.T.);
#2709 = EDGE_LOOP('',(#2710,#2711,#2717,#2718,#2719,#2720));
#2710 = ORIENTED_EDGE('',*,*,#1829,.F.);
#2711 = ORIENTED_EDGE('',*,*,#2712,.F.);
#2712 = EDGE_CURVE('',#1960,#1830,#2713,.T.);
#2713 = LINE('',#2714,#2715);
#2714 = CARTESIAN_POINT('',(-14.859,-38.1,-2.159));
#2715 = VECTOR('',#2716,1.);
#2716 = DIRECTION('',(-1.,0.,0.));
#2717 = ORIENTED_EDGE('',*,*,#1966,.T.);
#2718 = ORIENTED_EDGE('',*,*,#1894,.T.);
#2719 = ORIENTED_EDGE('',*,*,#1865,.T.);
#2720 = ORIENTED_EDGE('',*,*,#2721,.F.);
#2721 = EDGE_CURVE('',#1832,#1866,#2722,.T.);
#2722 = LINE('',#2723,#2724);
#2723 = CARTESIAN_POINT('',(-35.941,-38.1,-23.241));
#2724 = VECTOR('',#2725,1.);
#2725 = DIRECTION('',(1.,0.,0.));
#2726 = FACE_BOUND('',#2727,.T.);
#2727 = EDGE_LOOP('',(#2728,#2729,#2735,#2736,#2737,#2738));
#2728 = ORIENTED_EDGE('',*,*,#1521,.F.);
#2729 = ORIENTED_EDGE('',*,*,#2730,.F.);
#2730 = EDGE_CURVE('',#1652,#1522,#2731,.T.);
#2731 = LINE('',#2732,#2733);
#2732 = CARTESIAN_POINT('',(-14.859,-38.1,23.241));
#2733 = VECTOR('',#2734,1.);
#2734 = DIRECTION('',(-1.,0.,0.));
#2735 = ORIENTED_EDGE('',*,*,#1658,.T.);
#2736 = ORIENTED_EDGE('',*,*,#1586,.T.);
#2737 = ORIENTED_EDGE('',*,*,#1557,.T.);
#2738 = ORIENTED_EDGE('',*,*,#2739,.F.);
#2739 = EDGE_CURVE('',#1524,#1558,#2740,.T.);
#2740 = LINE('',#2741,#2742);
#2741 = CARTESIAN_POINT('',(-35.941,-38.1,2.159));
#2742 = VECTOR('',#2743,1.);
#2743 = DIRECTION('',(1.,0.,0.));
#2744 = FACE_BOUND('',#2745,.T.);
#2745 = EDGE_LOOP('',(#2746,#2752,#2753,#2754,#2755,#2761));
#2746 = ORIENTED_EDGE('',*,*,#2747,.T.);
#2747 = EDGE_CURVE('',#2111,#2044,#2748,.T.);
#2748 = LINE('',#2749,#2750);
#2749 = CARTESIAN_POINT('',(35.941,-38.1,-23.241));
#2750 = VECTOR('',#2751,1.);
#2751 = DIRECTION('',(-1.,0.,0.));
#2752 = ORIENTED_EDGE('',*,*,#2043,.F.);
#2753 = ORIENTED_EDGE('',*,*,#1983,.F.);
#2754 = ORIENTED_EDGE('',*,*,#2021,.F.);
#2755 = ORIENTED_EDGE('',*,*,#2756,.T.);
#2756 = EDGE_CURVE('',#2013,#2109,#2757,.T.);
#2757 = LINE('',#2758,#2759);
#2758 = CARTESIAN_POINT('',(14.859,-38.1,-2.159));
#2759 = VECTOR('',#2760,1.);
#2760 = DIRECTION('',(1.,0.,0.));
#2761 = ORIENTED_EDGE('',*,*,#2108,.T.);
#2762 = FACE_BOUND('',#2763,.T.);
#2763 = EDGE_LOOP('',(#2764,#2770,#2771,#2772,#2773,#2779));
#2764 = ORIENTED_EDGE('',*,*,#2765,.T.);
#2765 = EDGE_CURVE('',#1803,#1736,#2766,.T.);
#2766 = LINE('',#2767,#2768);
#2767 = CARTESIAN_POINT('',(35.941,-38.1,2.159));
#2768 = VECTOR('',#2769,1.);
#2769 = DIRECTION('',(-1.,0.,0.));
#2770 = ORIENTED_EDGE('',*,*,#1735,.F.);
#2771 = ORIENTED_EDGE('',*,*,#1675,.F.);
#2772 = ORIENTED_EDGE('',*,*,#1713,.F.);
#2773 = ORIENTED_EDGE('',*,*,#2774,.T.);
#2774 = EDGE_CURVE('',#1705,#1801,#2775,.T.);
#2775 = LINE('',#2776,#2777);
#2776 = CARTESIAN_POINT('',(14.859,-38.1,23.241));
#2777 = VECTOR('',#2778,1.);
#2778 = DIRECTION('',(1.,0.,0.));
#2779 = ORIENTED_EDGE('',*,*,#1800,.T.);
#2780 = FACE_BOUND('',#2781,.T.);
#2781 = EDGE_LOOP('',(#2782,#2783,#2784));
#2782 = ORIENTED_EDGE('',*,*,#2445,.F.);
#2783 = ORIENTED_EDGE('',*,*,#2466,.F.);
#2784 = ORIENTED_EDGE('',*,*,#2475,.F.);
#2785 = FACE_BOUND('',#2786,.T.);
#2786 = EDGE_LOOP('',(#2787,#2788,#2789));
#2787 = ORIENTED_EDGE('',*,*,#2556,.T.);
#2788 = ORIENTED_EDGE('',*,*,#2535,.T.);
#2789 = ORIENTED_EDGE('',*,*,#2565,.T.);
#2790 = FACE_BOUND('',#2791,.T.);
#2791 = EDGE_LOOP('',(#2792,#2793,#2794));
#2792 = ORIENTED_EDGE('',*,*,#2511,.T.);
#2793 = ORIENTED_EDGE('',*,*,#2490,.T.);
#2794 = ORIENTED_EDGE('',*,*,#2520,.T.);
#2795 = FACE_BOUND('',#2796,.T.);
#2796 = EDGE_LOOP('',(#2797,#2798,#2799));
#2797 = ORIENTED_EDGE('',*,*,#2580,.F.);
#2798 = ORIENTED_EDGE('',*,*,#2601,.F.);
#2799 = ORIENTED_EDGE('',*,*,#2610,.F.);
#2800 = PLANE('',#2801);
#2801 = AXIS2_PLACEMENT_3D('',#2802,#2803,#2804);
#2802 = CARTESIAN_POINT('',(2.685515851692E-15,-38.1,7.608961579793E-15)
  );
#2803 = DIRECTION('',(-0.,-1.,-0.));
#2804 = DIRECTION('',(0.,0.,-1.));
#2805 = ADVANCED_FACE('',(#2806),#2813,.T.);
#2806 = FACE_BOUND('',#2807,.T.);
#2807 = EDGE_LOOP('',(#2808,#2809,#2810,#2811,#2812));
#2808 = ORIENTED_EDGE('',*,*,#2253,.F.);
#2809 = ORIENTED_EDGE('',*,*,#2267,.F.);
#2810 = ORIENTED_EDGE('',*,*,#2640,.T.);
#2811 = ORIENTED_EDGE('',*,*,#2153,.T.);
#2812 = ORIENTED_EDGE('',*,*,#981,.F.);
#2813 = B_SPLINE_SURFACE_WITH_KNOTS('',1,1,(
    (#2814,#2815)
    ,(#2816,#2817
    )),.UNSPECIFIED.,.F.,.F.,.F.,(2,2),(2,2),(0.,21.082),(0.,1.),
  .PIECEWISE_BEZIER_KNOTS.);
#2814 = CARTESIAN_POINT('',(-14.859,-38.1,-27.559));
#2815 = CARTESIAN_POINT('',(-22.26488977814,-7.4E-16,-34.96488977814));
#2816 = CARTESIAN_POINT('',(-35.941,-38.1,-27.559));
#2817 = CARTESIAN_POINT('',(-28.53511022185,-7.4E-16,-34.96488977814));
#2818 = ADVANCED_FACE('',(#2819),#2826,.T.);
#2819 = FACE_BOUND('',#2820,.T.);
#2820 = EDGE_LOOP('',(#2821,#2822,#2823,#2824,#2825));
#2821 = ORIENTED_EDGE('',*,*,#2147,.F.);
#2822 = ORIENTED_EDGE('',*,*,#2649,.T.);
#2823 = ORIENTED_EDGE('',*,*,#2181,.T.);
#2824 = ORIENTED_EDGE('',*,*,#2247,.T.);
#2825 = ORIENTED_EDGE('',*,*,#965,.F.);
#2826 = B_SPLINE_SURFACE_WITH_KNOTS('',1,1,(
    (#2827,#2828)
    ,(#2829,#2830
    )),.UNSPECIFIED.,.F.,.F.,.F.,(2,2),(2,2),(0.,21.082),(0.,1.),
  .PIECEWISE_BEZIER_KNOTS.);
#2827 = CARTESIAN_POINT('',(-35.941,-38.1,-48.641));
#2828 = CARTESIAN_POINT('',(-28.53511022185,-2.13E-15,-41.23511022185));
#2829 = CARTESIAN_POINT('',(-14.859,-38.1,-48.641));
#2830 = CARTESIAN_POINT('',(-22.26488977814,-2.13E-15,-41.23511022185));
#2831 = ADVANCED_FACE('',(#2832),#2839,.T.);
#2832 = FACE_BOUND('',#2833,.T.);
#2833 = EDGE_LOOP('',(#2834,#2835,#2836,#2837,#2838));
#2834 = ORIENTED_EDGE('',*,*,#1945,.F.);
#2835 = ORIENTED_EDGE('',*,*,#1959,.F.);
#2836 = ORIENTED_EDGE('',*,*,#2712,.T.);
#2837 = ORIENTED_EDGE('',*,*,#1845,.T.);
#2838 = ORIENTED_EDGE('',*,*,#845,.F.);
#2839 = B_SPLINE_SURFACE_WITH_KNOTS('',1,1,(
    (#2840,#2841)
    ,(#2842,#2843
    )),.UNSPECIFIED.,.F.,.F.,.F.,(2,2),(2,2),(0.,21.082),(0.,1.),
  .PIECEWISE_BEZIER_KNOTS.);
#2840 = CARTESIAN_POINT('',(-14.859,-38.1,-2.159));
#2841 = CARTESIAN_POINT('',(-22.26488977814,5.26E-15,-9.564889778147));
#2842 = CARTESIAN_POINT('',(-35.941,-38.1,-2.159));
#2843 = CARTESIAN_POINT('',(-28.53511022185,5.26E-15,-9.564889778147));
#2844 = ADVANCED_FACE('',(#2845),#2852,.T.);
#2845 = FACE_BOUND('',#2846,.T.);
#2846 = EDGE_LOOP('',(#2847,#2848,#2849,#2850,#2851));
#2847 = ORIENTED_EDGE('',*,*,#1839,.F.);
#2848 = ORIENTED_EDGE('',*,*,#2721,.T.);
#2849 = ORIENTED_EDGE('',*,*,#1873,.T.);
#2850 = ORIENTED_EDGE('',*,*,#1939,.T.);
#2851 = ORIENTED_EDGE('',*,*,#829,.F.);
#2852 = B_SPLINE_SURFACE_WITH_KNOTS('',1,1,(
    (#2853,#2854)
    ,(#2855,#2856
    )),.UNSPECIFIED.,.F.,.F.,.F.,(2,2),(2,2),(0.,21.082),(0.,1.),
  .PIECEWISE_BEZIER_KNOTS.);
#2853 = CARTESIAN_POINT('',(-35.941,-38.1,-23.241));
#2854 = CARTESIAN_POINT('',(-28.53511022185,3.87E-15,-15.83511022185));
#2855 = CARTESIAN_POINT('',(-14.859,-38.1,-23.241));
#2856 = CARTESIAN_POINT('',(-22.26488977814,3.87E-15,-15.83511022185));
#2857 = ADVANCED_FACE('',(#2858),#2865,.T.);
#2858 = FACE_BOUND('',#2859,.T.);
#2859 = EDGE_LOOP('',(#2860,#2861,#2862,#2863,#2864));
#2860 = ORIENTED_EDGE('',*,*,#1637,.F.);
#2861 = ORIENTED_EDGE('',*,*,#1651,.F.);
#2862 = ORIENTED_EDGE('',*,*,#2730,.T.);
#2863 = ORIENTED_EDGE('',*,*,#1537,.T.);
#2864 = ORIENTED_EDGE('',*,*,#709,.F.);
#2865 = B_SPLINE_SURFACE_WITH_KNOTS('',1,1,(
    (#2866,#2867)
    ,(#2868,#2869
    )),.UNSPECIFIED.,.F.,.F.,.F.,(2,2),(2,2),(0.,21.082),(0.,1.),
  .PIECEWISE_BEZIER_KNOTS.);
#2866 = CARTESIAN_POINT('',(-14.859,-38.1,23.241));
#2867 = CARTESIAN_POINT('',(-22.26488977814,1.026E-14,15.835110221853));
#2868 = CARTESIAN_POINT('',(-35.941,-38.1,23.241));
#2869 = CARTESIAN_POINT('',(-28.53511022185,1.026E-14,15.835110221853));
#2870 = ADVANCED_FACE('',(#2871),#2878,.T.);
#2871 = FACE_BOUND('',#2872,.T.);
#2872 = EDGE_LOOP('',(#2873,#2874,#2875,#2876,#2877));
#2873 = ORIENTED_EDGE('',*,*,#1531,.F.);
#2874 = ORIENTED_EDGE('',*,*,#2739,.T.);
#2875 = ORIENTED_EDGE('',*,*,#1565,.T.);
#2876 = ORIENTED_EDGE('',*,*,#1631,.T.);
#2877 = ORIENTED_EDGE('',*,*,#693,.F.);
#2878 = B_SPLINE_SURFACE_WITH_KNOTS('',1,1,(
    (#2879,#2880)
    ,(#2881,#2882
    )),.UNSPECIFIED.,.F.,.F.,.F.,(2,2),(2,2),(0.,21.082),(0.,1.),
  .PIECEWISE_BEZIER_KNOTS.);
#2879 = CARTESIAN_POINT('',(-35.941,-38.1,2.159));
#2880 = CARTESIAN_POINT('',(-28.53511022185,8.87E-15,9.564889778147));
#2881 = CARTESIAN_POINT('',(-14.859,-38.1,2.159));
#2882 = CARTESIAN_POINT('',(-22.26488977814,8.87E-15,9.564889778147));
#2883 = ADVANCED_FACE('',(#2884),#2891,.T.);
#2884 = FACE_BOUND('',#2885,.T.);
#2885 = EDGE_LOOP('',(#2886,#2887,#2888,#2889,#2890));
#2886 = ORIENTED_EDGE('',*,*,#1329,.F.);
#2887 = ORIENTED_EDGE('',*,*,#1343,.F.);
#2888 = ORIENTED_EDGE('',*,*,#2657,.T.);
#2889 = ORIENTED_EDGE('',*,*,#1229,.T.);
#2890 = ORIENTED_EDGE('',*,*,#573,.F.);
#2891 = B_SPLINE_SURFACE_WITH_KNOTS('',1,1,(
    (#2892,#2893)
    ,(#2894,#2895
    )),.UNSPECIFIED.,.F.,.F.,.F.,(2,2),(2,2),(0.,21.082),(0.,1.),
  .PIECEWISE_BEZIER_KNOTS.);
#2892 = CARTESIAN_POINT('',(-14.859,-38.1,48.641));
#2893 = CARTESIAN_POINT('',(-22.26488977814,1.626E-14,41.235110221853));
#2894 = CARTESIAN_POINT('',(-35.941,-38.1,48.641));
#2895 = CARTESIAN_POINT('',(-28.53511022185,1.626E-14,41.235110221853));
#2896 = ADVANCED_FACE('',(#2897),#2904,.T.);
#2897 = FACE_BOUND('',#2898,.T.);
#2898 = EDGE_LOOP('',(#2899,#2900,#2901,#2902,#2903));
#2899 = ORIENTED_EDGE('',*,*,#1223,.F.);
#2900 = ORIENTED_EDGE('',*,*,#2666,.T.);
#2901 = ORIENTED_EDGE('',*,*,#1257,.T.);
#2902 = ORIENTED_EDGE('',*,*,#1323,.T.);
#2903 = ORIENTED_EDGE('',*,*,#557,.F.);
#2904 = B_SPLINE_SURFACE_WITH_KNOTS('',1,1,(
    (#2905,#2906)
    ,(#2907,#2908
    )),.UNSPECIFIED.,.F.,.F.,.F.,(2,2),(2,2),(0.,21.082),(0.,1.),
  .PIECEWISE_BEZIER_KNOTS.);
#2905 = CARTESIAN_POINT('',(-35.941,-38.1,27.559));
#2906 = CARTESIAN_POINT('',(-28.53511022185,1.487E-14,34.964889778147));
#2907 = CARTESIAN_POINT('',(-14.859,-38.1,27.559));
#2908 = CARTESIAN_POINT('',(-22.26488977814,1.487E-14,34.964889778147));
#2909 = ADVANCED_FACE('',(#2910),#2917,.F.);
#2910 = FACE_BOUND('',#2911,.F.);
#2911 = EDGE_LOOP('',(#2912,#2913,#2914,#2915,#2916));
#2912 = ORIENTED_EDGE('',*,*,#2675,.T.);
#2913 = ORIENTED_EDGE('',*,*,#2359,.T.);
#2914 = ORIENTED_EDGE('',*,*,#2396,.T.);
#2915 = ORIENTED_EDGE('',*,*,#1057,.F.);
#2916 = ORIENTED_EDGE('',*,*,#2426,.F.);
#2917 = B_SPLINE_SURFACE_WITH_KNOTS('',1,1,(
    (#2918,#2919)
    ,(#2920,#2921
    )),.UNSPECIFIED.,.F.,.F.,.F.,(2,2),(2,2),(0.,21.082),(0.,1.),
  .PIECEWISE_BEZIER_KNOTS.);
#2918 = CARTESIAN_POINT('',(35.941,-38.1,-48.641));
#2919 = CARTESIAN_POINT('',(28.535110221853,-2.05E-15,-41.23511022185));
#2920 = CARTESIAN_POINT('',(14.859,-38.1,-48.641));
#2921 = CARTESIAN_POINT('',(22.264889778147,-2.05E-15,-41.23511022185));
#2922 = ADVANCED_FACE('',(#2923),#2930,.F.);
#2923 = FACE_BOUND('',#2924,.F.);
#2924 = EDGE_LOOP('',(#2925,#2926,#2927,#2928,#2929));
#2925 = ORIENTED_EDGE('',*,*,#2320,.F.);
#2926 = ORIENTED_EDGE('',*,*,#2684,.T.);
#2927 = ORIENTED_EDGE('',*,*,#2432,.T.);
#2928 = ORIENTED_EDGE('',*,*,#1075,.F.);
#2929 = ORIENTED_EDGE('',*,*,#2402,.F.);
#2930 = B_SPLINE_SURFACE_WITH_KNOTS('',1,1,(
    (#2931,#2932)
    ,(#2933,#2934
    )),.UNSPECIFIED.,.F.,.F.,.F.,(2,2),(2,2),(0.,21.082),(0.,1.),
  .PIECEWISE_BEZIER_KNOTS.);
#2931 = CARTESIAN_POINT('',(14.859,-38.1,-27.559));
#2932 = CARTESIAN_POINT('',(22.264889778147,-6.6E-16,-34.96488977814));
#2933 = CARTESIAN_POINT('',(35.941,-38.1,-27.559));
#2934 = CARTESIAN_POINT('',(28.535110221853,-6.6E-16,-34.96488977814));
#2935 = ADVANCED_FACE('',(#2936),#2943,.F.);
#2936 = FACE_BOUND('',#2937,.F.);
#2937 = EDGE_LOOP('',(#2938,#2939,#2940,#2941,#2942));
#2938 = ORIENTED_EDGE('',*,*,#2747,.T.);
#2939 = ORIENTED_EDGE('',*,*,#2051,.T.);
#2940 = ORIENTED_EDGE('',*,*,#2088,.T.);
#2941 = ORIENTED_EDGE('',*,*,#921,.F.);
#2942 = ORIENTED_EDGE('',*,*,#2118,.F.);
#2943 = B_SPLINE_SURFACE_WITH_KNOTS('',1,1,(
    (#2944,#2945)
    ,(#2946,#2947
    )),.UNSPECIFIED.,.F.,.F.,.F.,(2,2),(2,2),(0.,21.082),(0.,1.),
  .PIECEWISE_BEZIER_KNOTS.);
#2944 = CARTESIAN_POINT('',(35.941,-38.1,-23.241));
#2945 = CARTESIAN_POINT('',(28.535110221853,3.59E-15,-15.83511022185));
#2946 = CARTESIAN_POINT('',(14.859,-38.1,-23.241));
#2947 = CARTESIAN_POINT('',(22.264889778147,3.59E-15,-15.83511022185));
#2948 = ADVANCED_FACE('',(#2949),#2956,.F.);
#2949 = FACE_BOUND('',#2950,.F.);
#2950 = EDGE_LOOP('',(#2951,#2952,#2953,#2954,#2955));
#2951 = ORIENTED_EDGE('',*,*,#2012,.F.);
#2952 = ORIENTED_EDGE('',*,*,#2756,.T.);
#2953 = ORIENTED_EDGE('',*,*,#2124,.T.);
#2954 = ORIENTED_EDGE('',*,*,#939,.F.);
#2955 = ORIENTED_EDGE('',*,*,#2094,.F.);
#2956 = B_SPLINE_SURFACE_WITH_KNOTS('',1,1,(
    (#2957,#2958)
    ,(#2959,#2960
    )),.UNSPECIFIED.,.F.,.F.,.F.,(2,2),(2,2),(0.,21.082),(0.,1.),
  .PIECEWISE_BEZIER_KNOTS.);
#2957 = CARTESIAN_POINT('',(14.859,-38.1,-2.159));
#2958 = CARTESIAN_POINT('',(22.264889778147,4.98E-15,-9.564889778147));
#2959 = CARTESIAN_POINT('',(35.941,-38.1,-2.159));
#2960 = CARTESIAN_POINT('',(28.535110221853,4.98E-15,-9.564889778147));
#2961 = ADVANCED_FACE('',(#2962),#2969,.F.);
#2962 = FACE_BOUND('',#2963,.F.);
#2963 = EDGE_LOOP('',(#2964,#2965,#2966,#2967,#2968));
#2964 = ORIENTED_EDGE('',*,*,#2765,.T.);
#2965 = ORIENTED_EDGE('',*,*,#1743,.T.);
#2966 = ORIENTED_EDGE('',*,*,#1780,.T.);
#2967 = ORIENTED_EDGE('',*,*,#785,.F.);
#2968 = ORIENTED_EDGE('',*,*,#1810,.F.);
#2969 = B_SPLINE_SURFACE_WITH_KNOTS('',1,1,(
    (#2970,#2971)
    ,(#2972,#2973
    )),.UNSPECIFIED.,.F.,.F.,.F.,(2,2),(2,2),(0.,21.082),(0.,1.),
  .PIECEWISE_BEZIER_KNOTS.);
#2970 = CARTESIAN_POINT('',(35.941,-38.1,2.159));
#2971 = CARTESIAN_POINT('',(28.535110221853,9.23E-15,9.564889778147));
#2972 = CARTESIAN_POINT('',(14.859,-38.1,2.159));
#2973 = CARTESIAN_POINT('',(22.264889778147,9.23E-15,9.564889778147));
#2974 = ADVANCED_FACE('',(#2975),#2982,.F.);
#2975 = FACE_BOUND('',#2976,.F.);
#2976 = EDGE_LOOP('',(#2977,#2978,#2979,#2980,#2981));
#2977 = ORIENTED_EDGE('',*,*,#1704,.F.);
#2978 = ORIENTED_EDGE('',*,*,#2774,.T.);
#2979 = ORIENTED_EDGE('',*,*,#1816,.T.);
#2980 = ORIENTED_EDGE('',*,*,#803,.F.);
#2981 = ORIENTED_EDGE('',*,*,#1786,.F.);
#2982 = B_SPLINE_SURFACE_WITH_KNOTS('',1,1,(
    (#2983,#2984)
    ,(#2985,#2986
    )),.UNSPECIFIED.,.F.,.F.,.F.,(2,2),(2,2),(0.,21.082),(0.,1.),
  .PIECEWISE_BEZIER_KNOTS.);
#2983 = CARTESIAN_POINT('',(14.859,-38.1,23.241));
#2984 = CARTESIAN_POINT('',(22.264889778147,1.062E-14,15.835110221853));
#2985 = CARTESIAN_POINT('',(35.941,-38.1,23.241));
#2986 = CARTESIAN_POINT('',(28.535110221853,1.062E-14,15.835110221853));
#2987 = ADVANCED_FACE('',(#2988),#2995,.F.);
#2988 = FACE_BOUND('',#2989,.F.);
#2989 = EDGE_LOOP('',(#2990,#2991,#2992,#2993,#2994));
#2990 = ORIENTED_EDGE('',*,*,#2693,.T.);
#2991 = ORIENTED_EDGE('',*,*,#1464,.T.);
#2992 = ORIENTED_EDGE('',*,*,#1501,.T.);
#2993 = ORIENTED_EDGE('',*,*,#581,.F.);
#2994 = ORIENTED_EDGE('',*,*,#1377,.F.);
#2995 = B_SPLINE_SURFACE_WITH_KNOTS('',1,1,(
    (#2996,#2997)
    ,(#2998,#2999
    )),.UNSPECIFIED.,.F.,.F.,.F.,(2,2),(2,2),(0.,21.082),(0.,1.),
  .PIECEWISE_BEZIER_KNOTS.);
#2996 = CARTESIAN_POINT('',(35.941,-38.1,27.559));
#2997 = CARTESIAN_POINT('',(28.535110221853,1.487E-14,34.964889778147));
#2998 = CARTESIAN_POINT('',(14.859,-38.1,27.559));
#2999 = CARTESIAN_POINT('',(22.264889778147,1.487E-14,34.964889778147));
#3000 = ADVANCED_FACE('',(#3001),#3008,.F.);
#3001 = FACE_BOUND('',#3002,.F.);
#3002 = EDGE_LOOP('',(#3003,#3004,#3005,#3006,#3007));
#3003 = ORIENTED_EDGE('',*,*,#1425,.F.);
#3004 = ORIENTED_EDGE('',*,*,#2702,.T.);
#3005 = ORIENTED_EDGE('',*,*,#1383,.T.);
#3006 = ORIENTED_EDGE('',*,*,#599,.F.);
#3007 = ORIENTED_EDGE('',*,*,#1507,.F.);
#3008 = B_SPLINE_SURFACE_WITH_KNOTS('',1,1,(
    (#3009,#3010)
    ,(#3011,#3012
    )),.UNSPECIFIED.,.F.,.F.,.F.,(2,2),(2,2),(0.,21.082),(0.,1.),
  .PIECEWISE_BEZIER_KNOTS.);
#3009 = CARTESIAN_POINT('',(14.859,-38.1,48.641));
#3010 = CARTESIAN_POINT('',(22.264889778147,1.626E-14,41.235110221853));
#3011 = CARTESIAN_POINT('',(35.941,-38.1,48.641));
#3012 = CARTESIAN_POINT('',(28.535110221853,1.626E-14,41.235110221853));
#3013 = ( GEOMETRIC_REPRESENTATION_CONTEXT(3) 
GLOBAL_UNCERTAINTY_ASSIGNED_CONTEXT((#3017)) 
GLOBAL_UNIT_ASSIGNED_CONTEXT((#3014,#3015,#3016)) REPRESENTATION_CONTEXT
('Context #1','3D Context with UNIT and UNCERTAINTY') );
#3014 = ( LENGTH_UNIT() NAMED_UNIT(*) SI_UNIT(.MILLI.,.METRE.) );
#3015 = ( NAMED_UNIT(*) PLANE_ANGLE_UNIT() SI_UNIT($,.RADIAN.) );
#3016 = ( NAMED_UNIT(*) SI_UNIT($,.STERADIAN.) SOLID_ANGLE_UNIT() );
#3017 = UNCERTAINTY_MEASURE_WITH_UNIT(LENGTH_MEASURE(5.E-07),#3014,
  'distance_accuracy_value','confusion accuracy');
#3018 = PRODUCT_RELATED_PRODUCT_CATEGORY('part',$,(#7));
#3019 = MECHANICAL_DESIGN_GEOMETRIC_PRESENTATION_REPRESENTATION('',(
    #3020),#3013);
#3020 = STYLED_ITEM('color',(#3021),#15);
#3021 = PRESENTATION_STYLE_ASSIGNMENT((#3022,#3030));
#3022 = SURFACE_STYLE_USAGE(.BOTH.,#3023);
#3023 = SURFACE_SIDE_STYLE('',(#3024,#3028));
#3024 = SURFACE_STYLE_FILL_AREA(#3025);
#3025 = FILL_AREA_STYLE('',(#3026));
#3026 = FILL_AREA_STYLE_COLOUR('',#3027);
#3027 = COLOUR_RGB('',0.941176459967,0.349019616187,0.121568629232);
#3028 = SURFACE_STYLE_RENDERING_WITH_PROPERTIES(.NORMAL_SHADING.,#3027,(
    #3029));
#3029 = SURFACE_STYLE_TRANSPARENT(0.699999988079);
#3030 = CURVE_STYLE('',#3031,POSITIVE_LENGTH_MEASURE(0.1),#3032);
#3031 = DRAUGHTING_PRE_DEFINED_CURVE_FONT('continuous');
#3032 = COLOUR_RGB('',9.803921802644E-02,9.803921802644E-02,
  9.803921802644E-02);
ENDSEC;
END-ISO-10303-21;
