ISO-10303-21;
HEADER;
FILE_DESCRIPTION(('FreeCAD Model'),'2;1');
FILE_NAME('Open CASCADE Shape Model','2026-08-03T21:25:33',(''),(''),
  'Open CASCADE STEP processor 7.9','FreeCAD','Unknown');
FILE_SCHEMA(('AUTOMOTIVE_DESIGN { 1 0 10303 214 1 1 1 1 }'));
ENDSEC;
DATA;
#1 = APPLICATION_PROTOCOL_DEFINITION('international standard',
  'automotive_design',2000,#2);
#2 = APPLICATION_CONTEXT(
  'core data for automotive mechanical design processes');
#3 = SHAPE_DEFINITION_REPRESENTATION(#4,#10);
#4 = PRODUCT_DEFINITION_SHAPE('','',#5);
#5 = PRODUCT_DEFINITION('design','',#6,#9);
#6 = PRODUCT_DEFINITION_FORMATION('','',#7);
#7 = PRODUCT('Sheet Metal','Sheet Metal','',(#8));
#8 = PRODUCT_CONTEXT('',#2,'mechanical');
#9 = PRODUCT_DEFINITION_CONTEXT('part definition',#2,'design');
#10 = ADVANCED_BREP_SHAPE_REPRESENTATION('',(#11,#15),#5063);
#11 = AXIS2_PLACEMENT_3D('',#12,#13,#14);
#12 = CARTESIAN_POINT('',(0.,0.,0.));
#13 = DIRECTION('',(0.,0.,1.));
#14 = DIRECTION('',(1.,0.,-0.));
#15 = MANIFOLD_SOLID_BREP('',#16);
#16 = CLOSED_SHELL('',(#17,#57,#1347,#1372,#1397,#2671,#2688,#2705,#2722
    ,#2739,#2751,#2773,#2790,#2807,#2819,#2841,#2858,#2875,#2887,#2909,
    #2926,#2943,#2955,#2977,#2994,#3011,#3023,#3040,#3062,#3079,#3096,
    #3113,#3130,#3147,#3164,#3176,#3198,#3215,#3232,#3249,#3266,#3283,
    #3300,#3312,#3329,#3351,#3368,#3385,#3397,#3414,#3436,#3453,#3470,
    #3482,#3504,#3521,#3538,#3555,#3572,#3589,#3606,#3618,#3640,#3657,
    #3674,#3691,#3708,#3725,#3742,#3754,#3771,#3793,#3810,#3827,#3839,
    #3861,#3878,#3895,#3912,#3929,#3946,#3963,#3975,#3997,#4014,#4031,
    #4048,#4065,#4082,#4099,#4111,#4133,#4150,#4167,#4184,#4201,#4218,
    #4235,#4247,#4269,#4286,#4303,#4320,#4337,#4354,#4371,#4383,#4400,
    #4417,#4434,#4451,#4473,#4490,#4507,#4524,#4541,#4558,#4575,#4592,
    #4609,#4626,#4643,#4660,#4677,#4694,#4711,#4723,#4740,#4762,#4779,
    #4796,#4808,#4830,#4847,#4864,#4876,#4893,#4910,#4932,#4949,#4966,
    #4978,#4995,#5017,#5034,#5051));
#17 = ADVANCED_FACE('',(#18),#52,.F.);
#18 = FACE_BOUND('',#19,.F.);
#19 = EDGE_LOOP('',(#20,#30,#38,#46));
#20 = ORIENTED_EDGE('',*,*,#21,.F.);
#21 = EDGE_CURVE('',#22,#24,#26,.T.);
#22 = VERTEX_POINT('',#23);
#23 = CARTESIAN_POINT('',(-311.0484,3.155443620884E-30,87.63));
#24 = VERTEX_POINT('',#25);
#25 = CARTESIAN_POINT('',(-311.0484,3.155443620884E-30,-87.63));
#26 = LINE('',#27,#28);
#27 = CARTESIAN_POINT('',(-311.0484,0.,88.9));
#28 = VECTOR('',#29,1.);
#29 = DIRECTION('',(0.,0.,-1.));
#30 = ORIENTED_EDGE('',*,*,#31,.T.);
#31 = EDGE_CURVE('',#22,#32,#34,.T.);
#32 = VERTEX_POINT('',#33);
#33 = CARTESIAN_POINT('',(-311.0484,-3.175,87.63));
#34 = LINE('',#35,#36);
#35 = CARTESIAN_POINT('',(-311.0484,1.94606E-14,87.63));
#36 = VECTOR('',#37,1.);
#37 = DIRECTION('',(0.,-1.,2.2E-16));
#38 = ORIENTED_EDGE('',*,*,#39,.T.);
#39 = EDGE_CURVE('',#32,#40,#42,.T.);
#40 = VERTEX_POINT('',#41);
#41 = CARTESIAN_POINT('',(-311.0484,-3.175,-87.63));
#42 = LINE('',#43,#44);
#43 = CARTESIAN_POINT('',(-311.0484,-3.175,88.9));
#44 = VECTOR('',#45,1.);
#45 = DIRECTION('',(0.,0.,-1.));
#46 = ORIENTED_EDGE('',*,*,#47,.F.);
#47 = EDGE_CURVE('',#24,#40,#48,.T.);
#48 = LINE('',#49,#50);
#49 = CARTESIAN_POINT('',(-311.0484,-1.94606E-14,-87.63));
#50 = VECTOR('',#51,1.);
#51 = DIRECTION('',(0.,-1.,2.2E-16));
#52 = PLANE('',#53);
#53 = AXIS2_PLACEMENT_3D('',#54,#55,#56);
#54 = CARTESIAN_POINT('',(-311.0484,1.974E-14,88.9));
#55 = DIRECTION('',(1.,0.,0.));
#56 = DIRECTION('',(0.,-2.2E-16,-1.));
#57 = ADVANCED_FACE('',(#58,#119,#155,#190,#225,#261,#272,#342,#412,#423
    ,#458,#469,#505,#575,#645,#656,#692,#762,#832,#902,#972,#983,#994,
    #1005,#1016,#1154,#1165,#1201,#1237,#1248,#1259,#1295,#1306),#1342,
  .T.);
#58 = FACE_BOUND('',#59,.T.);
#59 = EDGE_LOOP('',(#60,#61,#70,#78,#87,#95,#104,#112));
#60 = ORIENTED_EDGE('',*,*,#21,.F.);
#61 = ORIENTED_EDGE('',*,*,#62,.T.);
#62 = EDGE_CURVE('',#22,#63,#65,.T.);
#63 = VERTEX_POINT('',#64);
#64 = CARTESIAN_POINT('',(-309.7784,0.,88.9));
#65 = CIRCLE('',#66,1.27);
#66 = AXIS2_PLACEMENT_3D('',#67,#68,#69);
#67 = CARTESIAN_POINT('',(-309.7784,0.,87.63));
#68 = DIRECTION('',(0.,1.,-2.2E-16));
#69 = DIRECTION('',(0.,-2.2E-16,-1.));
#70 = ORIENTED_EDGE('',*,*,#71,.F.);
#71 = EDGE_CURVE('',#72,#63,#74,.T.);
#72 = VERTEX_POINT('',#73);
#73 = CARTESIAN_POINT('',(170.18,0.,88.9));
#74 = LINE('',#75,#76);
#75 = CARTESIAN_POINT('',(171.45,0.,88.9));
#76 = VECTOR('',#77,1.);
#77 = DIRECTION('',(-1.,0.,0.));
#78 = ORIENTED_EDGE('',*,*,#79,.T.);
#79 = EDGE_CURVE('',#72,#80,#82,.T.);
#80 = VERTEX_POINT('',#81);
#81 = CARTESIAN_POINT('',(171.45,-3.155443620884E-30,87.63));
#82 = CIRCLE('',#83,1.27);
#83 = AXIS2_PLACEMENT_3D('',#84,#85,#86);
#84 = CARTESIAN_POINT('',(170.18,0.,87.63));
#85 = DIRECTION('',(0.,1.,-2.2E-16));
#86 = DIRECTION('',(0.,-2.2E-16,-1.));
#87 = ORIENTED_EDGE('',*,*,#88,.F.);
#88 = EDGE_CURVE('',#89,#80,#91,.T.);
#89 = VERTEX_POINT('',#90);
#90 = CARTESIAN_POINT('',(171.45,-3.155443620884E-30,-87.63));
#91 = LINE('',#92,#93);
#92 = CARTESIAN_POINT('',(171.45,0.,-88.9));
#93 = VECTOR('',#94,1.);
#94 = DIRECTION('',(0.,0.,1.));
#95 = ORIENTED_EDGE('',*,*,#96,.F.);
#96 = EDGE_CURVE('',#97,#89,#99,.T.);
#97 = VERTEX_POINT('',#98);
#98 = CARTESIAN_POINT('',(170.18,0.,-88.9));
#99 = CIRCLE('',#100,1.27);
#100 = AXIS2_PLACEMENT_3D('',#101,#102,#103);
#101 = CARTESIAN_POINT('',(170.18,0.,-87.63));
#102 = DIRECTION('',(0.,-1.,2.2E-16));
#103 = DIRECTION('',(0.,-2.2E-16,-1.));
#104 = ORIENTED_EDGE('',*,*,#105,.F.);
#105 = EDGE_CURVE('',#106,#97,#108,.T.);
#106 = VERTEX_POINT('',#107);
#107 = CARTESIAN_POINT('',(-309.7784,0.,-88.9));
#108 = LINE('',#109,#110);
#109 = CARTESIAN_POINT('',(-311.0484,0.,-88.9));
#110 = VECTOR('',#111,1.);
#111 = DIRECTION('',(1.,0.,0.));
#112 = ORIENTED_EDGE('',*,*,#113,.F.);
#113 = EDGE_CURVE('',#24,#106,#114,.T.);
#114 = CIRCLE('',#115,1.27);
#115 = AXIS2_PLACEMENT_3D('',#116,#117,#118);
#116 = CARTESIAN_POINT('',(-309.7784,0.,-87.63));
#117 = DIRECTION('',(0.,-1.,2.2E-16));
#118 = DIRECTION('',(0.,-2.2E-16,-1.));
#119 = FACE_BOUND('',#120,.T.);
#120 = EDGE_LOOP('',(#121,#131,#140,#148));
#121 = ORIENTED_EDGE('',*,*,#122,.T.);
#122 = EDGE_CURVE('',#123,#125,#127,.T.);
#123 = VERTEX_POINT('',#124);
#124 = CARTESIAN_POINT('',(-304.8508,0.,-69.85));
#125 = VERTEX_POINT('',#126);
#126 = CARTESIAN_POINT('',(-299.7708,0.,-69.85));
#127 = LINE('',#128,#129);
#128 = CARTESIAN_POINT('',(-171.1160006289,0.,-69.85));
#129 = VECTOR('',#130,1.);
#130 = DIRECTION('',(1.,0.,0.));
#131 = ORIENTED_EDGE('',*,*,#132,.T.);
#132 = EDGE_CURVE('',#125,#133,#135,.T.);
#133 = VERTEX_POINT('',#134);
#134 = CARTESIAN_POINT('',(-299.7708,0.,-63.5));
#135 = CIRCLE('',#136,3.175);
#136 = AXIS2_PLACEMENT_3D('',#137,#138,#139);
#137 = CARTESIAN_POINT('',(-299.7708,0.,-66.675));
#138 = DIRECTION('',(0.,-1.,2.2E-16));
#139 = DIRECTION('',(-1.,0.,0.));
#140 = ORIENTED_EDGE('',*,*,#141,.F.);
#141 = EDGE_CURVE('',#142,#133,#144,.T.);
#142 = VERTEX_POINT('',#143);
#143 = CARTESIAN_POINT('',(-304.8508,0.,-63.5));
#144 = LINE('',#145,#146);
#145 = CARTESIAN_POINT('',(-171.1160006289,0.,-63.5));
#146 = VECTOR('',#147,1.);
#147 = DIRECTION('',(1.,0.,0.));
#148 = ORIENTED_EDGE('',*,*,#149,.T.);
#149 = EDGE_CURVE('',#142,#123,#150,.T.);
#150 = CIRCLE('',#151,3.175);
#151 = AXIS2_PLACEMENT_3D('',#152,#153,#154);
#152 = CARTESIAN_POINT('',(-304.8508,0.,-66.675));
#153 = DIRECTION('',(0.,-1.,2.2E-16));
#154 = DIRECTION('',(-1.,0.,0.));
#155 = FACE_BOUND('',#156,.T.);
#156 = EDGE_LOOP('',(#157,#167,#176,#184));
#157 = ORIENTED_EDGE('',*,*,#158,.F.);
#158 = EDGE_CURVE('',#159,#161,#163,.T.);
#159 = VERTEX_POINT('',#160);
#160 = CARTESIAN_POINT('',(-252.9332,0.,-56.67289526213));
#161 = VERTEX_POINT('',#162);
#162 = CARTESIAN_POINT('',(-252.9332,0.,-55.52989526213));
#163 = LINE('',#164,#165);
#164 = CARTESIAN_POINT('',(-252.9332,0.,-27.76494763106));
#165 = VECTOR('',#166,1.);
#166 = DIRECTION('',(0.,0.,1.));
#167 = ORIENTED_EDGE('',*,*,#168,.T.);
#168 = EDGE_CURVE('',#159,#169,#171,.T.);
#169 = VERTEX_POINT('',#170);
#170 = CARTESIAN_POINT('',(-255.0668,0.,-56.67289526213));
#171 = CIRCLE('',#172,5.969);
#172 = AXIS2_PLACEMENT_3D('',#173,#174,#175);
#173 = CARTESIAN_POINT('',(-254.,0.,-50.8));
#174 = DIRECTION('',(0.,-1.,2.22044604925E-16));
#175 = DIRECTION('',(1.,0.,0.));
#176 = ORIENTED_EDGE('',*,*,#177,.F.);
#177 = EDGE_CURVE('',#178,#169,#180,.T.);
#178 = VERTEX_POINT('',#179);
#179 = CARTESIAN_POINT('',(-255.0668,0.,-55.52989526213));
#180 = LINE('',#181,#182);
#181 = CARTESIAN_POINT('',(-255.0668,0.,-28.33644763106));
#182 = VECTOR('',#183,1.);
#183 = DIRECTION('',(0.,0.,-1.));
#184 = ORIENTED_EDGE('',*,*,#185,.F.);
#185 = EDGE_CURVE('',#161,#178,#186,.T.);
#186 = LINE('',#187,#188);
#187 = CARTESIAN_POINT('',(-148.7640006289,0.,-55.52989526213));
#188 = VECTOR('',#189,1.);
#189 = DIRECTION('',(-1.,0.,0.));
#190 = FACE_BOUND('',#191,.T.);
#191 = EDGE_LOOP('',(#192,#202,#211,#219));
#192 = ORIENTED_EDGE('',*,*,#193,.F.);
#193 = EDGE_CURVE('',#194,#196,#198,.T.);
#194 = VERTEX_POINT('',#195);
#195 = CARTESIAN_POINT('',(-214.8332,0.,-56.67289526213));
#196 = VERTEX_POINT('',#197);
#197 = CARTESIAN_POINT('',(-214.8332,0.,-55.52989526213));
#198 = LINE('',#199,#200);
#199 = CARTESIAN_POINT('',(-214.8332,0.,-27.76494763106));
#200 = VECTOR('',#201,1.);
#201 = DIRECTION('',(0.,0.,1.));
#202 = ORIENTED_EDGE('',*,*,#203,.T.);
#203 = EDGE_CURVE('',#194,#204,#206,.T.);
#204 = VERTEX_POINT('',#205);
#205 = CARTESIAN_POINT('',(-216.9668,0.,-56.67289526213));
#206 = CIRCLE('',#207,5.969);
#207 = AXIS2_PLACEMENT_3D('',#208,#209,#210);
#208 = CARTESIAN_POINT('',(-215.9,0.,-50.8));
#209 = DIRECTION('',(0.,-1.,2.22044604925E-16));
#210 = DIRECTION('',(1.,0.,0.));
#211 = ORIENTED_EDGE('',*,*,#212,.F.);
#212 = EDGE_CURVE('',#213,#204,#215,.T.);
#213 = VERTEX_POINT('',#214);
#214 = CARTESIAN_POINT('',(-216.9668,0.,-55.52989526213));
#215 = LINE('',#216,#217);
#216 = CARTESIAN_POINT('',(-216.9668,0.,-28.33644763106));
#217 = VECTOR('',#218,1.);
#218 = DIRECTION('',(0.,0.,-1.));
#219 = ORIENTED_EDGE('',*,*,#220,.F.);
#220 = EDGE_CURVE('',#196,#213,#221,.T.);
#221 = LINE('',#222,#223);
#222 = CARTESIAN_POINT('',(-129.7140006289,0.,-55.52989526213));
#223 = VECTOR('',#224,1.);
#224 = DIRECTION('',(-1.,0.,0.));
#225 = FACE_BOUND('',#226,.T.);
#226 = EDGE_LOOP('',(#227,#237,#246,#254));
#227 = ORIENTED_EDGE('',*,*,#228,.T.);
#228 = EDGE_CURVE('',#229,#231,#233,.T.);
#229 = VERTEX_POINT('',#230);
#230 = CARTESIAN_POINT('',(-304.8508,0.,-25.4));
#231 = VERTEX_POINT('',#232);
#232 = CARTESIAN_POINT('',(-299.7708,0.,-25.4));
#233 = LINE('',#234,#235);
#234 = CARTESIAN_POINT('',(-171.1160006289,0.,-25.4));
#235 = VECTOR('',#236,1.);
#236 = DIRECTION('',(1.,0.,0.));
#237 = ORIENTED_EDGE('',*,*,#238,.T.);
#238 = EDGE_CURVE('',#231,#239,#241,.T.);
#239 = VERTEX_POINT('',#240);
#240 = CARTESIAN_POINT('',(-299.7708,0.,-19.05));
#241 = CIRCLE('',#242,3.175);
#242 = AXIS2_PLACEMENT_3D('',#243,#244,#245);
#243 = CARTESIAN_POINT('',(-299.7708,0.,-22.225));
#244 = DIRECTION('',(0.,-1.,2.2E-16));
#245 = DIRECTION('',(-1.,0.,0.));
#246 = ORIENTED_EDGE('',*,*,#247,.F.);
#247 = EDGE_CURVE('',#248,#239,#250,.T.);
#248 = VERTEX_POINT('',#249);
#249 = CARTESIAN_POINT('',(-304.8508,0.,-19.05));
#250 = LINE('',#251,#252);
#251 = CARTESIAN_POINT('',(-171.1160006289,0.,-19.05));
#252 = VECTOR('',#253,1.);
#253 = DIRECTION('',(1.,0.,0.));
#254 = ORIENTED_EDGE('',*,*,#255,.T.);
#255 = EDGE_CURVE('',#248,#229,#256,.T.);
#256 = CIRCLE('',#257,3.175);
#257 = AXIS2_PLACEMENT_3D('',#258,#259,#260);
#258 = CARTESIAN_POINT('',(-304.8508,0.,-22.225));
#259 = DIRECTION('',(0.,-1.,2.2E-16));
#260 = DIRECTION('',(-1.,0.,0.));
#261 = FACE_BOUND('',#262,.T.);
#262 = EDGE_LOOP('',(#263));
#263 = ORIENTED_EDGE('',*,*,#264,.T.);
#264 = EDGE_CURVE('',#265,#265,#267,.T.);
#265 = VERTEX_POINT('',#266);
#266 = CARTESIAN_POINT('',(-252.349,0.,-7.04991620637E-16));
#267 = CIRCLE('',#268,1.651);
#268 = AXIS2_PLACEMENT_3D('',#269,#270,#271);
#269 = CARTESIAN_POINT('',(-254.,0.,-7.04991620637E-16));
#270 = DIRECTION('',(0.,-1.,2.22044604925E-16));
#271 = DIRECTION('',(1.,0.,0.));
#272 = FACE_BOUND('',#273,.T.);
#273 = EDGE_LOOP('',(#274,#284,#293,#301,#310,#318,#327,#335));
#274 = ORIENTED_EDGE('',*,*,#275,.F.);
#275 = EDGE_CURVE('',#276,#278,#280,.T.);
#276 = VERTEX_POINT('',#277);
#277 = CARTESIAN_POINT('',(-251.206,0.,-18.796));
#278 = VERTEX_POINT('',#279);
#279 = CARTESIAN_POINT('',(-251.206,0.,-6.604));
#280 = LINE('',#281,#282);
#281 = CARTESIAN_POINT('',(-251.206,0.,-3.302));
#282 = VECTOR('',#283,1.);
#283 = DIRECTION('',(0.,0.,1.));
#284 = ORIENTED_EDGE('',*,*,#285,.T.);
#285 = EDGE_CURVE('',#276,#286,#288,.T.);
#286 = VERTEX_POINT('',#287);
#287 = CARTESIAN_POINT('',(-247.396,0.,-22.606));
#288 = CIRCLE('',#289,3.81);
#289 = AXIS2_PLACEMENT_3D('',#290,#291,#292);
#290 = CARTESIAN_POINT('',(-247.396,0.,-18.796));
#291 = DIRECTION('',(0.,-1.,2.2E-16));
#292 = DIRECTION('',(1.,0.,0.));
#293 = ORIENTED_EDGE('',*,*,#294,.F.);
#294 = EDGE_CURVE('',#295,#286,#297,.T.);
#295 = VERTEX_POINT('',#296);
#296 = CARTESIAN_POINT('',(-222.504,0.,-22.606));
#297 = LINE('',#298,#299);
#298 = CARTESIAN_POINT('',(-144.9286006289,0.,-22.606));
#299 = VECTOR('',#300,1.);
#300 = DIRECTION('',(-1.,0.,0.));
#301 = ORIENTED_EDGE('',*,*,#302,.T.);
#302 = EDGE_CURVE('',#295,#303,#305,.T.);
#303 = VERTEX_POINT('',#304);
#304 = CARTESIAN_POINT('',(-218.694,0.,-18.796));
#305 = CIRCLE('',#306,3.81);
#306 = AXIS2_PLACEMENT_3D('',#307,#308,#309);
#307 = CARTESIAN_POINT('',(-222.504,0.,-18.796));
#308 = DIRECTION('',(0.,-1.,2.2E-16));
#309 = DIRECTION('',(1.,0.,0.));
#310 = ORIENTED_EDGE('',*,*,#311,.F.);
#311 = EDGE_CURVE('',#312,#303,#314,.T.);
#312 = VERTEX_POINT('',#313);
#313 = CARTESIAN_POINT('',(-218.694,0.,-6.604));
#314 = LINE('',#315,#316);
#315 = CARTESIAN_POINT('',(-218.694,0.,-9.398));
#316 = VECTOR('',#317,1.);
#317 = DIRECTION('',(0.,0.,-1.));
#318 = ORIENTED_EDGE('',*,*,#319,.T.);
#319 = EDGE_CURVE('',#312,#320,#322,.T.);
#320 = VERTEX_POINT('',#321);
#321 = CARTESIAN_POINT('',(-222.504,0.,-2.794));
#322 = CIRCLE('',#323,3.81);
#323 = AXIS2_PLACEMENT_3D('',#324,#325,#326);
#324 = CARTESIAN_POINT('',(-222.504,0.,-6.604));
#325 = DIRECTION('',(0.,-1.,2.2E-16));
#326 = DIRECTION('',(1.,0.,0.));
#327 = ORIENTED_EDGE('',*,*,#328,.F.);
#328 = EDGE_CURVE('',#329,#320,#331,.T.);
#329 = VERTEX_POINT('',#330);
#330 = CARTESIAN_POINT('',(-247.396,0.,-2.794));
#331 = LINE('',#332,#333);
#332 = CARTESIAN_POINT('',(-132.4826006289,0.,-2.794));
#333 = VECTOR('',#334,1.);
#334 = DIRECTION('',(1.,0.,0.));
#335 = ORIENTED_EDGE('',*,*,#336,.T.);
#336 = EDGE_CURVE('',#329,#278,#337,.T.);
#337 = CIRCLE('',#338,3.81);
#338 = AXIS2_PLACEMENT_3D('',#339,#340,#341);
#339 = CARTESIAN_POINT('',(-247.396,0.,-6.604));
#340 = DIRECTION('',(0.,-1.,2.2E-16));
#341 = DIRECTION('',(1.,0.,0.));
#342 = FACE_BOUND('',#343,.T.);
#343 = EDGE_LOOP('',(#344,#355,#363,#372,#380,#389,#397,#406));
#344 = ORIENTED_EDGE('',*,*,#345,.T.);
#345 = EDGE_CURVE('',#346,#348,#350,.T.);
#346 = VERTEX_POINT('',#347);
#347 = CARTESIAN_POINT('',(-184.404,0.,-22.606));
#348 = VERTEX_POINT('',#349);
#349 = CARTESIAN_POINT('',(-180.594,0.,-18.796));
#350 = CIRCLE('',#351,3.81);
#351 = AXIS2_PLACEMENT_3D('',#352,#353,#354);
#352 = CARTESIAN_POINT('',(-184.404,0.,-18.796));
#353 = DIRECTION('',(0.,-1.,2.2E-16));
#354 = DIRECTION('',(-1.,0.,0.));
#355 = ORIENTED_EDGE('',*,*,#356,.T.);
#356 = EDGE_CURVE('',#348,#357,#359,.T.);
#357 = VERTEX_POINT('',#358);
#358 = CARTESIAN_POINT('',(-180.594,0.,-6.604));
#359 = LINE('',#360,#361);
#360 = CARTESIAN_POINT('',(-180.594,0.,-3.302));
#361 = VECTOR('',#362,1.);
#362 = DIRECTION('',(0.,0.,1.));
#363 = ORIENTED_EDGE('',*,*,#364,.T.);
#364 = EDGE_CURVE('',#357,#365,#367,.T.);
#365 = VERTEX_POINT('',#366);
#366 = CARTESIAN_POINT('',(-184.404,0.,-2.794));
#367 = CIRCLE('',#368,3.81);
#368 = AXIS2_PLACEMENT_3D('',#369,#370,#371);
#369 = CARTESIAN_POINT('',(-184.404,0.,-6.604));
#370 = DIRECTION('',(0.,-1.,2.2E-16));
#371 = DIRECTION('',(-1.,0.,0.));
#372 = ORIENTED_EDGE('',*,*,#373,.T.);
#373 = EDGE_CURVE('',#365,#374,#376,.T.);
#374 = VERTEX_POINT('',#375);
#375 = CARTESIAN_POINT('',(-209.296,0.,-2.794));
#376 = LINE('',#377,#378);
#377 = CARTESIAN_POINT('',(-125.8786006289,0.,-2.794));
#378 = VECTOR('',#379,1.);
#379 = DIRECTION('',(-1.,0.,0.));
#380 = ORIENTED_EDGE('',*,*,#381,.T.);
#381 = EDGE_CURVE('',#374,#382,#384,.T.);
#382 = VERTEX_POINT('',#383);
#383 = CARTESIAN_POINT('',(-213.106,0.,-6.604));
#384 = CIRCLE('',#385,3.81);
#385 = AXIS2_PLACEMENT_3D('',#386,#387,#388);
#386 = CARTESIAN_POINT('',(-209.296,0.,-6.604));
#387 = DIRECTION('',(0.,-1.,2.2E-16));
#388 = DIRECTION('',(-1.,0.,0.));
#389 = ORIENTED_EDGE('',*,*,#390,.T.);
#390 = EDGE_CURVE('',#382,#391,#393,.T.);
#391 = VERTEX_POINT('',#392);
#392 = CARTESIAN_POINT('',(-213.106,0.,-18.796));
#393 = LINE('',#394,#395);
#394 = CARTESIAN_POINT('',(-213.106,0.,-9.398));
#395 = VECTOR('',#396,1.);
#396 = DIRECTION('',(0.,0.,-1.));
#397 = ORIENTED_EDGE('',*,*,#398,.T.);
#398 = EDGE_CURVE('',#391,#399,#401,.T.);
#399 = VERTEX_POINT('',#400);
#400 = CARTESIAN_POINT('',(-209.296,0.,-22.606));
#401 = CIRCLE('',#402,3.81);
#402 = AXIS2_PLACEMENT_3D('',#403,#404,#405);
#403 = CARTESIAN_POINT('',(-209.296,0.,-18.796));
#404 = DIRECTION('',(0.,-1.,2.2E-16));
#405 = DIRECTION('',(-1.,0.,0.));
#406 = ORIENTED_EDGE('',*,*,#407,.T.);
#407 = EDGE_CURVE('',#399,#346,#408,.T.);
#408 = LINE('',#409,#410);
#409 = CARTESIAN_POINT('',(-113.4326006289,0.,-22.606));
#410 = VECTOR('',#411,1.);
#411 = DIRECTION('',(1.,0.,0.));
#412 = FACE_BOUND('',#413,.T.);
#413 = EDGE_LOOP('',(#414));
#414 = ORIENTED_EDGE('',*,*,#415,.T.);
#415 = EDGE_CURVE('',#416,#416,#418,.T.);
#416 = VERTEX_POINT('',#417);
#417 = CARTESIAN_POINT('',(-130.8735,0.,-62.4967));
#418 = CIRCLE('',#419,1.6256);
#419 = AXIS2_PLACEMENT_3D('',#420,#421,#422);
#420 = CARTESIAN_POINT('',(-132.4991,0.,-62.4967));
#421 = DIRECTION('',(0.,-1.,0.));
#422 = DIRECTION('',(1.,0.,0.));
#423 = FACE_BOUND('',#424,.T.);
#424 = EDGE_LOOP('',(#425,#435,#444,#452));
#425 = ORIENTED_EDGE('',*,*,#426,.F.);
#426 = EDGE_CURVE('',#427,#429,#431,.T.);
#427 = VERTEX_POINT('',#428);
#428 = CARTESIAN_POINT('',(-176.7332,0.,-56.67289526213));
#429 = VERTEX_POINT('',#430);
#430 = CARTESIAN_POINT('',(-176.7332,0.,-55.52989526213));
#431 = LINE('',#432,#433);
#432 = CARTESIAN_POINT('',(-176.7332,0.,-27.76494763106));
#433 = VECTOR('',#434,1.);
#434 = DIRECTION('',(0.,0.,1.));
#435 = ORIENTED_EDGE('',*,*,#436,.T.);
#436 = EDGE_CURVE('',#427,#437,#439,.T.);
#437 = VERTEX_POINT('',#438);
#438 = CARTESIAN_POINT('',(-178.8668,0.,-56.67289526213));
#439 = CIRCLE('',#440,5.969);
#440 = AXIS2_PLACEMENT_3D('',#441,#442,#443);
#441 = CARTESIAN_POINT('',(-177.8,0.,-50.8));
#442 = DIRECTION('',(0.,-1.,2.22044604925E-16));
#443 = DIRECTION('',(1.,0.,0.));
#444 = ORIENTED_EDGE('',*,*,#445,.F.);
#445 = EDGE_CURVE('',#446,#437,#448,.T.);
#446 = VERTEX_POINT('',#447);
#447 = CARTESIAN_POINT('',(-178.8668,0.,-55.52989526213));
#448 = LINE('',#449,#450);
#449 = CARTESIAN_POINT('',(-178.8668,0.,-28.33644763106));
#450 = VECTOR('',#451,1.);
#451 = DIRECTION('',(0.,0.,-1.));
#452 = ORIENTED_EDGE('',*,*,#453,.F.);
#453 = EDGE_CURVE('',#429,#446,#454,.T.);
#454 = LINE('',#455,#456);
#455 = CARTESIAN_POINT('',(-110.6640006289,0.,-55.52989526213));
#456 = VECTOR('',#457,1.);
#457 = DIRECTION('',(-1.,0.,0.));
#458 = FACE_BOUND('',#459,.T.);
#459 = EDGE_LOOP('',(#460));
#460 = ORIENTED_EDGE('',*,*,#461,.T.);
#461 = EDGE_CURVE('',#462,#462,#464,.T.);
#462 = VERTEX_POINT('',#463);
#463 = CARTESIAN_POINT('',(-176.149,0.,-7.04991620637E-16));
#464 = CIRCLE('',#465,1.651);
#465 = AXIS2_PLACEMENT_3D('',#466,#467,#468);
#466 = CARTESIAN_POINT('',(-177.8,0.,-7.04991620637E-16));
#467 = DIRECTION('',(0.,-1.,2.22044604925E-16));
#468 = DIRECTION('',(1.,0.,0.));
#469 = FACE_BOUND('',#470,.T.);
#470 = EDGE_LOOP('',(#471,#481,#490,#498));
#471 = ORIENTED_EDGE('',*,*,#472,.T.);
#472 = EDGE_CURVE('',#473,#475,#477,.T.);
#473 = VERTEX_POINT('',#474);
#474 = CARTESIAN_POINT('',(-304.8508,0.,19.05));
#475 = VERTEX_POINT('',#476);
#476 = CARTESIAN_POINT('',(-299.7708,0.,19.05));
#477 = LINE('',#478,#479);
#478 = CARTESIAN_POINT('',(-171.1160006289,0.,19.05));
#479 = VECTOR('',#480,1.);
#480 = DIRECTION('',(1.,0.,0.));
#481 = ORIENTED_EDGE('',*,*,#482,.T.);
#482 = EDGE_CURVE('',#475,#483,#485,.T.);
#483 = VERTEX_POINT('',#484);
#484 = CARTESIAN_POINT('',(-299.7708,0.,25.4));
#485 = CIRCLE('',#486,3.175);
#486 = AXIS2_PLACEMENT_3D('',#487,#488,#489);
#487 = CARTESIAN_POINT('',(-299.7708,0.,22.225));
#488 = DIRECTION('',(0.,-1.,2.2E-16));
#489 = DIRECTION('',(-1.,0.,0.));
#490 = ORIENTED_EDGE('',*,*,#491,.F.);
#491 = EDGE_CURVE('',#492,#483,#494,.T.);
#492 = VERTEX_POINT('',#493);
#493 = CARTESIAN_POINT('',(-304.8508,0.,25.4));
#494 = LINE('',#495,#496);
#495 = CARTESIAN_POINT('',(-171.1160006289,0.,25.4));
#496 = VECTOR('',#497,1.);
#497 = DIRECTION('',(1.,0.,0.));
#498 = ORIENTED_EDGE('',*,*,#499,.T.);
#499 = EDGE_CURVE('',#492,#473,#500,.T.);
#500 = CIRCLE('',#501,3.175);
#501 = AXIS2_PLACEMENT_3D('',#502,#503,#504);
#502 = CARTESIAN_POINT('',(-304.8508,0.,22.225));
#503 = DIRECTION('',(0.,-1.,2.2E-16));
#504 = DIRECTION('',(-1.,0.,0.));
#505 = FACE_BOUND('',#506,.T.);
#506 = EDGE_LOOP('',(#507,#517,#526,#534,#543,#551,#560,#568));
#507 = ORIENTED_EDGE('',*,*,#508,.F.);
#508 = EDGE_CURVE('',#509,#511,#513,.T.);
#509 = VERTEX_POINT('',#510);
#510 = CARTESIAN_POINT('',(-251.206,0.,6.604));
#511 = VERTEX_POINT('',#512);
#512 = CARTESIAN_POINT('',(-251.206,0.,18.796));
#513 = LINE('',#514,#515);
#514 = CARTESIAN_POINT('',(-251.206,0.,9.398));
#515 = VECTOR('',#516,1.);
#516 = DIRECTION('',(0.,0.,1.));
#517 = ORIENTED_EDGE('',*,*,#518,.T.);
#518 = EDGE_CURVE('',#509,#519,#521,.T.);
#519 = VERTEX_POINT('',#520);
#520 = CARTESIAN_POINT('',(-247.396,0.,2.794));
#521 = CIRCLE('',#522,3.81);
#522 = AXIS2_PLACEMENT_3D('',#523,#524,#525);
#523 = CARTESIAN_POINT('',(-247.396,0.,6.604));
#524 = DIRECTION('',(0.,-1.,2.2E-16));
#525 = DIRECTION('',(1.,0.,0.));
#526 = ORIENTED_EDGE('',*,*,#527,.F.);
#527 = EDGE_CURVE('',#528,#519,#530,.T.);
#528 = VERTEX_POINT('',#529);
#529 = CARTESIAN_POINT('',(-222.504,0.,2.794));
#530 = LINE('',#531,#532);
#531 = CARTESIAN_POINT('',(-144.9286006289,0.,2.794));
#532 = VECTOR('',#533,1.);
#533 = DIRECTION('',(-1.,0.,0.));
#534 = ORIENTED_EDGE('',*,*,#535,.T.);
#535 = EDGE_CURVE('',#528,#536,#538,.T.);
#536 = VERTEX_POINT('',#537);
#537 = CARTESIAN_POINT('',(-218.694,0.,6.604));
#538 = CIRCLE('',#539,3.81);
#539 = AXIS2_PLACEMENT_3D('',#540,#541,#542);
#540 = CARTESIAN_POINT('',(-222.504,0.,6.604));
#541 = DIRECTION('',(0.,-1.,2.2E-16));
#542 = DIRECTION('',(1.,0.,0.));
#543 = ORIENTED_EDGE('',*,*,#544,.F.);
#544 = EDGE_CURVE('',#545,#536,#547,.T.);
#545 = VERTEX_POINT('',#546);
#546 = CARTESIAN_POINT('',(-218.694,0.,18.796));
#547 = LINE('',#548,#549);
#548 = CARTESIAN_POINT('',(-218.694,0.,3.302));
#549 = VECTOR('',#550,1.);
#550 = DIRECTION('',(0.,0.,-1.));
#551 = ORIENTED_EDGE('',*,*,#552,.T.);
#552 = EDGE_CURVE('',#545,#553,#555,.T.);
#553 = VERTEX_POINT('',#554);
#554 = CARTESIAN_POINT('',(-222.504,0.,22.606));
#555 = CIRCLE('',#556,3.81);
#556 = AXIS2_PLACEMENT_3D('',#557,#558,#559);
#557 = CARTESIAN_POINT('',(-222.504,0.,18.796));
#558 = DIRECTION('',(0.,-1.,2.2E-16));
#559 = DIRECTION('',(1.,0.,0.));
#560 = ORIENTED_EDGE('',*,*,#561,.F.);
#561 = EDGE_CURVE('',#562,#553,#564,.T.);
#562 = VERTEX_POINT('',#563);
#563 = CARTESIAN_POINT('',(-247.396,0.,22.606));
#564 = LINE('',#565,#566);
#565 = CARTESIAN_POINT('',(-132.4826006289,0.,22.606));
#566 = VECTOR('',#567,1.);
#567 = DIRECTION('',(1.,0.,0.));
#568 = ORIENTED_EDGE('',*,*,#569,.T.);
#569 = EDGE_CURVE('',#562,#511,#570,.T.);
#570 = CIRCLE('',#571,3.81);
#571 = AXIS2_PLACEMENT_3D('',#572,#573,#574);
#572 = CARTESIAN_POINT('',(-247.396,0.,18.796));
#573 = DIRECTION('',(0.,-1.,2.2E-16));
#574 = DIRECTION('',(1.,0.,0.));
#575 = FACE_BOUND('',#576,.T.);
#576 = EDGE_LOOP('',(#577,#588,#596,#605,#613,#622,#630,#639));
#577 = ORIENTED_EDGE('',*,*,#578,.T.);
#578 = EDGE_CURVE('',#579,#581,#583,.T.);
#579 = VERTEX_POINT('',#580);
#580 = CARTESIAN_POINT('',(-184.404,0.,2.794));
#581 = VERTEX_POINT('',#582);
#582 = CARTESIAN_POINT('',(-180.594,0.,6.604));
#583 = CIRCLE('',#584,3.81);
#584 = AXIS2_PLACEMENT_3D('',#585,#586,#587);
#585 = CARTESIAN_POINT('',(-184.404,0.,6.604));
#586 = DIRECTION('',(0.,-1.,2.2E-16));
#587 = DIRECTION('',(-1.,0.,0.));
#588 = ORIENTED_EDGE('',*,*,#589,.T.);
#589 = EDGE_CURVE('',#581,#590,#592,.T.);
#590 = VERTEX_POINT('',#591);
#591 = CARTESIAN_POINT('',(-180.594,0.,18.796));
#592 = LINE('',#593,#594);
#593 = CARTESIAN_POINT('',(-180.594,0.,9.398));
#594 = VECTOR('',#595,1.);
#595 = DIRECTION('',(0.,0.,1.));
#596 = ORIENTED_EDGE('',*,*,#597,.T.);
#597 = EDGE_CURVE('',#590,#598,#600,.T.);
#598 = VERTEX_POINT('',#599);
#599 = CARTESIAN_POINT('',(-184.404,0.,22.606));
#600 = CIRCLE('',#601,3.81);
#601 = AXIS2_PLACEMENT_3D('',#602,#603,#604);
#602 = CARTESIAN_POINT('',(-184.404,0.,18.796));
#603 = DIRECTION('',(0.,-1.,2.2E-16));
#604 = DIRECTION('',(-1.,0.,0.));
#605 = ORIENTED_EDGE('',*,*,#606,.T.);
#606 = EDGE_CURVE('',#598,#607,#609,.T.);
#607 = VERTEX_POINT('',#608);
#608 = CARTESIAN_POINT('',(-209.296,0.,22.606));
#609 = LINE('',#610,#611);
#610 = CARTESIAN_POINT('',(-125.8786006289,0.,22.606));
#611 = VECTOR('',#612,1.);
#612 = DIRECTION('',(-1.,0.,0.));
#613 = ORIENTED_EDGE('',*,*,#614,.T.);
#614 = EDGE_CURVE('',#607,#615,#617,.T.);
#615 = VERTEX_POINT('',#616);
#616 = CARTESIAN_POINT('',(-213.106,0.,18.796));
#617 = CIRCLE('',#618,3.81);
#618 = AXIS2_PLACEMENT_3D('',#619,#620,#621);
#619 = CARTESIAN_POINT('',(-209.296,0.,18.796));
#620 = DIRECTION('',(0.,-1.,2.2E-16));
#621 = DIRECTION('',(-1.,0.,0.));
#622 = ORIENTED_EDGE('',*,*,#623,.T.);
#623 = EDGE_CURVE('',#615,#624,#626,.T.);
#624 = VERTEX_POINT('',#625);
#625 = CARTESIAN_POINT('',(-213.106,0.,6.604));
#626 = LINE('',#627,#628);
#627 = CARTESIAN_POINT('',(-213.106,0.,3.302));
#628 = VECTOR('',#629,1.);
#629 = DIRECTION('',(0.,0.,-1.));
#630 = ORIENTED_EDGE('',*,*,#631,.T.);
#631 = EDGE_CURVE('',#624,#632,#634,.T.);
#632 = VERTEX_POINT('',#633);
#633 = CARTESIAN_POINT('',(-209.296,0.,2.794));
#634 = CIRCLE('',#635,3.81);
#635 = AXIS2_PLACEMENT_3D('',#636,#637,#638);
#636 = CARTESIAN_POINT('',(-209.296,0.,6.604));
#637 = DIRECTION('',(0.,-1.,2.2E-16));
#638 = DIRECTION('',(-1.,0.,0.));
#639 = ORIENTED_EDGE('',*,*,#640,.T.);
#640 = EDGE_CURVE('',#632,#579,#641,.T.);
#641 = LINE('',#642,#643);
#642 = CARTESIAN_POINT('',(-113.4326006289,0.,2.794));
#643 = VECTOR('',#644,1.);
#644 = DIRECTION('',(1.,0.,0.));
#645 = FACE_BOUND('',#646,.T.);
#646 = EDGE_LOOP('',(#647));
#647 = ORIENTED_EDGE('',*,*,#648,.T.);
#648 = EDGE_CURVE('',#649,#649,#651,.T.);
#649 = VERTEX_POINT('',#650);
#650 = CARTESIAN_POINT('',(-252.349,0.,50.8));
#651 = CIRCLE('',#652,1.651);
#652 = AXIS2_PLACEMENT_3D('',#653,#654,#655);
#653 = CARTESIAN_POINT('',(-254.,0.,50.8));
#654 = DIRECTION('',(0.,-1.,2.22044604925E-16));
#655 = DIRECTION('',(1.,0.,0.));
#656 = FACE_BOUND('',#657,.T.);
#657 = EDGE_LOOP('',(#658,#668,#677,#685));
#658 = ORIENTED_EDGE('',*,*,#659,.T.);
#659 = EDGE_CURVE('',#660,#662,#664,.T.);
#660 = VERTEX_POINT('',#661);
#661 = CARTESIAN_POINT('',(-304.8508,0.,63.5));
#662 = VERTEX_POINT('',#663);
#663 = CARTESIAN_POINT('',(-299.7708,0.,63.5));
#664 = LINE('',#665,#666);
#665 = CARTESIAN_POINT('',(-171.1160006289,0.,63.5));
#666 = VECTOR('',#667,1.);
#667 = DIRECTION('',(1.,0.,0.));
#668 = ORIENTED_EDGE('',*,*,#669,.T.);
#669 = EDGE_CURVE('',#662,#670,#672,.T.);
#670 = VERTEX_POINT('',#671);
#671 = CARTESIAN_POINT('',(-299.7708,0.,69.85));
#672 = CIRCLE('',#673,3.175);
#673 = AXIS2_PLACEMENT_3D('',#674,#675,#676);
#674 = CARTESIAN_POINT('',(-299.7708,0.,66.675));
#675 = DIRECTION('',(0.,-1.,2.2E-16));
#676 = DIRECTION('',(-1.,0.,0.));
#677 = ORIENTED_EDGE('',*,*,#678,.F.);
#678 = EDGE_CURVE('',#679,#670,#681,.T.);
#679 = VERTEX_POINT('',#680);
#680 = CARTESIAN_POINT('',(-304.8508,0.,69.85));
#681 = LINE('',#682,#683);
#682 = CARTESIAN_POINT('',(-171.1160006289,0.,69.85));
#683 = VECTOR('',#684,1.);
#684 = DIRECTION('',(1.,0.,0.));
#685 = ORIENTED_EDGE('',*,*,#686,.T.);
#686 = EDGE_CURVE('',#679,#660,#687,.T.);
#687 = CIRCLE('',#688,3.175);
#688 = AXIS2_PLACEMENT_3D('',#689,#690,#691);
#689 = CARTESIAN_POINT('',(-304.8508,0.,66.675));
#690 = DIRECTION('',(0.,-1.,2.2E-16));
#691 = DIRECTION('',(-1.,0.,0.));
#692 = FACE_BOUND('',#693,.T.);
#693 = EDGE_LOOP('',(#694,#704,#713,#721,#730,#738,#747,#755));
#694 = ORIENTED_EDGE('',*,*,#695,.F.);
#695 = EDGE_CURVE('',#696,#698,#700,.T.);
#696 = VERTEX_POINT('',#697);
#697 = CARTESIAN_POINT('',(-251.206,0.,32.004));
#698 = VERTEX_POINT('',#699);
#699 = CARTESIAN_POINT('',(-251.206,0.,44.196));
#700 = LINE('',#701,#702);
#701 = CARTESIAN_POINT('',(-251.206,0.,22.098));
#702 = VECTOR('',#703,1.);
#703 = DIRECTION('',(0.,0.,1.));
#704 = ORIENTED_EDGE('',*,*,#705,.T.);
#705 = EDGE_CURVE('',#696,#706,#708,.T.);
#706 = VERTEX_POINT('',#707);
#707 = CARTESIAN_POINT('',(-247.396,0.,28.194));
#708 = CIRCLE('',#709,3.81);
#709 = AXIS2_PLACEMENT_3D('',#710,#711,#712);
#710 = CARTESIAN_POINT('',(-247.396,0.,32.004));
#711 = DIRECTION('',(0.,-1.,2.2E-16));
#712 = DIRECTION('',(1.,0.,0.));
#713 = ORIENTED_EDGE('',*,*,#714,.F.);
#714 = EDGE_CURVE('',#715,#706,#717,.T.);
#715 = VERTEX_POINT('',#716);
#716 = CARTESIAN_POINT('',(-222.504,0.,28.194));
#717 = LINE('',#718,#719);
#718 = CARTESIAN_POINT('',(-144.9286006289,0.,28.194));
#719 = VECTOR('',#720,1.);
#720 = DIRECTION('',(-1.,0.,0.));
#721 = ORIENTED_EDGE('',*,*,#722,.T.);
#722 = EDGE_CURVE('',#715,#723,#725,.T.);
#723 = VERTEX_POINT('',#724);
#724 = CARTESIAN_POINT('',(-218.694,0.,32.004));
#725 = CIRCLE('',#726,3.81);
#726 = AXIS2_PLACEMENT_3D('',#727,#728,#729);
#727 = CARTESIAN_POINT('',(-222.504,0.,32.004));
#728 = DIRECTION('',(0.,-1.,2.2E-16));
#729 = DIRECTION('',(1.,0.,0.));
#730 = ORIENTED_EDGE('',*,*,#731,.F.);
#731 = EDGE_CURVE('',#732,#723,#734,.T.);
#732 = VERTEX_POINT('',#733);
#733 = CARTESIAN_POINT('',(-218.694,0.,44.196));
#734 = LINE('',#735,#736);
#735 = CARTESIAN_POINT('',(-218.694,0.,16.002));
#736 = VECTOR('',#737,1.);
#737 = DIRECTION('',(0.,0.,-1.));
#738 = ORIENTED_EDGE('',*,*,#739,.T.);
#739 = EDGE_CURVE('',#732,#740,#742,.T.);
#740 = VERTEX_POINT('',#741);
#741 = CARTESIAN_POINT('',(-222.504,0.,48.006));
#742 = CIRCLE('',#743,3.81);
#743 = AXIS2_PLACEMENT_3D('',#744,#745,#746);
#744 = CARTESIAN_POINT('',(-222.504,0.,44.196));
#745 = DIRECTION('',(0.,-1.,2.2E-16));
#746 = DIRECTION('',(1.,0.,0.));
#747 = ORIENTED_EDGE('',*,*,#748,.F.);
#748 = EDGE_CURVE('',#749,#740,#751,.T.);
#749 = VERTEX_POINT('',#750);
#750 = CARTESIAN_POINT('',(-247.396,0.,48.006));
#751 = LINE('',#752,#753);
#752 = CARTESIAN_POINT('',(-132.4826006289,0.,48.006));
#753 = VECTOR('',#754,1.);
#754 = DIRECTION('',(1.,0.,0.));
#755 = ORIENTED_EDGE('',*,*,#756,.T.);
#756 = EDGE_CURVE('',#749,#698,#757,.T.);
#757 = CIRCLE('',#758,3.81);
#758 = AXIS2_PLACEMENT_3D('',#759,#760,#761);
#759 = CARTESIAN_POINT('',(-247.396,0.,44.196));
#760 = DIRECTION('',(0.,-1.,2.2E-16));
#761 = DIRECTION('',(1.,0.,0.));
#762 = FACE_BOUND('',#763,.T.);
#763 = EDGE_LOOP('',(#764,#775,#783,#792,#800,#809,#817,#826));
#764 = ORIENTED_EDGE('',*,*,#765,.T.);
#765 = EDGE_CURVE('',#766,#768,#770,.T.);
#766 = VERTEX_POINT('',#767);
#767 = CARTESIAN_POINT('',(-184.404,0.,28.194));
#768 = VERTEX_POINT('',#769);
#769 = CARTESIAN_POINT('',(-180.594,0.,32.004));
#770 = CIRCLE('',#771,3.81);
#771 = AXIS2_PLACEMENT_3D('',#772,#773,#774);
#772 = CARTESIAN_POINT('',(-184.404,0.,32.004));
#773 = DIRECTION('',(0.,-1.,2.2E-16));
#774 = DIRECTION('',(-1.,0.,0.));
#775 = ORIENTED_EDGE('',*,*,#776,.T.);
#776 = EDGE_CURVE('',#768,#777,#779,.T.);
#777 = VERTEX_POINT('',#778);
#778 = CARTESIAN_POINT('',(-180.594,0.,44.196));
#779 = LINE('',#780,#781);
#780 = CARTESIAN_POINT('',(-180.594,0.,22.098));
#781 = VECTOR('',#782,1.);
#782 = DIRECTION('',(0.,0.,1.));
#783 = ORIENTED_EDGE('',*,*,#784,.T.);
#784 = EDGE_CURVE('',#777,#785,#787,.T.);
#785 = VERTEX_POINT('',#786);
#786 = CARTESIAN_POINT('',(-184.404,0.,48.006));
#787 = CIRCLE('',#788,3.81);
#788 = AXIS2_PLACEMENT_3D('',#789,#790,#791);
#789 = CARTESIAN_POINT('',(-184.404,0.,44.196));
#790 = DIRECTION('',(0.,-1.,2.2E-16));
#791 = DIRECTION('',(-1.,0.,0.));
#792 = ORIENTED_EDGE('',*,*,#793,.T.);
#793 = EDGE_CURVE('',#785,#794,#796,.T.);
#794 = VERTEX_POINT('',#795);
#795 = CARTESIAN_POINT('',(-209.296,0.,48.006));
#796 = LINE('',#797,#798);
#797 = CARTESIAN_POINT('',(-125.8786006289,0.,48.006));
#798 = VECTOR('',#799,1.);
#799 = DIRECTION('',(-1.,0.,0.));
#800 = ORIENTED_EDGE('',*,*,#801,.T.);
#801 = EDGE_CURVE('',#794,#802,#804,.T.);
#802 = VERTEX_POINT('',#803);
#803 = CARTESIAN_POINT('',(-213.106,0.,44.196));
#804 = CIRCLE('',#805,3.81);
#805 = AXIS2_PLACEMENT_3D('',#806,#807,#808);
#806 = CARTESIAN_POINT('',(-209.296,0.,44.196));
#807 = DIRECTION('',(0.,-1.,2.2E-16));
#808 = DIRECTION('',(-1.,0.,0.));
#809 = ORIENTED_EDGE('',*,*,#810,.T.);
#810 = EDGE_CURVE('',#802,#811,#813,.T.);
#811 = VERTEX_POINT('',#812);
#812 = CARTESIAN_POINT('',(-213.106,0.,32.004));
#813 = LINE('',#814,#815);
#814 = CARTESIAN_POINT('',(-213.106,0.,16.002));
#815 = VECTOR('',#816,1.);
#816 = DIRECTION('',(0.,0.,-1.));
#817 = ORIENTED_EDGE('',*,*,#818,.T.);
#818 = EDGE_CURVE('',#811,#819,#821,.T.);
#819 = VERTEX_POINT('',#820);
#820 = CARTESIAN_POINT('',(-209.296,0.,28.194));
#821 = CIRCLE('',#822,3.81);
#822 = AXIS2_PLACEMENT_3D('',#823,#824,#825);
#823 = CARTESIAN_POINT('',(-209.296,0.,32.004));
#824 = DIRECTION('',(0.,-1.,2.2E-16));
#825 = DIRECTION('',(-1.,0.,0.));
#826 = ORIENTED_EDGE('',*,*,#827,.T.);
#827 = EDGE_CURVE('',#819,#766,#828,.T.);
#828 = LINE('',#829,#830);
#829 = CARTESIAN_POINT('',(-113.4326006289,0.,28.194));
#830 = VECTOR('',#831,1.);
#831 = DIRECTION('',(1.,0.,0.));
#832 = FACE_BOUND('',#833,.T.);
#833 = EDGE_LOOP('',(#834,#844,#853,#861,#870,#878,#887,#895));
#834 = ORIENTED_EDGE('',*,*,#835,.F.);
#835 = EDGE_CURVE('',#836,#838,#840,.T.);
#836 = VERTEX_POINT('',#837);
#837 = CARTESIAN_POINT('',(-251.206,0.,57.404));
#838 = VERTEX_POINT('',#839);
#839 = CARTESIAN_POINT('',(-251.206,0.,69.596));
#840 = LINE('',#841,#842);
#841 = CARTESIAN_POINT('',(-251.206,0.,34.798));
#842 = VECTOR('',#843,1.);
#843 = DIRECTION('',(0.,0.,1.));
#844 = ORIENTED_EDGE('',*,*,#845,.T.);
#845 = EDGE_CURVE('',#836,#846,#848,.T.);
#846 = VERTEX_POINT('',#847);
#847 = CARTESIAN_POINT('',(-247.396,0.,53.594));
#848 = CIRCLE('',#849,3.81);
#849 = AXIS2_PLACEMENT_3D('',#850,#851,#852);
#850 = CARTESIAN_POINT('',(-247.396,0.,57.404));
#851 = DIRECTION('',(0.,-1.,2.2E-16));
#852 = DIRECTION('',(1.,0.,0.));
#853 = ORIENTED_EDGE('',*,*,#854,.F.);
#854 = EDGE_CURVE('',#855,#846,#857,.T.);
#855 = VERTEX_POINT('',#856);
#856 = CARTESIAN_POINT('',(-222.504,0.,53.594));
#857 = LINE('',#858,#859);
#858 = CARTESIAN_POINT('',(-144.9286006289,0.,53.594));
#859 = VECTOR('',#860,1.);
#860 = DIRECTION('',(-1.,0.,0.));
#861 = ORIENTED_EDGE('',*,*,#862,.T.);
#862 = EDGE_CURVE('',#855,#863,#865,.T.);
#863 = VERTEX_POINT('',#864);
#864 = CARTESIAN_POINT('',(-218.694,0.,57.404));
#865 = CIRCLE('',#866,3.81);
#866 = AXIS2_PLACEMENT_3D('',#867,#868,#869);
#867 = CARTESIAN_POINT('',(-222.504,0.,57.404));
#868 = DIRECTION('',(0.,-1.,2.2E-16));
#869 = DIRECTION('',(1.,0.,0.));
#870 = ORIENTED_EDGE('',*,*,#871,.F.);
#871 = EDGE_CURVE('',#872,#863,#874,.T.);
#872 = VERTEX_POINT('',#873);
#873 = CARTESIAN_POINT('',(-218.694,0.,69.596));
#874 = LINE('',#875,#876);
#875 = CARTESIAN_POINT('',(-218.694,0.,28.702));
#876 = VECTOR('',#877,1.);
#877 = DIRECTION('',(0.,0.,-1.));
#878 = ORIENTED_EDGE('',*,*,#879,.T.);
#879 = EDGE_CURVE('',#872,#880,#882,.T.);
#880 = VERTEX_POINT('',#881);
#881 = CARTESIAN_POINT('',(-222.504,0.,73.406));
#882 = CIRCLE('',#883,3.81);
#883 = AXIS2_PLACEMENT_3D('',#884,#885,#886);
#884 = CARTESIAN_POINT('',(-222.504,0.,69.596));
#885 = DIRECTION('',(0.,-1.,2.2E-16));
#886 = DIRECTION('',(1.,0.,0.));
#887 = ORIENTED_EDGE('',*,*,#888,.F.);
#888 = EDGE_CURVE('',#889,#880,#891,.T.);
#889 = VERTEX_POINT('',#890);
#890 = CARTESIAN_POINT('',(-247.396,0.,73.406));
#891 = LINE('',#892,#893);
#892 = CARTESIAN_POINT('',(-132.4826006289,0.,73.406));
#893 = VECTOR('',#894,1.);
#894 = DIRECTION('',(1.,0.,0.));
#895 = ORIENTED_EDGE('',*,*,#896,.T.);
#896 = EDGE_CURVE('',#889,#838,#897,.T.);
#897 = CIRCLE('',#898,3.81);
#898 = AXIS2_PLACEMENT_3D('',#899,#900,#901);
#899 = CARTESIAN_POINT('',(-247.396,0.,69.596));
#900 = DIRECTION('',(0.,-1.,2.2E-16));
#901 = DIRECTION('',(1.,0.,0.));
#902 = FACE_BOUND('',#903,.T.);
#903 = EDGE_LOOP('',(#904,#915,#923,#932,#940,#949,#957,#966));
#904 = ORIENTED_EDGE('',*,*,#905,.T.);
#905 = EDGE_CURVE('',#906,#908,#910,.T.);
#906 = VERTEX_POINT('',#907);
#907 = CARTESIAN_POINT('',(-184.404,0.,53.594));
#908 = VERTEX_POINT('',#909);
#909 = CARTESIAN_POINT('',(-180.594,0.,57.404));
#910 = CIRCLE('',#911,3.81);
#911 = AXIS2_PLACEMENT_3D('',#912,#913,#914);
#912 = CARTESIAN_POINT('',(-184.404,0.,57.404));
#913 = DIRECTION('',(0.,-1.,2.2E-16));
#914 = DIRECTION('',(-1.,0.,0.));
#915 = ORIENTED_EDGE('',*,*,#916,.T.);
#916 = EDGE_CURVE('',#908,#917,#919,.T.);
#917 = VERTEX_POINT('',#918);
#918 = CARTESIAN_POINT('',(-180.594,0.,69.596));
#919 = LINE('',#920,#921);
#920 = CARTESIAN_POINT('',(-180.594,0.,34.798));
#921 = VECTOR('',#922,1.);
#922 = DIRECTION('',(0.,0.,1.));
#923 = ORIENTED_EDGE('',*,*,#924,.T.);
#924 = EDGE_CURVE('',#917,#925,#927,.T.);
#925 = VERTEX_POINT('',#926);
#926 = CARTESIAN_POINT('',(-184.404,0.,73.406));
#927 = CIRCLE('',#928,3.81);
#928 = AXIS2_PLACEMENT_3D('',#929,#930,#931);
#929 = CARTESIAN_POINT('',(-184.404,0.,69.596));
#930 = DIRECTION('',(0.,-1.,2.2E-16));
#931 = DIRECTION('',(-1.,0.,0.));
#932 = ORIENTED_EDGE('',*,*,#933,.T.);
#933 = EDGE_CURVE('',#925,#934,#936,.T.);
#934 = VERTEX_POINT('',#935);
#935 = CARTESIAN_POINT('',(-209.296,0.,73.406));
#936 = LINE('',#937,#938);
#937 = CARTESIAN_POINT('',(-125.8786006289,0.,73.406));
#938 = VECTOR('',#939,1.);
#939 = DIRECTION('',(-1.,0.,0.));
#940 = ORIENTED_EDGE('',*,*,#941,.T.);
#941 = EDGE_CURVE('',#934,#942,#944,.T.);
#942 = VERTEX_POINT('',#943);
#943 = CARTESIAN_POINT('',(-213.106,0.,69.596));
#944 = CIRCLE('',#945,3.81);
#945 = AXIS2_PLACEMENT_3D('',#946,#947,#948);
#946 = CARTESIAN_POINT('',(-209.296,0.,69.596));
#947 = DIRECTION('',(0.,-1.,2.2E-16));
#948 = DIRECTION('',(-1.,0.,0.));
#949 = ORIENTED_EDGE('',*,*,#950,.T.);
#950 = EDGE_CURVE('',#942,#951,#953,.T.);
#951 = VERTEX_POINT('',#952);
#952 = CARTESIAN_POINT('',(-213.106,0.,57.404));
#953 = LINE('',#954,#955);
#954 = CARTESIAN_POINT('',(-213.106,0.,28.702));
#955 = VECTOR('',#956,1.);
#956 = DIRECTION('',(0.,0.,-1.));
#957 = ORIENTED_EDGE('',*,*,#958,.T.);
#958 = EDGE_CURVE('',#951,#959,#961,.T.);
#959 = VERTEX_POINT('',#960);
#960 = CARTESIAN_POINT('',(-209.296,0.,53.594));
#961 = CIRCLE('',#962,3.81);
#962 = AXIS2_PLACEMENT_3D('',#963,#964,#965);
#963 = CARTESIAN_POINT('',(-209.296,0.,57.404));
#964 = DIRECTION('',(0.,-1.,2.2E-16));
#965 = DIRECTION('',(-1.,0.,0.));
#966 = ORIENTED_EDGE('',*,*,#967,.T.);
#967 = EDGE_CURVE('',#959,#906,#968,.T.);
#968 = LINE('',#969,#970);
#969 = CARTESIAN_POINT('',(-113.4326006289,0.,53.594));
#970 = VECTOR('',#971,1.);
#971 = DIRECTION('',(1.,0.,0.));
#972 = FACE_BOUND('',#973,.T.);
#973 = EDGE_LOOP('',(#974));
#974 = ORIENTED_EDGE('',*,*,#975,.T.);
#975 = EDGE_CURVE('',#976,#976,#978,.T.);
#976 = VERTEX_POINT('',#977);
#977 = CARTESIAN_POINT('',(-176.149,0.,50.8));
#978 = CIRCLE('',#979,1.651);
#979 = AXIS2_PLACEMENT_3D('',#980,#981,#982);
#980 = CARTESIAN_POINT('',(-177.8,0.,50.8));
#981 = DIRECTION('',(0.,-1.,2.22044604925E-16));
#982 = DIRECTION('',(1.,0.,0.));
#983 = FACE_BOUND('',#984,.T.);
#984 = EDGE_LOOP('',(#985));
#985 = ORIENTED_EDGE('',*,*,#986,.T.);
#986 = EDGE_CURVE('',#987,#987,#989,.T.);
#987 = VERTEX_POINT('',#988);
#988 = CARTESIAN_POINT('',(-130.8735,0.,62.4967));
#989 = CIRCLE('',#990,1.6256);
#990 = AXIS2_PLACEMENT_3D('',#991,#992,#993);
#991 = CARTESIAN_POINT('',(-132.4991,0.,62.4967));
#992 = DIRECTION('',(0.,-1.,0.));
#993 = DIRECTION('',(1.,0.,0.));
#994 = FACE_BOUND('',#995,.T.);
#995 = EDGE_LOOP('',(#996));
#996 = ORIENTED_EDGE('',*,*,#997,.T.);
#997 = EDGE_CURVE('',#998,#998,#1000,.T.);
#998 = VERTEX_POINT('',#999);
#999 = CARTESIAN_POINT('',(-5.8801,0.,-62.4967));
#1000 = CIRCLE('',#1001,1.6256);
#1001 = AXIS2_PLACEMENT_3D('',#1002,#1003,#1004);
#1002 = CARTESIAN_POINT('',(-7.5057,0.,-62.4967));
#1003 = DIRECTION('',(0.,-1.,0.));
#1004 = DIRECTION('',(1.,0.,0.));
#1005 = FACE_BOUND('',#1006,.T.);
#1006 = EDGE_LOOP('',(#1007));
#1007 = ORIENTED_EDGE('',*,*,#1008,.T.);
#1008 = EDGE_CURVE('',#1009,#1009,#1011,.T.);
#1009 = VERTEX_POINT('',#1010);
#1010 = CARTESIAN_POINT('',(9.1313,0.,-62.4967));
#1011 = CIRCLE('',#1012,1.6256);
#1012 = AXIS2_PLACEMENT_3D('',#1013,#1014,#1015);
#1013 = CARTESIAN_POINT('',(7.5057,0.,-62.4967));
#1014 = DIRECTION('',(0.,-1.,0.));
#1015 = DIRECTION('',(1.,0.,0.));
#1016 = FACE_BOUND('',#1017,.T.);
#1017 = EDGE_LOOP('',(#1018,#1029,#1037,#1046,#1054,#1063,#1071,#1080,
    #1088,#1097,#1105,#1114,#1122,#1131,#1139,#1148));
#1018 = ORIENTED_EDGE('',*,*,#1019,.F.);
#1019 = EDGE_CURVE('',#1020,#1022,#1024,.T.);
#1020 = VERTEX_POINT('',#1021);
#1021 = CARTESIAN_POINT('',(-132.4991,0.,56.1467));
#1022 = VERTEX_POINT('',#1023);
#1023 = CARTESIAN_POINT('',(-126.1491,0.,62.4967));
#1024 = CIRCLE('',#1025,6.35);
#1025 = AXIS2_PLACEMENT_3D('',#1026,#1027,#1028);
#1026 = CARTESIAN_POINT('',(-132.4991,0.,62.4967));
#1027 = DIRECTION('',(0.,-1.,0.));
#1028 = DIRECTION('',(1.,0.,0.));
#1029 = ORIENTED_EDGE('',*,*,#1030,.F.);
#1030 = EDGE_CURVE('',#1031,#1020,#1033,.T.);
#1031 = VERTEX_POINT('',#1032);
#1032 = CARTESIAN_POINT('',(-132.4991,0.,-56.1467));
#1033 = LINE('',#1034,#1035);
#1034 = CARTESIAN_POINT('',(-132.4991,0.,-56.1467));
#1035 = VECTOR('',#1036,1.);
#1036 = DIRECTION('',(0.,0.,1.));
#1037 = ORIENTED_EDGE('',*,*,#1038,.F.);
#1038 = EDGE_CURVE('',#1039,#1031,#1041,.T.);
#1039 = VERTEX_POINT('',#1040);
#1040 = CARTESIAN_POINT('',(-126.1491,0.,-62.4967));
#1041 = CIRCLE('',#1042,6.35);
#1042 = AXIS2_PLACEMENT_3D('',#1043,#1044,#1045);
#1043 = CARTESIAN_POINT('',(-132.4991,0.,-62.4967));
#1044 = DIRECTION('',(0.,-1.,0.));
#1045 = DIRECTION('',(1.,0.,0.));
#1046 = ORIENTED_EDGE('',*,*,#1047,.F.);
#1047 = EDGE_CURVE('',#1048,#1039,#1050,.T.);
#1048 = VERTEX_POINT('',#1049);
#1049 = CARTESIAN_POINT('',(-13.8557,0.,-62.4967));
#1050 = LINE('',#1051,#1052);
#1051 = CARTESIAN_POINT('',(-13.8557,0.,-62.4967));
#1052 = VECTOR('',#1053,1.);
#1053 = DIRECTION('',(-1.,-0.,-6.E-17));
#1054 = ORIENTED_EDGE('',*,*,#1055,.F.);
#1055 = EDGE_CURVE('',#1056,#1048,#1058,.T.);
#1056 = VERTEX_POINT('',#1057);
#1057 = CARTESIAN_POINT('',(-7.5057,0.,-56.1467));
#1058 = CIRCLE('',#1059,6.35);
#1059 = AXIS2_PLACEMENT_3D('',#1060,#1061,#1062);
#1060 = CARTESIAN_POINT('',(-7.5057,0.,-62.4967));
#1061 = DIRECTION('',(0.,-1.,0.));
#1062 = DIRECTION('',(1.,0.,0.));
#1063 = ORIENTED_EDGE('',*,*,#1064,.F.);
#1064 = EDGE_CURVE('',#1065,#1056,#1067,.T.);
#1065 = VERTEX_POINT('',#1066);
#1066 = CARTESIAN_POINT('',(7.5057,0.,-56.1467));
#1067 = LINE('',#1068,#1069);
#1068 = CARTESIAN_POINT('',(7.5057,0.,-56.1467));
#1069 = VECTOR('',#1070,1.);
#1070 = DIRECTION('',(-1.,0.,0.));
#1071 = ORIENTED_EDGE('',*,*,#1072,.F.);
#1072 = EDGE_CURVE('',#1073,#1065,#1075,.T.);
#1073 = VERTEX_POINT('',#1074);
#1074 = CARTESIAN_POINT('',(13.8557,0.,-62.4967));
#1075 = CIRCLE('',#1076,6.35);
#1076 = AXIS2_PLACEMENT_3D('',#1077,#1078,#1079);
#1077 = CARTESIAN_POINT('',(7.5057,0.,-62.4967));
#1078 = DIRECTION('',(0.,-1.,0.));
#1079 = DIRECTION('',(1.,0.,0.));
#1080 = ORIENTED_EDGE('',*,*,#1081,.F.);
#1081 = EDGE_CURVE('',#1082,#1073,#1084,.T.);
#1082 = VERTEX_POINT('',#1083);
#1083 = CARTESIAN_POINT('',(126.1491,0.,-62.4967));
#1084 = LINE('',#1085,#1086);
#1085 = CARTESIAN_POINT('',(126.1491,0.,-62.4967));
#1086 = VECTOR('',#1087,1.);
#1087 = DIRECTION('',(-1.,0.,6.E-17));
#1088 = ORIENTED_EDGE('',*,*,#1089,.F.);
#1089 = EDGE_CURVE('',#1090,#1082,#1092,.T.);
#1090 = VERTEX_POINT('',#1091);
#1091 = CARTESIAN_POINT('',(132.4991,0.,-56.1467));
#1092 = CIRCLE('',#1093,6.35);
#1093 = AXIS2_PLACEMENT_3D('',#1094,#1095,#1096);
#1094 = CARTESIAN_POINT('',(132.4991,0.,-62.4967));
#1095 = DIRECTION('',(0.,-1.,0.));
#1096 = DIRECTION('',(1.,0.,0.));
#1097 = ORIENTED_EDGE('',*,*,#1098,.F.);
#1098 = EDGE_CURVE('',#1099,#1090,#1101,.T.);
#1099 = VERTEX_POINT('',#1100);
#1100 = CARTESIAN_POINT('',(132.4991,0.,56.1467));
#1101 = LINE('',#1102,#1103);
#1102 = CARTESIAN_POINT('',(132.4991,0.,56.1467));
#1103 = VECTOR('',#1104,1.);
#1104 = DIRECTION('',(0.,0.,-1.));
#1105 = ORIENTED_EDGE('',*,*,#1106,.F.);
#1106 = EDGE_CURVE('',#1107,#1099,#1109,.T.);
#1107 = VERTEX_POINT('',#1108);
#1108 = CARTESIAN_POINT('',(126.1491,0.,62.4967));
#1109 = CIRCLE('',#1110,6.35);
#1110 = AXIS2_PLACEMENT_3D('',#1111,#1112,#1113);
#1111 = CARTESIAN_POINT('',(132.4991,0.,62.4967));
#1112 = DIRECTION('',(0.,-1.,0.));
#1113 = DIRECTION('',(1.,0.,0.));
#1114 = ORIENTED_EDGE('',*,*,#1115,.F.);
#1115 = EDGE_CURVE('',#1116,#1107,#1118,.T.);
#1116 = VERTEX_POINT('',#1117);
#1117 = CARTESIAN_POINT('',(13.8557,0.,62.4967));
#1118 = LINE('',#1119,#1120);
#1119 = CARTESIAN_POINT('',(13.8557,0.,62.4967));
#1120 = VECTOR('',#1121,1.);
#1121 = DIRECTION('',(1.,0.,0.));
#1122 = ORIENTED_EDGE('',*,*,#1123,.F.);
#1123 = EDGE_CURVE('',#1124,#1116,#1126,.T.);
#1124 = VERTEX_POINT('',#1125);
#1125 = CARTESIAN_POINT('',(7.5057,0.,56.1467));
#1126 = CIRCLE('',#1127,6.35);
#1127 = AXIS2_PLACEMENT_3D('',#1128,#1129,#1130);
#1128 = CARTESIAN_POINT('',(7.5057,0.,62.4967));
#1129 = DIRECTION('',(0.,-1.,0.));
#1130 = DIRECTION('',(1.,0.,0.));
#1131 = ORIENTED_EDGE('',*,*,#1132,.F.);
#1132 = EDGE_CURVE('',#1133,#1124,#1135,.T.);
#1133 = VERTEX_POINT('',#1134);
#1134 = CARTESIAN_POINT('',(-7.5057,0.,56.1467));
#1135 = LINE('',#1136,#1137);
#1136 = CARTESIAN_POINT('',(-7.5057,0.,56.1467));
#1137 = VECTOR('',#1138,1.);
#1138 = DIRECTION('',(1.,0.,0.));
#1139 = ORIENTED_EDGE('',*,*,#1140,.F.);
#1140 = EDGE_CURVE('',#1141,#1133,#1143,.T.);
#1141 = VERTEX_POINT('',#1142);
#1142 = CARTESIAN_POINT('',(-13.8557,0.,62.4967));
#1143 = CIRCLE('',#1144,6.35);
#1144 = AXIS2_PLACEMENT_3D('',#1145,#1146,#1147);
#1145 = CARTESIAN_POINT('',(-7.5057,0.,62.4967));
#1146 = DIRECTION('',(0.,-1.,0.));
#1147 = DIRECTION('',(1.,0.,0.));
#1148 = ORIENTED_EDGE('',*,*,#1149,.F.);
#1149 = EDGE_CURVE('',#1022,#1141,#1150,.T.);
#1150 = LINE('',#1151,#1152);
#1151 = CARTESIAN_POINT('',(-126.1491,0.,62.4967));
#1152 = VECTOR('',#1153,1.);
#1153 = DIRECTION('',(1.,0.,-6.E-17));
#1154 = FACE_BOUND('',#1155,.T.);
#1155 = EDGE_LOOP('',(#1156));
#1156 = ORIENTED_EDGE('',*,*,#1157,.T.);
#1157 = EDGE_CURVE('',#1158,#1158,#1160,.T.);
#1158 = VERTEX_POINT('',#1159);
#1159 = CARTESIAN_POINT('',(134.1247,0.,-62.4967));
#1160 = CIRCLE('',#1161,1.6256);
#1161 = AXIS2_PLACEMENT_3D('',#1162,#1163,#1164);
#1162 = CARTESIAN_POINT('',(132.4991,0.,-62.4967));
#1163 = DIRECTION('',(0.,-1.,0.));
#1164 = DIRECTION('',(1.,0.,0.));
#1165 = FACE_BOUND('',#1166,.T.);
#1166 = EDGE_LOOP('',(#1167,#1177,#1186,#1194));
#1167 = ORIENTED_EDGE('',*,*,#1168,.T.);
#1168 = EDGE_CURVE('',#1169,#1171,#1173,.T.);
#1169 = VERTEX_POINT('',#1170);
#1170 = CARTESIAN_POINT('',(165.2524,0.,-63.5));
#1171 = VERTEX_POINT('',#1172);
#1172 = CARTESIAN_POINT('',(160.1724,0.,-63.5));
#1173 = LINE('',#1174,#1175);
#1174 = CARTESIAN_POINT('',(58.855599371023,0.,-63.5));
#1175 = VECTOR('',#1176,1.);
#1176 = DIRECTION('',(-1.,0.,0.));
#1177 = ORIENTED_EDGE('',*,*,#1178,.T.);
#1178 = EDGE_CURVE('',#1171,#1179,#1181,.T.);
#1179 = VERTEX_POINT('',#1180);
#1180 = CARTESIAN_POINT('',(160.1724,0.,-69.85));
#1181 = CIRCLE('',#1182,3.175);
#1182 = AXIS2_PLACEMENT_3D('',#1183,#1184,#1185);
#1183 = CARTESIAN_POINT('',(160.1724,0.,-66.675));
#1184 = DIRECTION('',(0.,-1.,2.2E-16));
#1185 = DIRECTION('',(1.,0.,0.));
#1186 = ORIENTED_EDGE('',*,*,#1187,.F.);
#1187 = EDGE_CURVE('',#1188,#1179,#1190,.T.);
#1188 = VERTEX_POINT('',#1189);
#1189 = CARTESIAN_POINT('',(165.2524,0.,-69.85));
#1190 = LINE('',#1191,#1192);
#1191 = CARTESIAN_POINT('',(58.855599371023,0.,-69.85));
#1192 = VECTOR('',#1193,1.);
#1193 = DIRECTION('',(-1.,0.,0.));
#1194 = ORIENTED_EDGE('',*,*,#1195,.T.);
#1195 = EDGE_CURVE('',#1188,#1169,#1196,.T.);
#1196 = CIRCLE('',#1197,3.175);
#1197 = AXIS2_PLACEMENT_3D('',#1198,#1199,#1200);
#1198 = CARTESIAN_POINT('',(165.2524,0.,-66.675));
#1199 = DIRECTION('',(0.,-1.,2.2E-16));
#1200 = DIRECTION('',(1.,0.,0.));
#1201 = FACE_BOUND('',#1202,.T.);
#1202 = EDGE_LOOP('',(#1203,#1213,#1222,#1230));
#1203 = ORIENTED_EDGE('',*,*,#1204,.T.);
#1204 = EDGE_CURVE('',#1205,#1207,#1209,.T.);
#1205 = VERTEX_POINT('',#1206);
#1206 = CARTESIAN_POINT('',(165.2524,0.,-19.05));
#1207 = VERTEX_POINT('',#1208);
#1208 = CARTESIAN_POINT('',(160.1724,0.,-19.05));
#1209 = LINE('',#1210,#1211);
#1210 = CARTESIAN_POINT('',(58.855599371023,0.,-19.05));
#1211 = VECTOR('',#1212,1.);
#1212 = DIRECTION('',(-1.,0.,0.));
#1213 = ORIENTED_EDGE('',*,*,#1214,.T.);
#1214 = EDGE_CURVE('',#1207,#1215,#1217,.T.);
#1215 = VERTEX_POINT('',#1216);
#1216 = CARTESIAN_POINT('',(160.1724,0.,-25.4));
#1217 = CIRCLE('',#1218,3.175);
#1218 = AXIS2_PLACEMENT_3D('',#1219,#1220,#1221);
#1219 = CARTESIAN_POINT('',(160.1724,0.,-22.225));
#1220 = DIRECTION('',(0.,-1.,2.2E-16));
#1221 = DIRECTION('',(1.,0.,0.));
#1222 = ORIENTED_EDGE('',*,*,#1223,.F.);
#1223 = EDGE_CURVE('',#1224,#1215,#1226,.T.);
#1224 = VERTEX_POINT('',#1225);
#1225 = CARTESIAN_POINT('',(165.2524,0.,-25.4));
#1226 = LINE('',#1227,#1228);
#1227 = CARTESIAN_POINT('',(58.855599371023,0.,-25.4));
#1228 = VECTOR('',#1229,1.);
#1229 = DIRECTION('',(-1.,0.,0.));
#1230 = ORIENTED_EDGE('',*,*,#1231,.T.);
#1231 = EDGE_CURVE('',#1224,#1205,#1232,.T.);
#1232 = CIRCLE('',#1233,3.175);
#1233 = AXIS2_PLACEMENT_3D('',#1234,#1235,#1236);
#1234 = CARTESIAN_POINT('',(165.2524,0.,-22.225));
#1235 = DIRECTION('',(0.,-1.,2.2E-16));
#1236 = DIRECTION('',(1.,0.,0.));
#1237 = FACE_BOUND('',#1238,.T.);
#1238 = EDGE_LOOP('',(#1239));
#1239 = ORIENTED_EDGE('',*,*,#1240,.T.);
#1240 = EDGE_CURVE('',#1241,#1241,#1243,.T.);
#1241 = VERTEX_POINT('',#1242);
#1242 = CARTESIAN_POINT('',(-5.8801,0.,62.4967));
#1243 = CIRCLE('',#1244,1.6256);
#1244 = AXIS2_PLACEMENT_3D('',#1245,#1246,#1247);
#1245 = CARTESIAN_POINT('',(-7.5057,0.,62.4967));
#1246 = DIRECTION('',(0.,-1.,0.));
#1247 = DIRECTION('',(1.,0.,0.));
#1248 = FACE_BOUND('',#1249,.T.);
#1249 = EDGE_LOOP('',(#1250));
#1250 = ORIENTED_EDGE('',*,*,#1251,.T.);
#1251 = EDGE_CURVE('',#1252,#1252,#1254,.T.);
#1252 = VERTEX_POINT('',#1253);
#1253 = CARTESIAN_POINT('',(9.1313,0.,62.4967));
#1254 = CIRCLE('',#1255,1.6256);
#1255 = AXIS2_PLACEMENT_3D('',#1256,#1257,#1258);
#1256 = CARTESIAN_POINT('',(7.5057,0.,62.4967));
#1257 = DIRECTION('',(0.,-1.,0.));
#1258 = DIRECTION('',(1.,0.,0.));
#1259 = FACE_BOUND('',#1260,.T.);
#1260 = EDGE_LOOP('',(#1261,#1271,#1280,#1288));
#1261 = ORIENTED_EDGE('',*,*,#1262,.T.);
#1262 = EDGE_CURVE('',#1263,#1265,#1267,.T.);
#1263 = VERTEX_POINT('',#1264);
#1264 = CARTESIAN_POINT('',(165.2524,0.,25.4));
#1265 = VERTEX_POINT('',#1266);
#1266 = CARTESIAN_POINT('',(160.1724,0.,25.4));
#1267 = LINE('',#1268,#1269);
#1268 = CARTESIAN_POINT('',(58.855599371023,0.,25.4));
#1269 = VECTOR('',#1270,1.);
#1270 = DIRECTION('',(-1.,0.,0.));
#1271 = ORIENTED_EDGE('',*,*,#1272,.T.);
#1272 = EDGE_CURVE('',#1265,#1273,#1275,.T.);
#1273 = VERTEX_POINT('',#1274);
#1274 = CARTESIAN_POINT('',(160.1724,0.,19.05));
#1275 = CIRCLE('',#1276,3.175);
#1276 = AXIS2_PLACEMENT_3D('',#1277,#1278,#1279);
#1277 = CARTESIAN_POINT('',(160.1724,0.,22.225));
#1278 = DIRECTION('',(0.,-1.,2.2E-16));
#1279 = DIRECTION('',(1.,0.,0.));
#1280 = ORIENTED_EDGE('',*,*,#1281,.F.);
#1281 = EDGE_CURVE('',#1282,#1273,#1284,.T.);
#1282 = VERTEX_POINT('',#1283);
#1283 = CARTESIAN_POINT('',(165.2524,0.,19.05));
#1284 = LINE('',#1285,#1286);
#1285 = CARTESIAN_POINT('',(58.855599371023,0.,19.05));
#1286 = VECTOR('',#1287,1.);
#1287 = DIRECTION('',(-1.,0.,0.));
#1288 = ORIENTED_EDGE('',*,*,#1289,.T.);
#1289 = EDGE_CURVE('',#1282,#1263,#1290,.T.);
#1290 = CIRCLE('',#1291,3.175);
#1291 = AXIS2_PLACEMENT_3D('',#1292,#1293,#1294);
#1292 = CARTESIAN_POINT('',(165.2524,0.,22.225));
#1293 = DIRECTION('',(0.,-1.,2.2E-16));
#1294 = DIRECTION('',(1.,0.,0.));
#1295 = FACE_BOUND('',#1296,.T.);
#1296 = EDGE_LOOP('',(#1297));
#1297 = ORIENTED_EDGE('',*,*,#1298,.T.);
#1298 = EDGE_CURVE('',#1299,#1299,#1301,.T.);
#1299 = VERTEX_POINT('',#1300);
#1300 = CARTESIAN_POINT('',(134.1247,0.,62.4967));
#1301 = CIRCLE('',#1302,1.6256);
#1302 = AXIS2_PLACEMENT_3D('',#1303,#1304,#1305);
#1303 = CARTESIAN_POINT('',(132.4991,0.,62.4967));
#1304 = DIRECTION('',(0.,-1.,0.));
#1305 = DIRECTION('',(1.,0.,0.));
#1306 = FACE_BOUND('',#1307,.T.);
#1307 = EDGE_LOOP('',(#1308,#1318,#1327,#1335));
#1308 = ORIENTED_EDGE('',*,*,#1309,.T.);
#1309 = EDGE_CURVE('',#1310,#1312,#1314,.T.);
#1310 = VERTEX_POINT('',#1311);
#1311 = CARTESIAN_POINT('',(165.2524,0.,69.85));
#1312 = VERTEX_POINT('',#1313);
#1313 = CARTESIAN_POINT('',(160.1724,0.,69.85));
#1314 = LINE('',#1315,#1316);
#1315 = CARTESIAN_POINT('',(58.855599371023,0.,69.85));
#1316 = VECTOR('',#1317,1.);
#1317 = DIRECTION('',(-1.,0.,0.));
#1318 = ORIENTED_EDGE('',*,*,#1319,.T.);
#1319 = EDGE_CURVE('',#1312,#1320,#1322,.T.);
#1320 = VERTEX_POINT('',#1321);
#1321 = CARTESIAN_POINT('',(160.1724,0.,63.5));
#1322 = CIRCLE('',#1323,3.175);
#1323 = AXIS2_PLACEMENT_3D('',#1324,#1325,#1326);
#1324 = CARTESIAN_POINT('',(160.1724,0.,66.675));
#1325 = DIRECTION('',(0.,-1.,2.2E-16));
#1326 = DIRECTION('',(1.,0.,0.));
#1327 = ORIENTED_EDGE('',*,*,#1328,.F.);
#1328 = EDGE_CURVE('',#1329,#1320,#1331,.T.);
#1329 = VERTEX_POINT('',#1330);
#1330 = CARTESIAN_POINT('',(165.2524,0.,63.5));
#1331 = LINE('',#1332,#1333);
#1332 = CARTESIAN_POINT('',(58.855599371023,0.,63.5));
#1333 = VECTOR('',#1334,1.);
#1334 = DIRECTION('',(-1.,0.,0.));
#1335 = ORIENTED_EDGE('',*,*,#1336,.T.);
#1336 = EDGE_CURVE('',#1329,#1310,#1337,.T.);
#1337 = CIRCLE('',#1338,3.175);
#1338 = AXIS2_PLACEMENT_3D('',#1339,#1340,#1341);
#1339 = CARTESIAN_POINT('',(165.2524,0.,66.675));
#1340 = DIRECTION('',(0.,-1.,2.2E-16));
#1341 = DIRECTION('',(1.,0.,0.));
#1342 = PLANE('',#1343);
#1343 = AXIS2_PLACEMENT_3D('',#1344,#1345,#1346);
#1344 = CARTESIAN_POINT('',(-42.46120125795,0.,0.));
#1345 = DIRECTION('',(0.,1.,0.));
#1346 = DIRECTION('',(0.,0.,1.));
#1347 = ADVANCED_FACE('',(#1348),#1367,.T.);
#1348 = FACE_BOUND('',#1349,.F.);
#1349 = EDGE_LOOP('',(#1350,#1351,#1359,#1366));
#1350 = ORIENTED_EDGE('',*,*,#62,.T.);
#1351 = ORIENTED_EDGE('',*,*,#1352,.T.);
#1352 = EDGE_CURVE('',#63,#1353,#1355,.T.);
#1353 = VERTEX_POINT('',#1354);
#1354 = CARTESIAN_POINT('',(-309.7784,-3.175,88.9));
#1355 = LINE('',#1356,#1357);
#1356 = CARTESIAN_POINT('',(-309.7784,1.974E-14,88.9));
#1357 = VECTOR('',#1358,1.);
#1358 = DIRECTION('',(0.,-1.,2.2E-16));
#1359 = ORIENTED_EDGE('',*,*,#1360,.F.);
#1360 = EDGE_CURVE('',#32,#1353,#1361,.T.);
#1361 = CIRCLE('',#1362,1.27);
#1362 = AXIS2_PLACEMENT_3D('',#1363,#1364,#1365);
#1363 = CARTESIAN_POINT('',(-309.7784,-3.175,87.63));
#1364 = DIRECTION('',(0.,1.,-2.2E-16));
#1365 = DIRECTION('',(0.,-2.2E-16,-1.));
#1366 = ORIENTED_EDGE('',*,*,#31,.F.);
#1367 = CYLINDRICAL_SURFACE('',#1368,1.27);
#1368 = AXIS2_PLACEMENT_3D('',#1369,#1370,#1371);
#1369 = CARTESIAN_POINT('',(-309.7784,1.94606E-14,87.63));
#1370 = DIRECTION('',(0.,-1.,2.2E-16));
#1371 = DIRECTION('',(-1.,0.,0.));
#1372 = ADVANCED_FACE('',(#1373),#1392,.T.);
#1373 = FACE_BOUND('',#1374,.T.);
#1374 = EDGE_LOOP('',(#1375,#1376,#1384,#1391));
#1375 = ORIENTED_EDGE('',*,*,#113,.T.);
#1376 = ORIENTED_EDGE('',*,*,#1377,.T.);
#1377 = EDGE_CURVE('',#106,#1378,#1380,.T.);
#1378 = VERTEX_POINT('',#1379);
#1379 = CARTESIAN_POINT('',(-309.7784,-3.175,-88.9));
#1380 = LINE('',#1381,#1382);
#1381 = CARTESIAN_POINT('',(-309.7784,-1.974E-14,-88.9));
#1382 = VECTOR('',#1383,1.);
#1383 = DIRECTION('',(0.,-1.,2.2E-16));
#1384 = ORIENTED_EDGE('',*,*,#1385,.F.);
#1385 = EDGE_CURVE('',#40,#1378,#1386,.T.);
#1386 = CIRCLE('',#1387,1.27);
#1387 = AXIS2_PLACEMENT_3D('',#1388,#1389,#1390);
#1388 = CARTESIAN_POINT('',(-309.7784,-3.175,-87.63));
#1389 = DIRECTION('',(0.,-1.,2.2E-16));
#1390 = DIRECTION('',(0.,-2.2E-16,-1.));
#1391 = ORIENTED_EDGE('',*,*,#47,.F.);
#1392 = CYLINDRICAL_SURFACE('',#1393,1.27);
#1393 = AXIS2_PLACEMENT_3D('',#1394,#1395,#1396);
#1394 = CARTESIAN_POINT('',(-309.7784,-1.94606E-14,-87.63));
#1395 = DIRECTION('',(0.,-1.,2.2E-16));
#1396 = DIRECTION('',(-1.,0.,0.));
#1397 = ADVANCED_FACE('',(#1398,#1443,#1479,#1514,#1549,#1585,#1596,
    #1666,#1736,#1747,#1782,#1793,#1829,#1899,#1969,#1980,#2016,#2086,
    #2156,#2226,#2296,#2307,#2318,#2329,#2340,#2478,#2489,#2525,#2561,
    #2572,#2583,#2619,#2630),#2666,.F.);
#1398 = FACE_BOUND('',#1399,.F.);
#1399 = EDGE_LOOP('',(#1400,#1401,#1402,#1410,#1419,#1427,#1436,#1442));
#1400 = ORIENTED_EDGE('',*,*,#39,.F.);
#1401 = ORIENTED_EDGE('',*,*,#1360,.T.);
#1402 = ORIENTED_EDGE('',*,*,#1403,.F.);
#1403 = EDGE_CURVE('',#1404,#1353,#1406,.T.);
#1404 = VERTEX_POINT('',#1405);
#1405 = CARTESIAN_POINT('',(170.18,-3.175,88.9));
#1406 = LINE('',#1407,#1408);
#1407 = CARTESIAN_POINT('',(171.45,-3.175,88.9));
#1408 = VECTOR('',#1409,1.);
#1409 = DIRECTION('',(-1.,0.,0.));
#1410 = ORIENTED_EDGE('',*,*,#1411,.T.);
#1411 = EDGE_CURVE('',#1404,#1412,#1414,.T.);
#1412 = VERTEX_POINT('',#1413);
#1413 = CARTESIAN_POINT('',(171.45,-3.175,87.63));
#1414 = CIRCLE('',#1415,1.27);
#1415 = AXIS2_PLACEMENT_3D('',#1416,#1417,#1418);
#1416 = CARTESIAN_POINT('',(170.18,-3.175,87.63));
#1417 = DIRECTION('',(0.,1.,-2.2E-16));
#1418 = DIRECTION('',(0.,-2.2E-16,-1.));
#1419 = ORIENTED_EDGE('',*,*,#1420,.F.);
#1420 = EDGE_CURVE('',#1421,#1412,#1423,.T.);
#1421 = VERTEX_POINT('',#1422);
#1422 = CARTESIAN_POINT('',(171.45,-3.175,-87.63));
#1423 = LINE('',#1424,#1425);
#1424 = CARTESIAN_POINT('',(171.45,-3.175,-88.9));
#1425 = VECTOR('',#1426,1.);
#1426 = DIRECTION('',(0.,0.,1.));
#1427 = ORIENTED_EDGE('',*,*,#1428,.F.);
#1428 = EDGE_CURVE('',#1429,#1421,#1431,.T.);
#1429 = VERTEX_POINT('',#1430);
#1430 = CARTESIAN_POINT('',(170.18,-3.175,-88.9));
#1431 = CIRCLE('',#1432,1.27);
#1432 = AXIS2_PLACEMENT_3D('',#1433,#1434,#1435);
#1433 = CARTESIAN_POINT('',(170.18,-3.175,-87.63));
#1434 = DIRECTION('',(0.,-1.,2.2E-16));
#1435 = DIRECTION('',(0.,-2.2E-16,-1.));
#1436 = ORIENTED_EDGE('',*,*,#1437,.F.);
#1437 = EDGE_CURVE('',#1378,#1429,#1438,.T.);
#1438 = LINE('',#1439,#1440);
#1439 = CARTESIAN_POINT('',(-311.0484,-3.175,-88.9));
#1440 = VECTOR('',#1441,1.);
#1441 = DIRECTION('',(1.,0.,0.));
#1442 = ORIENTED_EDGE('',*,*,#1385,.F.);
#1443 = FACE_BOUND('',#1444,.F.);
#1444 = EDGE_LOOP('',(#1445,#1456,#1464,#1473));
#1445 = ORIENTED_EDGE('',*,*,#1446,.F.);
#1446 = EDGE_CURVE('',#1447,#1449,#1451,.T.);
#1447 = VERTEX_POINT('',#1448);
#1448 = CARTESIAN_POINT('',(-299.7708,-3.175,-63.5));
#1449 = VERTEX_POINT('',#1450);
#1450 = CARTESIAN_POINT('',(-299.7708,-3.175,-69.85));
#1451 = CIRCLE('',#1452,3.175);
#1452 = AXIS2_PLACEMENT_3D('',#1453,#1454,#1455);
#1453 = CARTESIAN_POINT('',(-299.7708,-3.175,-66.675));
#1454 = DIRECTION('',(0.,1.,-0.));
#1455 = DIRECTION('',(-1.,0.,-0.));
#1456 = ORIENTED_EDGE('',*,*,#1457,.T.);
#1457 = EDGE_CURVE('',#1447,#1458,#1460,.T.);
#1458 = VERTEX_POINT('',#1459);
#1459 = CARTESIAN_POINT('',(-304.8508,-3.175,-63.5));
#1460 = LINE('',#1461,#1462);
#1461 = CARTESIAN_POINT('',(-299.7708,-3.175,-63.5));
#1462 = VECTOR('',#1463,1.);
#1463 = DIRECTION('',(-1.,0.,-0.));
#1464 = ORIENTED_EDGE('',*,*,#1465,.F.);
#1465 = EDGE_CURVE('',#1466,#1458,#1468,.T.);
#1466 = VERTEX_POINT('',#1467);
#1467 = CARTESIAN_POINT('',(-304.8508,-3.175,-69.85));
#1468 = CIRCLE('',#1469,3.175);
#1469 = AXIS2_PLACEMENT_3D('',#1470,#1471,#1472);
#1470 = CARTESIAN_POINT('',(-304.8508,-3.175,-66.675));
#1471 = DIRECTION('',(0.,1.,-0.));
#1472 = DIRECTION('',(-1.,0.,-0.));
#1473 = ORIENTED_EDGE('',*,*,#1474,.F.);
#1474 = EDGE_CURVE('',#1449,#1466,#1475,.T.);
#1475 = LINE('',#1476,#1477);
#1476 = CARTESIAN_POINT('',(-299.7708,-3.175,-69.85));
#1477 = VECTOR('',#1478,1.);
#1478 = DIRECTION('',(-1.,0.,-0.));
#1479 = FACE_BOUND('',#1480,.F.);
#1480 = EDGE_LOOP('',(#1481,#1491,#1500,#1508));
#1481 = ORIENTED_EDGE('',*,*,#1482,.T.);
#1482 = EDGE_CURVE('',#1483,#1485,#1487,.T.);
#1483 = VERTEX_POINT('',#1484);
#1484 = CARTESIAN_POINT('',(-252.9332,-3.175,-55.52989526213));
#1485 = VERTEX_POINT('',#1486);
#1486 = CARTESIAN_POINT('',(-252.9332,-3.175,-56.67289526213));
#1487 = LINE('',#1488,#1489);
#1488 = CARTESIAN_POINT('',(-252.9332,-3.175,-55.52989526213));
#1489 = VECTOR('',#1490,1.);
#1490 = DIRECTION('',(0.,-2.22044604925E-16,-1.));
#1491 = ORIENTED_EDGE('',*,*,#1492,.T.);
#1492 = EDGE_CURVE('',#1485,#1493,#1495,.T.);
#1493 = VERTEX_POINT('',#1494);
#1494 = CARTESIAN_POINT('',(-255.0668,-3.175,-56.67289526213));
#1495 = CIRCLE('',#1496,5.969);
#1496 = AXIS2_PLACEMENT_3D('',#1497,#1498,#1499);
#1497 = CARTESIAN_POINT('',(-254.,-3.175,-50.8));
#1498 = DIRECTION('',(0.,-1.,2.22044604925E-16));
#1499 = DIRECTION('',(1.,0.,0.));
#1500 = ORIENTED_EDGE('',*,*,#1501,.T.);
#1501 = EDGE_CURVE('',#1493,#1502,#1504,.T.);
#1502 = VERTEX_POINT('',#1503);
#1503 = CARTESIAN_POINT('',(-255.0668,-3.175,-55.52989526213));
#1504 = LINE('',#1505,#1506);
#1505 = CARTESIAN_POINT('',(-255.0668,-3.175,-56.67289526213));
#1506 = VECTOR('',#1507,1.);
#1507 = DIRECTION('',(0.,2.22044604925E-16,1.));
#1508 = ORIENTED_EDGE('',*,*,#1509,.T.);
#1509 = EDGE_CURVE('',#1502,#1483,#1510,.T.);
#1510 = LINE('',#1511,#1512);
#1511 = CARTESIAN_POINT('',(-255.0668,-3.175,-55.52989526213));
#1512 = VECTOR('',#1513,1.);
#1513 = DIRECTION('',(1.,0.,0.));
#1514 = FACE_BOUND('',#1515,.F.);
#1515 = EDGE_LOOP('',(#1516,#1526,#1535,#1543));
#1516 = ORIENTED_EDGE('',*,*,#1517,.T.);
#1517 = EDGE_CURVE('',#1518,#1520,#1522,.T.);
#1518 = VERTEX_POINT('',#1519);
#1519 = CARTESIAN_POINT('',(-214.8332,-3.175,-55.52989526213));
#1520 = VERTEX_POINT('',#1521);
#1521 = CARTESIAN_POINT('',(-214.8332,-3.175,-56.67289526213));
#1522 = LINE('',#1523,#1524);
#1523 = CARTESIAN_POINT('',(-214.8332,-3.175,-55.52989526213));
#1524 = VECTOR('',#1525,1.);
#1525 = DIRECTION('',(0.,-2.22044604925E-16,-1.));
#1526 = ORIENTED_EDGE('',*,*,#1527,.T.);
#1527 = EDGE_CURVE('',#1520,#1528,#1530,.T.);
#1528 = VERTEX_POINT('',#1529);
#1529 = CARTESIAN_POINT('',(-216.9668,-3.175,-56.67289526213));
#1530 = CIRCLE('',#1531,5.969);
#1531 = AXIS2_PLACEMENT_3D('',#1532,#1533,#1534);
#1532 = CARTESIAN_POINT('',(-215.9,-3.175,-50.8));
#1533 = DIRECTION('',(0.,-1.,2.22044604925E-16));
#1534 = DIRECTION('',(1.,0.,0.));
#1535 = ORIENTED_EDGE('',*,*,#1536,.T.);
#1536 = EDGE_CURVE('',#1528,#1537,#1539,.T.);
#1537 = VERTEX_POINT('',#1538);
#1538 = CARTESIAN_POINT('',(-216.9668,-3.175,-55.52989526213));
#1539 = LINE('',#1540,#1541);
#1540 = CARTESIAN_POINT('',(-216.9668,-3.175,-56.67289526213));
#1541 = VECTOR('',#1542,1.);
#1542 = DIRECTION('',(0.,2.22044604925E-16,1.));
#1543 = ORIENTED_EDGE('',*,*,#1544,.T.);
#1544 = EDGE_CURVE('',#1537,#1518,#1545,.T.);
#1545 = LINE('',#1546,#1547);
#1546 = CARTESIAN_POINT('',(-216.9668,-3.175,-55.52989526213));
#1547 = VECTOR('',#1548,1.);
#1548 = DIRECTION('',(1.,0.,0.));
#1549 = FACE_BOUND('',#1550,.F.);
#1550 = EDGE_LOOP('',(#1551,#1562,#1570,#1579));
#1551 = ORIENTED_EDGE('',*,*,#1552,.F.);
#1552 = EDGE_CURVE('',#1553,#1555,#1557,.T.);
#1553 = VERTEX_POINT('',#1554);
#1554 = CARTESIAN_POINT('',(-299.7708,-3.175,-19.05));
#1555 = VERTEX_POINT('',#1556);
#1556 = CARTESIAN_POINT('',(-299.7708,-3.175,-25.4));
#1557 = CIRCLE('',#1558,3.175);
#1558 = AXIS2_PLACEMENT_3D('',#1559,#1560,#1561);
#1559 = CARTESIAN_POINT('',(-299.7708,-3.175,-22.225));
#1560 = DIRECTION('',(0.,1.,-0.));
#1561 = DIRECTION('',(-1.,0.,-0.));
#1562 = ORIENTED_EDGE('',*,*,#1563,.T.);
#1563 = EDGE_CURVE('',#1553,#1564,#1566,.T.);
#1564 = VERTEX_POINT('',#1565);
#1565 = CARTESIAN_POINT('',(-304.8508,-3.175,-19.05));
#1566 = LINE('',#1567,#1568);
#1567 = CARTESIAN_POINT('',(-299.7708,-3.175,-19.05));
#1568 = VECTOR('',#1569,1.);
#1569 = DIRECTION('',(-1.,0.,-0.));
#1570 = ORIENTED_EDGE('',*,*,#1571,.F.);
#1571 = EDGE_CURVE('',#1572,#1564,#1574,.T.);
#1572 = VERTEX_POINT('',#1573);
#1573 = CARTESIAN_POINT('',(-304.8508,-3.175,-25.4));
#1574 = CIRCLE('',#1575,3.175);
#1575 = AXIS2_PLACEMENT_3D('',#1576,#1577,#1578);
#1576 = CARTESIAN_POINT('',(-304.8508,-3.175,-22.225));
#1577 = DIRECTION('',(0.,1.,-0.));
#1578 = DIRECTION('',(-1.,0.,-0.));
#1579 = ORIENTED_EDGE('',*,*,#1580,.F.);
#1580 = EDGE_CURVE('',#1555,#1572,#1581,.T.);
#1581 = LINE('',#1582,#1583);
#1582 = CARTESIAN_POINT('',(-299.7708,-3.175,-25.4));
#1583 = VECTOR('',#1584,1.);
#1584 = DIRECTION('',(-1.,0.,-0.));
#1585 = FACE_BOUND('',#1586,.F.);
#1586 = EDGE_LOOP('',(#1587));
#1587 = ORIENTED_EDGE('',*,*,#1588,.T.);
#1588 = EDGE_CURVE('',#1589,#1589,#1591,.T.);
#1589 = VERTEX_POINT('',#1590);
#1590 = CARTESIAN_POINT('',(-252.349,-3.175,0.));
#1591 = CIRCLE('',#1592,1.651);
#1592 = AXIS2_PLACEMENT_3D('',#1593,#1594,#1595);
#1593 = CARTESIAN_POINT('',(-254.,-3.175,0.));
#1594 = DIRECTION('',(0.,-1.,2.22044604925E-16));
#1595 = DIRECTION('',(1.,0.,0.));
#1596 = FACE_BOUND('',#1597,.F.);
#1597 = EDGE_LOOP('',(#1598,#1609,#1617,#1626,#1634,#1643,#1651,#1660));
#1598 = ORIENTED_EDGE('',*,*,#1599,.T.);
#1599 = EDGE_CURVE('',#1600,#1602,#1604,.T.);
#1600 = VERTEX_POINT('',#1601);
#1601 = CARTESIAN_POINT('',(-247.396,-3.175,-2.794));
#1602 = VERTEX_POINT('',#1603);
#1603 = CARTESIAN_POINT('',(-251.206,-3.175,-6.604));
#1604 = CIRCLE('',#1605,3.81);
#1605 = AXIS2_PLACEMENT_3D('',#1606,#1607,#1608);
#1606 = CARTESIAN_POINT('',(-247.396,-3.175,-6.604));
#1607 = DIRECTION('',(0.,-1.,0.));
#1608 = DIRECTION('',(1.,0.,0.));
#1609 = ORIENTED_EDGE('',*,*,#1610,.T.);
#1610 = EDGE_CURVE('',#1602,#1611,#1613,.T.);
#1611 = VERTEX_POINT('',#1612);
#1612 = CARTESIAN_POINT('',(-251.206,-3.175,-18.796));
#1613 = LINE('',#1614,#1615);
#1614 = CARTESIAN_POINT('',(-251.206,-3.175,-6.604));
#1615 = VECTOR('',#1616,1.);
#1616 = DIRECTION('',(0.,0.,-1.));
#1617 = ORIENTED_EDGE('',*,*,#1618,.T.);
#1618 = EDGE_CURVE('',#1611,#1619,#1621,.T.);
#1619 = VERTEX_POINT('',#1620);
#1620 = CARTESIAN_POINT('',(-247.396,-3.175,-22.606));
#1621 = CIRCLE('',#1622,3.81);
#1622 = AXIS2_PLACEMENT_3D('',#1623,#1624,#1625);
#1623 = CARTESIAN_POINT('',(-247.396,-3.175,-18.796));
#1624 = DIRECTION('',(0.,-1.,0.));
#1625 = DIRECTION('',(1.,0.,0.));
#1626 = ORIENTED_EDGE('',*,*,#1627,.T.);
#1627 = EDGE_CURVE('',#1619,#1628,#1630,.T.);
#1628 = VERTEX_POINT('',#1629);
#1629 = CARTESIAN_POINT('',(-222.504,-3.175,-22.606));
#1630 = LINE('',#1631,#1632);
#1631 = CARTESIAN_POINT('',(-247.396,-3.175,-22.606));
#1632 = VECTOR('',#1633,1.);
#1633 = DIRECTION('',(1.,0.,0.));
#1634 = ORIENTED_EDGE('',*,*,#1635,.T.);
#1635 = EDGE_CURVE('',#1628,#1636,#1638,.T.);
#1636 = VERTEX_POINT('',#1637);
#1637 = CARTESIAN_POINT('',(-218.694,-3.175,-18.796));
#1638 = CIRCLE('',#1639,3.81);
#1639 = AXIS2_PLACEMENT_3D('',#1640,#1641,#1642);
#1640 = CARTESIAN_POINT('',(-222.504,-3.175,-18.796));
#1641 = DIRECTION('',(0.,-1.,0.));
#1642 = DIRECTION('',(1.,0.,0.));
#1643 = ORIENTED_EDGE('',*,*,#1644,.T.);
#1644 = EDGE_CURVE('',#1636,#1645,#1647,.T.);
#1645 = VERTEX_POINT('',#1646);
#1646 = CARTESIAN_POINT('',(-218.694,-3.175,-6.604));
#1647 = LINE('',#1648,#1649);
#1648 = CARTESIAN_POINT('',(-218.694,-3.175,-18.796));
#1649 = VECTOR('',#1650,1.);
#1650 = DIRECTION('',(0.,0.,1.));
#1651 = ORIENTED_EDGE('',*,*,#1652,.T.);
#1652 = EDGE_CURVE('',#1645,#1653,#1655,.T.);
#1653 = VERTEX_POINT('',#1654);
#1654 = CARTESIAN_POINT('',(-222.504,-3.175,-2.794));
#1655 = CIRCLE('',#1656,3.81);
#1656 = AXIS2_PLACEMENT_3D('',#1657,#1658,#1659);
#1657 = CARTESIAN_POINT('',(-222.504,-3.175,-6.604));
#1658 = DIRECTION('',(0.,-1.,0.));
#1659 = DIRECTION('',(1.,0.,0.));
#1660 = ORIENTED_EDGE('',*,*,#1661,.T.);
#1661 = EDGE_CURVE('',#1653,#1600,#1662,.T.);
#1662 = LINE('',#1663,#1664);
#1663 = CARTESIAN_POINT('',(-222.504,-3.175,-2.794));
#1664 = VECTOR('',#1665,1.);
#1665 = DIRECTION('',(-1.,0.,0.));
#1666 = FACE_BOUND('',#1667,.F.);
#1667 = EDGE_LOOP('',(#1668,#1678,#1687,#1695,#1704,#1712,#1721,#1729));
#1668 = ORIENTED_EDGE('',*,*,#1669,.F.);
#1669 = EDGE_CURVE('',#1670,#1672,#1674,.T.);
#1670 = VERTEX_POINT('',#1671);
#1671 = CARTESIAN_POINT('',(-180.594,-3.175,-6.604));
#1672 = VERTEX_POINT('',#1673);
#1673 = CARTESIAN_POINT('',(-180.594,-3.175,-18.796));
#1674 = LINE('',#1675,#1676);
#1675 = CARTESIAN_POINT('',(-180.594,-3.175,-6.604));
#1676 = VECTOR('',#1677,1.);
#1677 = DIRECTION('',(-0.,0.,-1.));
#1678 = ORIENTED_EDGE('',*,*,#1679,.F.);
#1679 = EDGE_CURVE('',#1680,#1670,#1682,.T.);
#1680 = VERTEX_POINT('',#1681);
#1681 = CARTESIAN_POINT('',(-184.404,-3.175,-2.794));
#1682 = CIRCLE('',#1683,3.81);
#1683 = AXIS2_PLACEMENT_3D('',#1684,#1685,#1686);
#1684 = CARTESIAN_POINT('',(-184.404,-3.175,-6.604));
#1685 = DIRECTION('',(0.,1.,-0.));
#1686 = DIRECTION('',(-1.,0.,-0.));
#1687 = ORIENTED_EDGE('',*,*,#1688,.F.);
#1688 = EDGE_CURVE('',#1689,#1680,#1691,.T.);
#1689 = VERTEX_POINT('',#1690);
#1690 = CARTESIAN_POINT('',(-209.296,-3.175,-2.794));
#1691 = LINE('',#1692,#1693);
#1692 = CARTESIAN_POINT('',(-209.296,-3.175,-2.794));
#1693 = VECTOR('',#1694,1.);
#1694 = DIRECTION('',(1.,0.,0.));
#1695 = ORIENTED_EDGE('',*,*,#1696,.F.);
#1696 = EDGE_CURVE('',#1697,#1689,#1699,.T.);
#1697 = VERTEX_POINT('',#1698);
#1698 = CARTESIAN_POINT('',(-213.106,-3.175,-6.604));
#1699 = CIRCLE('',#1700,3.81);
#1700 = AXIS2_PLACEMENT_3D('',#1701,#1702,#1703);
#1701 = CARTESIAN_POINT('',(-209.296,-3.175,-6.604));
#1702 = DIRECTION('',(0.,1.,-0.));
#1703 = DIRECTION('',(-1.,0.,-0.));
#1704 = ORIENTED_EDGE('',*,*,#1705,.F.);
#1705 = EDGE_CURVE('',#1706,#1697,#1708,.T.);
#1706 = VERTEX_POINT('',#1707);
#1707 = CARTESIAN_POINT('',(-213.106,-3.175,-18.796));
#1708 = LINE('',#1709,#1710);
#1709 = CARTESIAN_POINT('',(-213.106,-3.175,-18.796));
#1710 = VECTOR('',#1711,1.);
#1711 = DIRECTION('',(0.,0.,1.));
#1712 = ORIENTED_EDGE('',*,*,#1713,.F.);
#1713 = EDGE_CURVE('',#1714,#1706,#1716,.T.);
#1714 = VERTEX_POINT('',#1715);
#1715 = CARTESIAN_POINT('',(-209.296,-3.175,-22.606));
#1716 = CIRCLE('',#1717,3.81);
#1717 = AXIS2_PLACEMENT_3D('',#1718,#1719,#1720);
#1718 = CARTESIAN_POINT('',(-209.296,-3.175,-18.796));
#1719 = DIRECTION('',(0.,1.,-0.));
#1720 = DIRECTION('',(-1.,0.,-0.));
#1721 = ORIENTED_EDGE('',*,*,#1722,.F.);
#1722 = EDGE_CURVE('',#1723,#1714,#1725,.T.);
#1723 = VERTEX_POINT('',#1724);
#1724 = CARTESIAN_POINT('',(-184.404,-3.175,-22.606));
#1725 = LINE('',#1726,#1727);
#1726 = CARTESIAN_POINT('',(-184.404,-3.175,-22.606));
#1727 = VECTOR('',#1728,1.);
#1728 = DIRECTION('',(-1.,0.,-0.));
#1729 = ORIENTED_EDGE('',*,*,#1730,.F.);
#1730 = EDGE_CURVE('',#1672,#1723,#1731,.T.);
#1731 = CIRCLE('',#1732,3.81);
#1732 = AXIS2_PLACEMENT_3D('',#1733,#1734,#1735);
#1733 = CARTESIAN_POINT('',(-184.404,-3.175,-18.796));
#1734 = DIRECTION('',(0.,1.,-0.));
#1735 = DIRECTION('',(-1.,0.,-0.));
#1736 = FACE_BOUND('',#1737,.F.);
#1737 = EDGE_LOOP('',(#1738));
#1738 = ORIENTED_EDGE('',*,*,#1739,.T.);
#1739 = EDGE_CURVE('',#1740,#1740,#1742,.T.);
#1740 = VERTEX_POINT('',#1741);
#1741 = CARTESIAN_POINT('',(-130.8735,-3.175,-62.4967));
#1742 = CIRCLE('',#1743,1.6256);
#1743 = AXIS2_PLACEMENT_3D('',#1744,#1745,#1746);
#1744 = CARTESIAN_POINT('',(-132.4991,-3.175,-62.4967));
#1745 = DIRECTION('',(0.,-1.,0.));
#1746 = DIRECTION('',(1.,0.,0.));
#1747 = FACE_BOUND('',#1748,.F.);
#1748 = EDGE_LOOP('',(#1749,#1759,#1768,#1776));
#1749 = ORIENTED_EDGE('',*,*,#1750,.T.);
#1750 = EDGE_CURVE('',#1751,#1753,#1755,.T.);
#1751 = VERTEX_POINT('',#1752);
#1752 = CARTESIAN_POINT('',(-176.7332,-3.175,-55.52989526213));
#1753 = VERTEX_POINT('',#1754);
#1754 = CARTESIAN_POINT('',(-176.7332,-3.175,-56.67289526213));
#1755 = LINE('',#1756,#1757);
#1756 = CARTESIAN_POINT('',(-176.7332,-3.175,-55.52989526213));
#1757 = VECTOR('',#1758,1.);
#1758 = DIRECTION('',(0.,-2.22044604925E-16,-1.));
#1759 = ORIENTED_EDGE('',*,*,#1760,.T.);
#1760 = EDGE_CURVE('',#1753,#1761,#1763,.T.);
#1761 = VERTEX_POINT('',#1762);
#1762 = CARTESIAN_POINT('',(-178.8668,-3.175,-56.67289526213));
#1763 = CIRCLE('',#1764,5.969);
#1764 = AXIS2_PLACEMENT_3D('',#1765,#1766,#1767);
#1765 = CARTESIAN_POINT('',(-177.8,-3.175,-50.8));
#1766 = DIRECTION('',(0.,-1.,2.22044604925E-16));
#1767 = DIRECTION('',(1.,0.,0.));
#1768 = ORIENTED_EDGE('',*,*,#1769,.T.);
#1769 = EDGE_CURVE('',#1761,#1770,#1772,.T.);
#1770 = VERTEX_POINT('',#1771);
#1771 = CARTESIAN_POINT('',(-178.8668,-3.175,-55.52989526213));
#1772 = LINE('',#1773,#1774);
#1773 = CARTESIAN_POINT('',(-178.8668,-3.175,-56.67289526213));
#1774 = VECTOR('',#1775,1.);
#1775 = DIRECTION('',(0.,2.22044604925E-16,1.));
#1776 = ORIENTED_EDGE('',*,*,#1777,.T.);
#1777 = EDGE_CURVE('',#1770,#1751,#1778,.T.);
#1778 = LINE('',#1779,#1780);
#1779 = CARTESIAN_POINT('',(-178.8668,-3.175,-55.52989526213));
#1780 = VECTOR('',#1781,1.);
#1781 = DIRECTION('',(1.,0.,0.));
#1782 = FACE_BOUND('',#1783,.F.);
#1783 = EDGE_LOOP('',(#1784));
#1784 = ORIENTED_EDGE('',*,*,#1785,.T.);
#1785 = EDGE_CURVE('',#1786,#1786,#1788,.T.);
#1786 = VERTEX_POINT('',#1787);
#1787 = CARTESIAN_POINT('',(-176.149,-3.175,0.));
#1788 = CIRCLE('',#1789,1.651);
#1789 = AXIS2_PLACEMENT_3D('',#1790,#1791,#1792);
#1790 = CARTESIAN_POINT('',(-177.8,-3.175,0.));
#1791 = DIRECTION('',(0.,-1.,2.22044604925E-16));
#1792 = DIRECTION('',(1.,0.,0.));
#1793 = FACE_BOUND('',#1794,.F.);
#1794 = EDGE_LOOP('',(#1795,#1806,#1814,#1823));
#1795 = ORIENTED_EDGE('',*,*,#1796,.F.);
#1796 = EDGE_CURVE('',#1797,#1799,#1801,.T.);
#1797 = VERTEX_POINT('',#1798);
#1798 = CARTESIAN_POINT('',(-299.7708,-3.175,25.4));
#1799 = VERTEX_POINT('',#1800);
#1800 = CARTESIAN_POINT('',(-299.7708,-3.175,19.05));
#1801 = CIRCLE('',#1802,3.175);
#1802 = AXIS2_PLACEMENT_3D('',#1803,#1804,#1805);
#1803 = CARTESIAN_POINT('',(-299.7708,-3.175,22.225));
#1804 = DIRECTION('',(0.,1.,-0.));
#1805 = DIRECTION('',(-1.,0.,-0.));
#1806 = ORIENTED_EDGE('',*,*,#1807,.T.);
#1807 = EDGE_CURVE('',#1797,#1808,#1810,.T.);
#1808 = VERTEX_POINT('',#1809);
#1809 = CARTESIAN_POINT('',(-304.8508,-3.175,25.4));
#1810 = LINE('',#1811,#1812);
#1811 = CARTESIAN_POINT('',(-299.7708,-3.175,25.4));
#1812 = VECTOR('',#1813,1.);
#1813 = DIRECTION('',(-1.,0.,-0.));
#1814 = ORIENTED_EDGE('',*,*,#1815,.F.);
#1815 = EDGE_CURVE('',#1816,#1808,#1818,.T.);
#1816 = VERTEX_POINT('',#1817);
#1817 = CARTESIAN_POINT('',(-304.8508,-3.175,19.05));
#1818 = CIRCLE('',#1819,3.175);
#1819 = AXIS2_PLACEMENT_3D('',#1820,#1821,#1822);
#1820 = CARTESIAN_POINT('',(-304.8508,-3.175,22.225));
#1821 = DIRECTION('',(0.,1.,-0.));
#1822 = DIRECTION('',(-1.,0.,-0.));
#1823 = ORIENTED_EDGE('',*,*,#1824,.F.);
#1824 = EDGE_CURVE('',#1799,#1816,#1825,.T.);
#1825 = LINE('',#1826,#1827);
#1826 = CARTESIAN_POINT('',(-299.7708,-3.175,19.05));
#1827 = VECTOR('',#1828,1.);
#1828 = DIRECTION('',(-1.,0.,-0.));
#1829 = FACE_BOUND('',#1830,.F.);
#1830 = EDGE_LOOP('',(#1831,#1842,#1850,#1859,#1867,#1876,#1884,#1893));
#1831 = ORIENTED_EDGE('',*,*,#1832,.T.);
#1832 = EDGE_CURVE('',#1833,#1835,#1837,.T.);
#1833 = VERTEX_POINT('',#1834);
#1834 = CARTESIAN_POINT('',(-247.396,-3.175,22.606));
#1835 = VERTEX_POINT('',#1836);
#1836 = CARTESIAN_POINT('',(-251.206,-3.175,18.796));
#1837 = CIRCLE('',#1838,3.81);
#1838 = AXIS2_PLACEMENT_3D('',#1839,#1840,#1841);
#1839 = CARTESIAN_POINT('',(-247.396,-3.175,18.796));
#1840 = DIRECTION('',(0.,-1.,0.));
#1841 = DIRECTION('',(1.,0.,0.));
#1842 = ORIENTED_EDGE('',*,*,#1843,.T.);
#1843 = EDGE_CURVE('',#1835,#1844,#1846,.T.);
#1844 = VERTEX_POINT('',#1845);
#1845 = CARTESIAN_POINT('',(-251.206,-3.175,6.604));
#1846 = LINE('',#1847,#1848);
#1847 = CARTESIAN_POINT('',(-251.206,-3.175,18.796));
#1848 = VECTOR('',#1849,1.);
#1849 = DIRECTION('',(0.,0.,-1.));
#1850 = ORIENTED_EDGE('',*,*,#1851,.T.);
#1851 = EDGE_CURVE('',#1844,#1852,#1854,.T.);
#1852 = VERTEX_POINT('',#1853);
#1853 = CARTESIAN_POINT('',(-247.396,-3.175,2.794));
#1854 = CIRCLE('',#1855,3.81);
#1855 = AXIS2_PLACEMENT_3D('',#1856,#1857,#1858);
#1856 = CARTESIAN_POINT('',(-247.396,-3.175,6.604));
#1857 = DIRECTION('',(0.,-1.,0.));
#1858 = DIRECTION('',(1.,0.,0.));
#1859 = ORIENTED_EDGE('',*,*,#1860,.T.);
#1860 = EDGE_CURVE('',#1852,#1861,#1863,.T.);
#1861 = VERTEX_POINT('',#1862);
#1862 = CARTESIAN_POINT('',(-222.504,-3.175,2.794));
#1863 = LINE('',#1864,#1865);
#1864 = CARTESIAN_POINT('',(-247.396,-3.175,2.794));
#1865 = VECTOR('',#1866,1.);
#1866 = DIRECTION('',(1.,0.,0.));
#1867 = ORIENTED_EDGE('',*,*,#1868,.T.);
#1868 = EDGE_CURVE('',#1861,#1869,#1871,.T.);
#1869 = VERTEX_POINT('',#1870);
#1870 = CARTESIAN_POINT('',(-218.694,-3.175,6.604));
#1871 = CIRCLE('',#1872,3.81);
#1872 = AXIS2_PLACEMENT_3D('',#1873,#1874,#1875);
#1873 = CARTESIAN_POINT('',(-222.504,-3.175,6.604));
#1874 = DIRECTION('',(0.,-1.,0.));
#1875 = DIRECTION('',(1.,0.,0.));
#1876 = ORIENTED_EDGE('',*,*,#1877,.T.);
#1877 = EDGE_CURVE('',#1869,#1878,#1880,.T.);
#1878 = VERTEX_POINT('',#1879);
#1879 = CARTESIAN_POINT('',(-218.694,-3.175,18.796));
#1880 = LINE('',#1881,#1882);
#1881 = CARTESIAN_POINT('',(-218.694,-3.175,6.604));
#1882 = VECTOR('',#1883,1.);
#1883 = DIRECTION('',(0.,0.,1.));
#1884 = ORIENTED_EDGE('',*,*,#1885,.T.);
#1885 = EDGE_CURVE('',#1878,#1886,#1888,.T.);
#1886 = VERTEX_POINT('',#1887);
#1887 = CARTESIAN_POINT('',(-222.504,-3.175,22.606));
#1888 = CIRCLE('',#1889,3.81);
#1889 = AXIS2_PLACEMENT_3D('',#1890,#1891,#1892);
#1890 = CARTESIAN_POINT('',(-222.504,-3.175,18.796));
#1891 = DIRECTION('',(0.,-1.,0.));
#1892 = DIRECTION('',(1.,0.,0.));
#1893 = ORIENTED_EDGE('',*,*,#1894,.T.);
#1894 = EDGE_CURVE('',#1886,#1833,#1895,.T.);
#1895 = LINE('',#1896,#1897);
#1896 = CARTESIAN_POINT('',(-222.504,-3.175,22.606));
#1897 = VECTOR('',#1898,1.);
#1898 = DIRECTION('',(-1.,0.,0.));
#1899 = FACE_BOUND('',#1900,.F.);
#1900 = EDGE_LOOP('',(#1901,#1911,#1920,#1928,#1937,#1945,#1954,#1962));
#1901 = ORIENTED_EDGE('',*,*,#1902,.F.);
#1902 = EDGE_CURVE('',#1903,#1905,#1907,.T.);
#1903 = VERTEX_POINT('',#1904);
#1904 = CARTESIAN_POINT('',(-180.594,-3.175,18.796));
#1905 = VERTEX_POINT('',#1906);
#1906 = CARTESIAN_POINT('',(-180.594,-3.175,6.604));
#1907 = LINE('',#1908,#1909);
#1908 = CARTESIAN_POINT('',(-180.594,-3.175,18.796));
#1909 = VECTOR('',#1910,1.);
#1910 = DIRECTION('',(-0.,0.,-1.));
#1911 = ORIENTED_EDGE('',*,*,#1912,.F.);
#1912 = EDGE_CURVE('',#1913,#1903,#1915,.T.);
#1913 = VERTEX_POINT('',#1914);
#1914 = CARTESIAN_POINT('',(-184.404,-3.175,22.606));
#1915 = CIRCLE('',#1916,3.81);
#1916 = AXIS2_PLACEMENT_3D('',#1917,#1918,#1919);
#1917 = CARTESIAN_POINT('',(-184.404,-3.175,18.796));
#1918 = DIRECTION('',(0.,1.,-0.));
#1919 = DIRECTION('',(-1.,0.,-0.));
#1920 = ORIENTED_EDGE('',*,*,#1921,.F.);
#1921 = EDGE_CURVE('',#1922,#1913,#1924,.T.);
#1922 = VERTEX_POINT('',#1923);
#1923 = CARTESIAN_POINT('',(-209.296,-3.175,22.606));
#1924 = LINE('',#1925,#1926);
#1925 = CARTESIAN_POINT('',(-209.296,-3.175,22.606));
#1926 = VECTOR('',#1927,1.);
#1927 = DIRECTION('',(1.,0.,0.));
#1928 = ORIENTED_EDGE('',*,*,#1929,.F.);
#1929 = EDGE_CURVE('',#1930,#1922,#1932,.T.);
#1930 = VERTEX_POINT('',#1931);
#1931 = CARTESIAN_POINT('',(-213.106,-3.175,18.796));
#1932 = CIRCLE('',#1933,3.81);
#1933 = AXIS2_PLACEMENT_3D('',#1934,#1935,#1936);
#1934 = CARTESIAN_POINT('',(-209.296,-3.175,18.796));
#1935 = DIRECTION('',(0.,1.,-0.));
#1936 = DIRECTION('',(-1.,0.,-0.));
#1937 = ORIENTED_EDGE('',*,*,#1938,.F.);
#1938 = EDGE_CURVE('',#1939,#1930,#1941,.T.);
#1939 = VERTEX_POINT('',#1940);
#1940 = CARTESIAN_POINT('',(-213.106,-3.175,6.604));
#1941 = LINE('',#1942,#1943);
#1942 = CARTESIAN_POINT('',(-213.106,-3.175,6.604));
#1943 = VECTOR('',#1944,1.);
#1944 = DIRECTION('',(0.,0.,1.));
#1945 = ORIENTED_EDGE('',*,*,#1946,.F.);
#1946 = EDGE_CURVE('',#1947,#1939,#1949,.T.);
#1947 = VERTEX_POINT('',#1948);
#1948 = CARTESIAN_POINT('',(-209.296,-3.175,2.794));
#1949 = CIRCLE('',#1950,3.81);
#1950 = AXIS2_PLACEMENT_3D('',#1951,#1952,#1953);
#1951 = CARTESIAN_POINT('',(-209.296,-3.175,6.604));
#1952 = DIRECTION('',(0.,1.,-0.));
#1953 = DIRECTION('',(-1.,0.,-0.));
#1954 = ORIENTED_EDGE('',*,*,#1955,.F.);
#1955 = EDGE_CURVE('',#1956,#1947,#1958,.T.);
#1956 = VERTEX_POINT('',#1957);
#1957 = CARTESIAN_POINT('',(-184.404,-3.175,2.794));
#1958 = LINE('',#1959,#1960);
#1959 = CARTESIAN_POINT('',(-184.404,-3.175,2.794));
#1960 = VECTOR('',#1961,1.);
#1961 = DIRECTION('',(-1.,0.,-0.));
#1962 = ORIENTED_EDGE('',*,*,#1963,.F.);
#1963 = EDGE_CURVE('',#1905,#1956,#1964,.T.);
#1964 = CIRCLE('',#1965,3.81);
#1965 = AXIS2_PLACEMENT_3D('',#1966,#1967,#1968);
#1966 = CARTESIAN_POINT('',(-184.404,-3.175,6.604));
#1967 = DIRECTION('',(0.,1.,-0.));
#1968 = DIRECTION('',(-1.,0.,-0.));
#1969 = FACE_BOUND('',#1970,.F.);
#1970 = EDGE_LOOP('',(#1971));
#1971 = ORIENTED_EDGE('',*,*,#1972,.T.);
#1972 = EDGE_CURVE('',#1973,#1973,#1975,.T.);
#1973 = VERTEX_POINT('',#1974);
#1974 = CARTESIAN_POINT('',(-252.349,-3.175,50.8));
#1975 = CIRCLE('',#1976,1.651);
#1976 = AXIS2_PLACEMENT_3D('',#1977,#1978,#1979);
#1977 = CARTESIAN_POINT('',(-254.,-3.175,50.8));
#1978 = DIRECTION('',(0.,-1.,2.22044604925E-16));
#1979 = DIRECTION('',(1.,0.,0.));
#1980 = FACE_BOUND('',#1981,.F.);
#1981 = EDGE_LOOP('',(#1982,#1993,#2001,#2010));
#1982 = ORIENTED_EDGE('',*,*,#1983,.F.);
#1983 = EDGE_CURVE('',#1984,#1986,#1988,.T.);
#1984 = VERTEX_POINT('',#1985);
#1985 = CARTESIAN_POINT('',(-299.7708,-3.175,69.85));
#1986 = VERTEX_POINT('',#1987);
#1987 = CARTESIAN_POINT('',(-299.7708,-3.175,63.5));
#1988 = CIRCLE('',#1989,3.175);
#1989 = AXIS2_PLACEMENT_3D('',#1990,#1991,#1992);
#1990 = CARTESIAN_POINT('',(-299.7708,-3.175,66.675));
#1991 = DIRECTION('',(0.,1.,-0.));
#1992 = DIRECTION('',(-1.,0.,-0.));
#1993 = ORIENTED_EDGE('',*,*,#1994,.T.);
#1994 = EDGE_CURVE('',#1984,#1995,#1997,.T.);
#1995 = VERTEX_POINT('',#1996);
#1996 = CARTESIAN_POINT('',(-304.8508,-3.175,69.85));
#1997 = LINE('',#1998,#1999);
#1998 = CARTESIAN_POINT('',(-299.7708,-3.175,69.85));
#1999 = VECTOR('',#2000,1.);
#2000 = DIRECTION('',(-1.,0.,-0.));
#2001 = ORIENTED_EDGE('',*,*,#2002,.F.);
#2002 = EDGE_CURVE('',#2003,#1995,#2005,.T.);
#2003 = VERTEX_POINT('',#2004);
#2004 = CARTESIAN_POINT('',(-304.8508,-3.175,63.5));
#2005 = CIRCLE('',#2006,3.175);
#2006 = AXIS2_PLACEMENT_3D('',#2007,#2008,#2009);
#2007 = CARTESIAN_POINT('',(-304.8508,-3.175,66.675));
#2008 = DIRECTION('',(0.,1.,-0.));
#2009 = DIRECTION('',(-1.,0.,-0.));
#2010 = ORIENTED_EDGE('',*,*,#2011,.F.);
#2011 = EDGE_CURVE('',#1986,#2003,#2012,.T.);
#2012 = LINE('',#2013,#2014);
#2013 = CARTESIAN_POINT('',(-299.7708,-3.175,63.5));
#2014 = VECTOR('',#2015,1.);
#2015 = DIRECTION('',(-1.,0.,-0.));
#2016 = FACE_BOUND('',#2017,.F.);
#2017 = EDGE_LOOP('',(#2018,#2029,#2037,#2046,#2054,#2063,#2071,#2080));
#2018 = ORIENTED_EDGE('',*,*,#2019,.T.);
#2019 = EDGE_CURVE('',#2020,#2022,#2024,.T.);
#2020 = VERTEX_POINT('',#2021);
#2021 = CARTESIAN_POINT('',(-247.396,-3.175,48.006));
#2022 = VERTEX_POINT('',#2023);
#2023 = CARTESIAN_POINT('',(-251.206,-3.175,44.196));
#2024 = CIRCLE('',#2025,3.81);
#2025 = AXIS2_PLACEMENT_3D('',#2026,#2027,#2028);
#2026 = CARTESIAN_POINT('',(-247.396,-3.175,44.196));
#2027 = DIRECTION('',(0.,-1.,0.));
#2028 = DIRECTION('',(1.,0.,0.));
#2029 = ORIENTED_EDGE('',*,*,#2030,.T.);
#2030 = EDGE_CURVE('',#2022,#2031,#2033,.T.);
#2031 = VERTEX_POINT('',#2032);
#2032 = CARTESIAN_POINT('',(-251.206,-3.175,32.004));
#2033 = LINE('',#2034,#2035);
#2034 = CARTESIAN_POINT('',(-251.206,-3.175,44.196));
#2035 = VECTOR('',#2036,1.);
#2036 = DIRECTION('',(0.,0.,-1.));
#2037 = ORIENTED_EDGE('',*,*,#2038,.T.);
#2038 = EDGE_CURVE('',#2031,#2039,#2041,.T.);
#2039 = VERTEX_POINT('',#2040);
#2040 = CARTESIAN_POINT('',(-247.396,-3.175,28.194));
#2041 = CIRCLE('',#2042,3.81);
#2042 = AXIS2_PLACEMENT_3D('',#2043,#2044,#2045);
#2043 = CARTESIAN_POINT('',(-247.396,-3.175,32.004));
#2044 = DIRECTION('',(0.,-1.,0.));
#2045 = DIRECTION('',(1.,0.,0.));
#2046 = ORIENTED_EDGE('',*,*,#2047,.T.);
#2047 = EDGE_CURVE('',#2039,#2048,#2050,.T.);
#2048 = VERTEX_POINT('',#2049);
#2049 = CARTESIAN_POINT('',(-222.504,-3.175,28.194));
#2050 = LINE('',#2051,#2052);
#2051 = CARTESIAN_POINT('',(-247.396,-3.175,28.194));
#2052 = VECTOR('',#2053,1.);
#2053 = DIRECTION('',(1.,0.,0.));
#2054 = ORIENTED_EDGE('',*,*,#2055,.T.);
#2055 = EDGE_CURVE('',#2048,#2056,#2058,.T.);
#2056 = VERTEX_POINT('',#2057);
#2057 = CARTESIAN_POINT('',(-218.694,-3.175,32.004));
#2058 = CIRCLE('',#2059,3.81);
#2059 = AXIS2_PLACEMENT_3D('',#2060,#2061,#2062);
#2060 = CARTESIAN_POINT('',(-222.504,-3.175,32.004));
#2061 = DIRECTION('',(0.,-1.,0.));
#2062 = DIRECTION('',(1.,0.,0.));
#2063 = ORIENTED_EDGE('',*,*,#2064,.T.);
#2064 = EDGE_CURVE('',#2056,#2065,#2067,.T.);
#2065 = VERTEX_POINT('',#2066);
#2066 = CARTESIAN_POINT('',(-218.694,-3.175,44.196));
#2067 = LINE('',#2068,#2069);
#2068 = CARTESIAN_POINT('',(-218.694,-3.175,32.004));
#2069 = VECTOR('',#2070,1.);
#2070 = DIRECTION('',(0.,0.,1.));
#2071 = ORIENTED_EDGE('',*,*,#2072,.T.);
#2072 = EDGE_CURVE('',#2065,#2073,#2075,.T.);
#2073 = VERTEX_POINT('',#2074);
#2074 = CARTESIAN_POINT('',(-222.504,-3.175,48.006));
#2075 = CIRCLE('',#2076,3.81);
#2076 = AXIS2_PLACEMENT_3D('',#2077,#2078,#2079);
#2077 = CARTESIAN_POINT('',(-222.504,-3.175,44.196));
#2078 = DIRECTION('',(0.,-1.,0.));
#2079 = DIRECTION('',(1.,0.,0.));
#2080 = ORIENTED_EDGE('',*,*,#2081,.T.);
#2081 = EDGE_CURVE('',#2073,#2020,#2082,.T.);
#2082 = LINE('',#2083,#2084);
#2083 = CARTESIAN_POINT('',(-222.504,-3.175,48.006));
#2084 = VECTOR('',#2085,1.);
#2085 = DIRECTION('',(-1.,0.,0.));
#2086 = FACE_BOUND('',#2087,.F.);
#2087 = EDGE_LOOP('',(#2088,#2098,#2107,#2115,#2124,#2132,#2141,#2149));
#2088 = ORIENTED_EDGE('',*,*,#2089,.F.);
#2089 = EDGE_CURVE('',#2090,#2092,#2094,.T.);
#2090 = VERTEX_POINT('',#2091);
#2091 = CARTESIAN_POINT('',(-180.594,-3.175,44.196));
#2092 = VERTEX_POINT('',#2093);
#2093 = CARTESIAN_POINT('',(-180.594,-3.175,32.004));
#2094 = LINE('',#2095,#2096);
#2095 = CARTESIAN_POINT('',(-180.594,-3.175,44.196));
#2096 = VECTOR('',#2097,1.);
#2097 = DIRECTION('',(-0.,0.,-1.));
#2098 = ORIENTED_EDGE('',*,*,#2099,.F.);
#2099 = EDGE_CURVE('',#2100,#2090,#2102,.T.);
#2100 = VERTEX_POINT('',#2101);
#2101 = CARTESIAN_POINT('',(-184.404,-3.175,48.006));
#2102 = CIRCLE('',#2103,3.81);
#2103 = AXIS2_PLACEMENT_3D('',#2104,#2105,#2106);
#2104 = CARTESIAN_POINT('',(-184.404,-3.175,44.196));
#2105 = DIRECTION('',(0.,1.,-0.));
#2106 = DIRECTION('',(-1.,0.,-0.));
#2107 = ORIENTED_EDGE('',*,*,#2108,.F.);
#2108 = EDGE_CURVE('',#2109,#2100,#2111,.T.);
#2109 = VERTEX_POINT('',#2110);
#2110 = CARTESIAN_POINT('',(-209.296,-3.175,48.006));
#2111 = LINE('',#2112,#2113);
#2112 = CARTESIAN_POINT('',(-209.296,-3.175,48.006));
#2113 = VECTOR('',#2114,1.);
#2114 = DIRECTION('',(1.,0.,0.));
#2115 = ORIENTED_EDGE('',*,*,#2116,.F.);
#2116 = EDGE_CURVE('',#2117,#2109,#2119,.T.);
#2117 = VERTEX_POINT('',#2118);
#2118 = CARTESIAN_POINT('',(-213.106,-3.175,44.196));
#2119 = CIRCLE('',#2120,3.81);
#2120 = AXIS2_PLACEMENT_3D('',#2121,#2122,#2123);
#2121 = CARTESIAN_POINT('',(-209.296,-3.175,44.196));
#2122 = DIRECTION('',(0.,1.,-0.));
#2123 = DIRECTION('',(-1.,0.,-0.));
#2124 = ORIENTED_EDGE('',*,*,#2125,.F.);
#2125 = EDGE_CURVE('',#2126,#2117,#2128,.T.);
#2126 = VERTEX_POINT('',#2127);
#2127 = CARTESIAN_POINT('',(-213.106,-3.175,32.004));
#2128 = LINE('',#2129,#2130);
#2129 = CARTESIAN_POINT('',(-213.106,-3.175,32.004));
#2130 = VECTOR('',#2131,1.);
#2131 = DIRECTION('',(0.,0.,1.));
#2132 = ORIENTED_EDGE('',*,*,#2133,.F.);
#2133 = EDGE_CURVE('',#2134,#2126,#2136,.T.);
#2134 = VERTEX_POINT('',#2135);
#2135 = CARTESIAN_POINT('',(-209.296,-3.175,28.194));
#2136 = CIRCLE('',#2137,3.81);
#2137 = AXIS2_PLACEMENT_3D('',#2138,#2139,#2140);
#2138 = CARTESIAN_POINT('',(-209.296,-3.175,32.004));
#2139 = DIRECTION('',(0.,1.,-0.));
#2140 = DIRECTION('',(-1.,0.,-0.));
#2141 = ORIENTED_EDGE('',*,*,#2142,.F.);
#2142 = EDGE_CURVE('',#2143,#2134,#2145,.T.);
#2143 = VERTEX_POINT('',#2144);
#2144 = CARTESIAN_POINT('',(-184.404,-3.175,28.194));
#2145 = LINE('',#2146,#2147);
#2146 = CARTESIAN_POINT('',(-184.404,-3.175,28.194));
#2147 = VECTOR('',#2148,1.);
#2148 = DIRECTION('',(-1.,0.,-0.));
#2149 = ORIENTED_EDGE('',*,*,#2150,.F.);
#2150 = EDGE_CURVE('',#2092,#2143,#2151,.T.);
#2151 = CIRCLE('',#2152,3.81);
#2152 = AXIS2_PLACEMENT_3D('',#2153,#2154,#2155);
#2153 = CARTESIAN_POINT('',(-184.404,-3.175,32.004));
#2154 = DIRECTION('',(0.,1.,-0.));
#2155 = DIRECTION('',(-1.,0.,-0.));
#2156 = FACE_BOUND('',#2157,.F.);
#2157 = EDGE_LOOP('',(#2158,#2169,#2177,#2186,#2194,#2203,#2211,#2220));
#2158 = ORIENTED_EDGE('',*,*,#2159,.T.);
#2159 = EDGE_CURVE('',#2160,#2162,#2164,.T.);
#2160 = VERTEX_POINT('',#2161);
#2161 = CARTESIAN_POINT('',(-247.396,-3.175,73.406));
#2162 = VERTEX_POINT('',#2163);
#2163 = CARTESIAN_POINT('',(-251.206,-3.175,69.596));
#2164 = CIRCLE('',#2165,3.81);
#2165 = AXIS2_PLACEMENT_3D('',#2166,#2167,#2168);
#2166 = CARTESIAN_POINT('',(-247.396,-3.175,69.596));
#2167 = DIRECTION('',(0.,-1.,0.));
#2168 = DIRECTION('',(1.,0.,0.));
#2169 = ORIENTED_EDGE('',*,*,#2170,.T.);
#2170 = EDGE_CURVE('',#2162,#2171,#2173,.T.);
#2171 = VERTEX_POINT('',#2172);
#2172 = CARTESIAN_POINT('',(-251.206,-3.175,57.404));
#2173 = LINE('',#2174,#2175);
#2174 = CARTESIAN_POINT('',(-251.206,-3.175,69.596));
#2175 = VECTOR('',#2176,1.);
#2176 = DIRECTION('',(0.,0.,-1.));
#2177 = ORIENTED_EDGE('',*,*,#2178,.T.);
#2178 = EDGE_CURVE('',#2171,#2179,#2181,.T.);
#2179 = VERTEX_POINT('',#2180);
#2180 = CARTESIAN_POINT('',(-247.396,-3.175,53.594));
#2181 = CIRCLE('',#2182,3.81);
#2182 = AXIS2_PLACEMENT_3D('',#2183,#2184,#2185);
#2183 = CARTESIAN_POINT('',(-247.396,-3.175,57.404));
#2184 = DIRECTION('',(0.,-1.,0.));
#2185 = DIRECTION('',(1.,0.,0.));
#2186 = ORIENTED_EDGE('',*,*,#2187,.T.);
#2187 = EDGE_CURVE('',#2179,#2188,#2190,.T.);
#2188 = VERTEX_POINT('',#2189);
#2189 = CARTESIAN_POINT('',(-222.504,-3.175,53.594));
#2190 = LINE('',#2191,#2192);
#2191 = CARTESIAN_POINT('',(-247.396,-3.175,53.594));
#2192 = VECTOR('',#2193,1.);
#2193 = DIRECTION('',(1.,0.,0.));
#2194 = ORIENTED_EDGE('',*,*,#2195,.T.);
#2195 = EDGE_CURVE('',#2188,#2196,#2198,.T.);
#2196 = VERTEX_POINT('',#2197);
#2197 = CARTESIAN_POINT('',(-218.694,-3.175,57.404));
#2198 = CIRCLE('',#2199,3.81);
#2199 = AXIS2_PLACEMENT_3D('',#2200,#2201,#2202);
#2200 = CARTESIAN_POINT('',(-222.504,-3.175,57.404));
#2201 = DIRECTION('',(0.,-1.,0.));
#2202 = DIRECTION('',(1.,0.,0.));
#2203 = ORIENTED_EDGE('',*,*,#2204,.T.);
#2204 = EDGE_CURVE('',#2196,#2205,#2207,.T.);
#2205 = VERTEX_POINT('',#2206);
#2206 = CARTESIAN_POINT('',(-218.694,-3.175,69.596));
#2207 = LINE('',#2208,#2209);
#2208 = CARTESIAN_POINT('',(-218.694,-3.175,57.404));
#2209 = VECTOR('',#2210,1.);
#2210 = DIRECTION('',(0.,0.,1.));
#2211 = ORIENTED_EDGE('',*,*,#2212,.T.);
#2212 = EDGE_CURVE('',#2205,#2213,#2215,.T.);
#2213 = VERTEX_POINT('',#2214);
#2214 = CARTESIAN_POINT('',(-222.504,-3.175,73.406));
#2215 = CIRCLE('',#2216,3.81);
#2216 = AXIS2_PLACEMENT_3D('',#2217,#2218,#2219);
#2217 = CARTESIAN_POINT('',(-222.504,-3.175,69.596));
#2218 = DIRECTION('',(0.,-1.,0.));
#2219 = DIRECTION('',(1.,0.,0.));
#2220 = ORIENTED_EDGE('',*,*,#2221,.T.);
#2221 = EDGE_CURVE('',#2213,#2160,#2222,.T.);
#2222 = LINE('',#2223,#2224);
#2223 = CARTESIAN_POINT('',(-222.504,-3.175,73.406));
#2224 = VECTOR('',#2225,1.);
#2225 = DIRECTION('',(-1.,0.,0.));
#2226 = FACE_BOUND('',#2227,.F.);
#2227 = EDGE_LOOP('',(#2228,#2238,#2247,#2255,#2264,#2272,#2281,#2289));
#2228 = ORIENTED_EDGE('',*,*,#2229,.F.);
#2229 = EDGE_CURVE('',#2230,#2232,#2234,.T.);
#2230 = VERTEX_POINT('',#2231);
#2231 = CARTESIAN_POINT('',(-180.594,-3.175,69.596));
#2232 = VERTEX_POINT('',#2233);
#2233 = CARTESIAN_POINT('',(-180.594,-3.175,57.404));
#2234 = LINE('',#2235,#2236);
#2235 = CARTESIAN_POINT('',(-180.594,-3.175,69.596));
#2236 = VECTOR('',#2237,1.);
#2237 = DIRECTION('',(-0.,0.,-1.));
#2238 = ORIENTED_EDGE('',*,*,#2239,.F.);
#2239 = EDGE_CURVE('',#2240,#2230,#2242,.T.);
#2240 = VERTEX_POINT('',#2241);
#2241 = CARTESIAN_POINT('',(-184.404,-3.175,73.406));
#2242 = CIRCLE('',#2243,3.81);
#2243 = AXIS2_PLACEMENT_3D('',#2244,#2245,#2246);
#2244 = CARTESIAN_POINT('',(-184.404,-3.175,69.596));
#2245 = DIRECTION('',(0.,1.,-0.));
#2246 = DIRECTION('',(-1.,0.,-0.));
#2247 = ORIENTED_EDGE('',*,*,#2248,.F.);
#2248 = EDGE_CURVE('',#2249,#2240,#2251,.T.);
#2249 = VERTEX_POINT('',#2250);
#2250 = CARTESIAN_POINT('',(-209.296,-3.175,73.406));
#2251 = LINE('',#2252,#2253);
#2252 = CARTESIAN_POINT('',(-209.296,-3.175,73.406));
#2253 = VECTOR('',#2254,1.);
#2254 = DIRECTION('',(1.,0.,0.));
#2255 = ORIENTED_EDGE('',*,*,#2256,.F.);
#2256 = EDGE_CURVE('',#2257,#2249,#2259,.T.);
#2257 = VERTEX_POINT('',#2258);
#2258 = CARTESIAN_POINT('',(-213.106,-3.175,69.596));
#2259 = CIRCLE('',#2260,3.81);
#2260 = AXIS2_PLACEMENT_3D('',#2261,#2262,#2263);
#2261 = CARTESIAN_POINT('',(-209.296,-3.175,69.596));
#2262 = DIRECTION('',(0.,1.,-0.));
#2263 = DIRECTION('',(-1.,0.,-0.));
#2264 = ORIENTED_EDGE('',*,*,#2265,.F.);
#2265 = EDGE_CURVE('',#2266,#2257,#2268,.T.);
#2266 = VERTEX_POINT('',#2267);
#2267 = CARTESIAN_POINT('',(-213.106,-3.175,57.404));
#2268 = LINE('',#2269,#2270);
#2269 = CARTESIAN_POINT('',(-213.106,-3.175,57.404));
#2270 = VECTOR('',#2271,1.);
#2271 = DIRECTION('',(0.,0.,1.));
#2272 = ORIENTED_EDGE('',*,*,#2273,.F.);
#2273 = EDGE_CURVE('',#2274,#2266,#2276,.T.);
#2274 = VERTEX_POINT('',#2275);
#2275 = CARTESIAN_POINT('',(-209.296,-3.175,53.594));
#2276 = CIRCLE('',#2277,3.81);
#2277 = AXIS2_PLACEMENT_3D('',#2278,#2279,#2280);
#2278 = CARTESIAN_POINT('',(-209.296,-3.175,57.404));
#2279 = DIRECTION('',(0.,1.,-0.));
#2280 = DIRECTION('',(-1.,0.,-0.));
#2281 = ORIENTED_EDGE('',*,*,#2282,.F.);
#2282 = EDGE_CURVE('',#2283,#2274,#2285,.T.);
#2283 = VERTEX_POINT('',#2284);
#2284 = CARTESIAN_POINT('',(-184.404,-3.175,53.594));
#2285 = LINE('',#2286,#2287);
#2286 = CARTESIAN_POINT('',(-184.404,-3.175,53.594));
#2287 = VECTOR('',#2288,1.);
#2288 = DIRECTION('',(-1.,0.,-0.));
#2289 = ORIENTED_EDGE('',*,*,#2290,.F.);
#2290 = EDGE_CURVE('',#2232,#2283,#2291,.T.);
#2291 = CIRCLE('',#2292,3.81);
#2292 = AXIS2_PLACEMENT_3D('',#2293,#2294,#2295);
#2293 = CARTESIAN_POINT('',(-184.404,-3.175,57.404));
#2294 = DIRECTION('',(0.,1.,-0.));
#2295 = DIRECTION('',(-1.,0.,-0.));
#2296 = FACE_BOUND('',#2297,.F.);
#2297 = EDGE_LOOP('',(#2298));
#2298 = ORIENTED_EDGE('',*,*,#2299,.T.);
#2299 = EDGE_CURVE('',#2300,#2300,#2302,.T.);
#2300 = VERTEX_POINT('',#2301);
#2301 = CARTESIAN_POINT('',(-176.149,-3.175,50.8));
#2302 = CIRCLE('',#2303,1.651);
#2303 = AXIS2_PLACEMENT_3D('',#2304,#2305,#2306);
#2304 = CARTESIAN_POINT('',(-177.8,-3.175,50.8));
#2305 = DIRECTION('',(0.,-1.,2.22044604925E-16));
#2306 = DIRECTION('',(1.,0.,0.));
#2307 = FACE_BOUND('',#2308,.F.);
#2308 = EDGE_LOOP('',(#2309));
#2309 = ORIENTED_EDGE('',*,*,#2310,.T.);
#2310 = EDGE_CURVE('',#2311,#2311,#2313,.T.);
#2311 = VERTEX_POINT('',#2312);
#2312 = CARTESIAN_POINT('',(-130.8735,-3.175,62.4967));
#2313 = CIRCLE('',#2314,1.6256);
#2314 = AXIS2_PLACEMENT_3D('',#2315,#2316,#2317);
#2315 = CARTESIAN_POINT('',(-132.4991,-3.175,62.4967));
#2316 = DIRECTION('',(0.,-1.,0.));
#2317 = DIRECTION('',(1.,0.,0.));
#2318 = FACE_BOUND('',#2319,.F.);
#2319 = EDGE_LOOP('',(#2320));
#2320 = ORIENTED_EDGE('',*,*,#2321,.T.);
#2321 = EDGE_CURVE('',#2322,#2322,#2324,.T.);
#2322 = VERTEX_POINT('',#2323);
#2323 = CARTESIAN_POINT('',(-5.8801,-3.175,-62.4967));
#2324 = CIRCLE('',#2325,1.6256);
#2325 = AXIS2_PLACEMENT_3D('',#2326,#2327,#2328);
#2326 = CARTESIAN_POINT('',(-7.5057,-3.175,-62.4967));
#2327 = DIRECTION('',(0.,-1.,0.));
#2328 = DIRECTION('',(1.,0.,0.));
#2329 = FACE_BOUND('',#2330,.F.);
#2330 = EDGE_LOOP('',(#2331));
#2331 = ORIENTED_EDGE('',*,*,#2332,.T.);
#2332 = EDGE_CURVE('',#2333,#2333,#2335,.T.);
#2333 = VERTEX_POINT('',#2334);
#2334 = CARTESIAN_POINT('',(9.1313,-3.175,-62.4967));
#2335 = CIRCLE('',#2336,1.6256);
#2336 = AXIS2_PLACEMENT_3D('',#2337,#2338,#2339);
#2337 = CARTESIAN_POINT('',(7.5057,-3.175,-62.4967));
#2338 = DIRECTION('',(0.,-1.,0.));
#2339 = DIRECTION('',(1.,0.,0.));
#2340 = FACE_BOUND('',#2341,.F.);
#2341 = EDGE_LOOP('',(#2342,#2353,#2361,#2370,#2378,#2387,#2395,#2404,
    #2412,#2421,#2429,#2438,#2446,#2455,#2463,#2472));
#2342 = ORIENTED_EDGE('',*,*,#2343,.F.);
#2343 = EDGE_CURVE('',#2344,#2346,#2348,.T.);
#2344 = VERTEX_POINT('',#2345);
#2345 = CARTESIAN_POINT('',(-132.4991,-3.175,56.1467));
#2346 = VERTEX_POINT('',#2347);
#2347 = CARTESIAN_POINT('',(-126.1491,-3.175,62.4967));
#2348 = CIRCLE('',#2349,6.35);
#2349 = AXIS2_PLACEMENT_3D('',#2350,#2351,#2352);
#2350 = CARTESIAN_POINT('',(-132.4991,-3.175,62.4967));
#2351 = DIRECTION('',(0.,-1.,0.));
#2352 = DIRECTION('',(1.,0.,0.));
#2353 = ORIENTED_EDGE('',*,*,#2354,.F.);
#2354 = EDGE_CURVE('',#2355,#2344,#2357,.T.);
#2355 = VERTEX_POINT('',#2356);
#2356 = CARTESIAN_POINT('',(-132.4991,-3.175,-56.1467));
#2357 = LINE('',#2358,#2359);
#2358 = CARTESIAN_POINT('',(-132.4991,-3.175,-56.1467));
#2359 = VECTOR('',#2360,1.);
#2360 = DIRECTION('',(0.,0.,1.));
#2361 = ORIENTED_EDGE('',*,*,#2362,.F.);
#2362 = EDGE_CURVE('',#2363,#2355,#2365,.T.);
#2363 = VERTEX_POINT('',#2364);
#2364 = CARTESIAN_POINT('',(-126.1491,-3.175,-62.4967));
#2365 = CIRCLE('',#2366,6.35);
#2366 = AXIS2_PLACEMENT_3D('',#2367,#2368,#2369);
#2367 = CARTESIAN_POINT('',(-132.4991,-3.175,-62.4967));
#2368 = DIRECTION('',(0.,-1.,0.));
#2369 = DIRECTION('',(1.,0.,0.));
#2370 = ORIENTED_EDGE('',*,*,#2371,.F.);
#2371 = EDGE_CURVE('',#2372,#2363,#2374,.T.);
#2372 = VERTEX_POINT('',#2373);
#2373 = CARTESIAN_POINT('',(-13.8557,-3.175,-62.4967));
#2374 = LINE('',#2375,#2376);
#2375 = CARTESIAN_POINT('',(-13.8557,-3.175,-62.4967));
#2376 = VECTOR('',#2377,1.);
#2377 = DIRECTION('',(-1.,-0.,-6.E-17));
#2378 = ORIENTED_EDGE('',*,*,#2379,.F.);
#2379 = EDGE_CURVE('',#2380,#2372,#2382,.T.);
#2380 = VERTEX_POINT('',#2381);
#2381 = CARTESIAN_POINT('',(-7.5057,-3.175,-56.1467));
#2382 = CIRCLE('',#2383,6.35);
#2383 = AXIS2_PLACEMENT_3D('',#2384,#2385,#2386);
#2384 = CARTESIAN_POINT('',(-7.5057,-3.175,-62.4967));
#2385 = DIRECTION('',(0.,-1.,0.));
#2386 = DIRECTION('',(1.,0.,0.));
#2387 = ORIENTED_EDGE('',*,*,#2388,.F.);
#2388 = EDGE_CURVE('',#2389,#2380,#2391,.T.);
#2389 = VERTEX_POINT('',#2390);
#2390 = CARTESIAN_POINT('',(7.5057,-3.175,-56.1467));
#2391 = LINE('',#2392,#2393);
#2392 = CARTESIAN_POINT('',(7.5057,-3.175,-56.1467));
#2393 = VECTOR('',#2394,1.);
#2394 = DIRECTION('',(-1.,0.,0.));
#2395 = ORIENTED_EDGE('',*,*,#2396,.F.);
#2396 = EDGE_CURVE('',#2397,#2389,#2399,.T.);
#2397 = VERTEX_POINT('',#2398);
#2398 = CARTESIAN_POINT('',(13.8557,-3.175,-62.4967));
#2399 = CIRCLE('',#2400,6.35);
#2400 = AXIS2_PLACEMENT_3D('',#2401,#2402,#2403);
#2401 = CARTESIAN_POINT('',(7.5057,-3.175,-62.4967));
#2402 = DIRECTION('',(0.,-1.,0.));
#2403 = DIRECTION('',(1.,0.,0.));
#2404 = ORIENTED_EDGE('',*,*,#2405,.F.);
#2405 = EDGE_CURVE('',#2406,#2397,#2408,.T.);
#2406 = VERTEX_POINT('',#2407);
#2407 = CARTESIAN_POINT('',(126.1491,-3.175,-62.4967));
#2408 = LINE('',#2409,#2410);
#2409 = CARTESIAN_POINT('',(126.1491,-3.175,-62.4967));
#2410 = VECTOR('',#2411,1.);
#2411 = DIRECTION('',(-1.,0.,6.E-17));
#2412 = ORIENTED_EDGE('',*,*,#2413,.F.);
#2413 = EDGE_CURVE('',#2414,#2406,#2416,.T.);
#2414 = VERTEX_POINT('',#2415);
#2415 = CARTESIAN_POINT('',(132.4991,-3.175,-56.1467));
#2416 = CIRCLE('',#2417,6.35);
#2417 = AXIS2_PLACEMENT_3D('',#2418,#2419,#2420);
#2418 = CARTESIAN_POINT('',(132.4991,-3.175,-62.4967));
#2419 = DIRECTION('',(0.,-1.,0.));
#2420 = DIRECTION('',(1.,0.,0.));
#2421 = ORIENTED_EDGE('',*,*,#2422,.F.);
#2422 = EDGE_CURVE('',#2423,#2414,#2425,.T.);
#2423 = VERTEX_POINT('',#2424);
#2424 = CARTESIAN_POINT('',(132.4991,-3.175,56.1467));
#2425 = LINE('',#2426,#2427);
#2426 = CARTESIAN_POINT('',(132.4991,-3.175,56.1467));
#2427 = VECTOR('',#2428,1.);
#2428 = DIRECTION('',(0.,0.,-1.));
#2429 = ORIENTED_EDGE('',*,*,#2430,.F.);
#2430 = EDGE_CURVE('',#2431,#2423,#2433,.T.);
#2431 = VERTEX_POINT('',#2432);
#2432 = CARTESIAN_POINT('',(126.1491,-3.175,62.4967));
#2433 = CIRCLE('',#2434,6.35);
#2434 = AXIS2_PLACEMENT_3D('',#2435,#2436,#2437);
#2435 = CARTESIAN_POINT('',(132.4991,-3.175,62.4967));
#2436 = DIRECTION('',(0.,-1.,0.));
#2437 = DIRECTION('',(1.,0.,0.));
#2438 = ORIENTED_EDGE('',*,*,#2439,.F.);
#2439 = EDGE_CURVE('',#2440,#2431,#2442,.T.);
#2440 = VERTEX_POINT('',#2441);
#2441 = CARTESIAN_POINT('',(13.8557,-3.175,62.4967));
#2442 = LINE('',#2443,#2444);
#2443 = CARTESIAN_POINT('',(13.8557,-3.175,62.4967));
#2444 = VECTOR('',#2445,1.);
#2445 = DIRECTION('',(1.,0.,0.));
#2446 = ORIENTED_EDGE('',*,*,#2447,.F.);
#2447 = EDGE_CURVE('',#2448,#2440,#2450,.T.);
#2448 = VERTEX_POINT('',#2449);
#2449 = CARTESIAN_POINT('',(7.5057,-3.175,56.1467));
#2450 = CIRCLE('',#2451,6.35);
#2451 = AXIS2_PLACEMENT_3D('',#2452,#2453,#2454);
#2452 = CARTESIAN_POINT('',(7.5057,-3.175,62.4967));
#2453 = DIRECTION('',(0.,-1.,0.));
#2454 = DIRECTION('',(1.,0.,0.));
#2455 = ORIENTED_EDGE('',*,*,#2456,.F.);
#2456 = EDGE_CURVE('',#2457,#2448,#2459,.T.);
#2457 = VERTEX_POINT('',#2458);
#2458 = CARTESIAN_POINT('',(-7.5057,-3.175,56.1467));
#2459 = LINE('',#2460,#2461);
#2460 = CARTESIAN_POINT('',(-7.5057,-3.175,56.1467));
#2461 = VECTOR('',#2462,1.);
#2462 = DIRECTION('',(1.,0.,0.));
#2463 = ORIENTED_EDGE('',*,*,#2464,.F.);
#2464 = EDGE_CURVE('',#2465,#2457,#2467,.T.);
#2465 = VERTEX_POINT('',#2466);
#2466 = CARTESIAN_POINT('',(-13.8557,-3.175,62.4967));
#2467 = CIRCLE('',#2468,6.35);
#2468 = AXIS2_PLACEMENT_3D('',#2469,#2470,#2471);
#2469 = CARTESIAN_POINT('',(-7.5057,-3.175,62.4967));
#2470 = DIRECTION('',(0.,-1.,0.));
#2471 = DIRECTION('',(1.,0.,0.));
#2472 = ORIENTED_EDGE('',*,*,#2473,.F.);
#2473 = EDGE_CURVE('',#2346,#2465,#2474,.T.);
#2474 = LINE('',#2475,#2476);
#2475 = CARTESIAN_POINT('',(-126.1491,-3.175,62.4967));
#2476 = VECTOR('',#2477,1.);
#2477 = DIRECTION('',(1.,0.,-6.E-17));
#2478 = FACE_BOUND('',#2479,.F.);
#2479 = EDGE_LOOP('',(#2480));
#2480 = ORIENTED_EDGE('',*,*,#2481,.T.);
#2481 = EDGE_CURVE('',#2482,#2482,#2484,.T.);
#2482 = VERTEX_POINT('',#2483);
#2483 = CARTESIAN_POINT('',(134.1247,-3.175,-62.4967));
#2484 = CIRCLE('',#2485,1.6256);
#2485 = AXIS2_PLACEMENT_3D('',#2486,#2487,#2488);
#2486 = CARTESIAN_POINT('',(132.4991,-3.175,-62.4967));
#2487 = DIRECTION('',(0.,-1.,0.));
#2488 = DIRECTION('',(1.,0.,0.));
#2489 = FACE_BOUND('',#2490,.F.);
#2490 = EDGE_LOOP('',(#2491,#2501,#2510,#2518));
#2491 = ORIENTED_EDGE('',*,*,#2492,.F.);
#2492 = EDGE_CURVE('',#2493,#2495,#2497,.T.);
#2493 = VERTEX_POINT('',#2494);
#2494 = CARTESIAN_POINT('',(160.1724,-3.175,-63.5));
#2495 = VERTEX_POINT('',#2496);
#2496 = CARTESIAN_POINT('',(165.2524,-3.175,-63.5));
#2497 = LINE('',#2498,#2499);
#2498 = CARTESIAN_POINT('',(160.1724,-3.175,-63.5));
#2499 = VECTOR('',#2500,1.);
#2500 = DIRECTION('',(1.,0.,0.));
#2501 = ORIENTED_EDGE('',*,*,#2502,.T.);
#2502 = EDGE_CURVE('',#2493,#2503,#2505,.T.);
#2503 = VERTEX_POINT('',#2504);
#2504 = CARTESIAN_POINT('',(160.1724,-3.175,-69.85));
#2505 = CIRCLE('',#2506,3.175);
#2506 = AXIS2_PLACEMENT_3D('',#2507,#2508,#2509);
#2507 = CARTESIAN_POINT('',(160.1724,-3.175,-66.675));
#2508 = DIRECTION('',(0.,-1.,0.));
#2509 = DIRECTION('',(1.,0.,0.));
#2510 = ORIENTED_EDGE('',*,*,#2511,.T.);
#2511 = EDGE_CURVE('',#2503,#2512,#2514,.T.);
#2512 = VERTEX_POINT('',#2513);
#2513 = CARTESIAN_POINT('',(165.2524,-3.175,-69.85));
#2514 = LINE('',#2515,#2516);
#2515 = CARTESIAN_POINT('',(160.1724,-3.175,-69.85));
#2516 = VECTOR('',#2517,1.);
#2517 = DIRECTION('',(1.,0.,0.));
#2518 = ORIENTED_EDGE('',*,*,#2519,.T.);
#2519 = EDGE_CURVE('',#2512,#2495,#2520,.T.);
#2520 = CIRCLE('',#2521,3.175);
#2521 = AXIS2_PLACEMENT_3D('',#2522,#2523,#2524);
#2522 = CARTESIAN_POINT('',(165.2524,-3.175,-66.675));
#2523 = DIRECTION('',(0.,-1.,0.));
#2524 = DIRECTION('',(1.,0.,0.));
#2525 = FACE_BOUND('',#2526,.F.);
#2526 = EDGE_LOOP('',(#2527,#2537,#2546,#2554));
#2527 = ORIENTED_EDGE('',*,*,#2528,.F.);
#2528 = EDGE_CURVE('',#2529,#2531,#2533,.T.);
#2529 = VERTEX_POINT('',#2530);
#2530 = CARTESIAN_POINT('',(160.1724,-3.175,-19.05));
#2531 = VERTEX_POINT('',#2532);
#2532 = CARTESIAN_POINT('',(165.2524,-3.175,-19.05));
#2533 = LINE('',#2534,#2535);
#2534 = CARTESIAN_POINT('',(160.1724,-3.175,-19.05));
#2535 = VECTOR('',#2536,1.);
#2536 = DIRECTION('',(1.,0.,0.));
#2537 = ORIENTED_EDGE('',*,*,#2538,.T.);
#2538 = EDGE_CURVE('',#2529,#2539,#2541,.T.);
#2539 = VERTEX_POINT('',#2540);
#2540 = CARTESIAN_POINT('',(160.1724,-3.175,-25.4));
#2541 = CIRCLE('',#2542,3.175);
#2542 = AXIS2_PLACEMENT_3D('',#2543,#2544,#2545);
#2543 = CARTESIAN_POINT('',(160.1724,-3.175,-22.225));
#2544 = DIRECTION('',(0.,-1.,0.));
#2545 = DIRECTION('',(1.,0.,0.));
#2546 = ORIENTED_EDGE('',*,*,#2547,.T.);
#2547 = EDGE_CURVE('',#2539,#2548,#2550,.T.);
#2548 = VERTEX_POINT('',#2549);
#2549 = CARTESIAN_POINT('',(165.2524,-3.175,-25.4));
#2550 = LINE('',#2551,#2552);
#2551 = CARTESIAN_POINT('',(160.1724,-3.175,-25.4));
#2552 = VECTOR('',#2553,1.);
#2553 = DIRECTION('',(1.,0.,0.));
#2554 = ORIENTED_EDGE('',*,*,#2555,.T.);
#2555 = EDGE_CURVE('',#2548,#2531,#2556,.T.);
#2556 = CIRCLE('',#2557,3.175);
#2557 = AXIS2_PLACEMENT_3D('',#2558,#2559,#2560);
#2558 = CARTESIAN_POINT('',(165.2524,-3.175,-22.225));
#2559 = DIRECTION('',(0.,-1.,0.));
#2560 = DIRECTION('',(1.,0.,0.));
#2561 = FACE_BOUND('',#2562,.F.);
#2562 = EDGE_LOOP('',(#2563));
#2563 = ORIENTED_EDGE('',*,*,#2564,.T.);
#2564 = EDGE_CURVE('',#2565,#2565,#2567,.T.);
#2565 = VERTEX_POINT('',#2566);
#2566 = CARTESIAN_POINT('',(-5.8801,-3.175,62.4967));
#2567 = CIRCLE('',#2568,1.6256);
#2568 = AXIS2_PLACEMENT_3D('',#2569,#2570,#2571);
#2569 = CARTESIAN_POINT('',(-7.5057,-3.175,62.4967));
#2570 = DIRECTION('',(0.,-1.,0.));
#2571 = DIRECTION('',(1.,0.,0.));
#2572 = FACE_BOUND('',#2573,.F.);
#2573 = EDGE_LOOP('',(#2574));
#2574 = ORIENTED_EDGE('',*,*,#2575,.T.);
#2575 = EDGE_CURVE('',#2576,#2576,#2578,.T.);
#2576 = VERTEX_POINT('',#2577);
#2577 = CARTESIAN_POINT('',(9.1313,-3.175,62.4967));
#2578 = CIRCLE('',#2579,1.6256);
#2579 = AXIS2_PLACEMENT_3D('',#2580,#2581,#2582);
#2580 = CARTESIAN_POINT('',(7.5057,-3.175,62.4967));
#2581 = DIRECTION('',(0.,-1.,0.));
#2582 = DIRECTION('',(1.,0.,0.));
#2583 = FACE_BOUND('',#2584,.F.);
#2584 = EDGE_LOOP('',(#2585,#2595,#2604,#2612));
#2585 = ORIENTED_EDGE('',*,*,#2586,.F.);
#2586 = EDGE_CURVE('',#2587,#2589,#2591,.T.);
#2587 = VERTEX_POINT('',#2588);
#2588 = CARTESIAN_POINT('',(160.1724,-3.175,25.4));
#2589 = VERTEX_POINT('',#2590);
#2590 = CARTESIAN_POINT('',(165.2524,-3.175,25.4));
#2591 = LINE('',#2592,#2593);
#2592 = CARTESIAN_POINT('',(160.1724,-3.175,25.4));
#2593 = VECTOR('',#2594,1.);
#2594 = DIRECTION('',(1.,0.,0.));
#2595 = ORIENTED_EDGE('',*,*,#2596,.T.);
#2596 = EDGE_CURVE('',#2587,#2597,#2599,.T.);
#2597 = VERTEX_POINT('',#2598);
#2598 = CARTESIAN_POINT('',(160.1724,-3.175,19.05));
#2599 = CIRCLE('',#2600,3.175);
#2600 = AXIS2_PLACEMENT_3D('',#2601,#2602,#2603);
#2601 = CARTESIAN_POINT('',(160.1724,-3.175,22.225));
#2602 = DIRECTION('',(0.,-1.,0.));
#2603 = DIRECTION('',(1.,0.,0.));
#2604 = ORIENTED_EDGE('',*,*,#2605,.T.);
#2605 = EDGE_CURVE('',#2597,#2606,#2608,.T.);
#2606 = VERTEX_POINT('',#2607);
#2607 = CARTESIAN_POINT('',(165.2524,-3.175,19.05));
#2608 = LINE('',#2609,#2610);
#2609 = CARTESIAN_POINT('',(160.1724,-3.175,19.05));
#2610 = VECTOR('',#2611,1.);
#2611 = DIRECTION('',(1.,0.,0.));
#2612 = ORIENTED_EDGE('',*,*,#2613,.T.);
#2613 = EDGE_CURVE('',#2606,#2589,#2614,.T.);
#2614 = CIRCLE('',#2615,3.175);
#2615 = AXIS2_PLACEMENT_3D('',#2616,#2617,#2618);
#2616 = CARTESIAN_POINT('',(165.2524,-3.175,22.225));
#2617 = DIRECTION('',(0.,-1.,0.));
#2618 = DIRECTION('',(1.,0.,0.));
#2619 = FACE_BOUND('',#2620,.F.);
#2620 = EDGE_LOOP('',(#2621));
#2621 = ORIENTED_EDGE('',*,*,#2622,.T.);
#2622 = EDGE_CURVE('',#2623,#2623,#2625,.T.);
#2623 = VERTEX_POINT('',#2624);
#2624 = CARTESIAN_POINT('',(134.1247,-3.175,62.4967));
#2625 = CIRCLE('',#2626,1.6256);
#2626 = AXIS2_PLACEMENT_3D('',#2627,#2628,#2629);
#2627 = CARTESIAN_POINT('',(132.4991,-3.175,62.4967));
#2628 = DIRECTION('',(0.,-1.,0.));
#2629 = DIRECTION('',(1.,0.,0.));
#2630 = FACE_BOUND('',#2631,.F.);
#2631 = EDGE_LOOP('',(#2632,#2642,#2651,#2659));
#2632 = ORIENTED_EDGE('',*,*,#2633,.F.);
#2633 = EDGE_CURVE('',#2634,#2636,#2638,.T.);
#2634 = VERTEX_POINT('',#2635);
#2635 = CARTESIAN_POINT('',(160.1724,-3.175,69.85));
#2636 = VERTEX_POINT('',#2637);
#2637 = CARTESIAN_POINT('',(165.2524,-3.175,69.85));
#2638 = LINE('',#2639,#2640);
#2639 = CARTESIAN_POINT('',(160.1724,-3.175,69.85));
#2640 = VECTOR('',#2641,1.);
#2641 = DIRECTION('',(1.,0.,0.));
#2642 = ORIENTED_EDGE('',*,*,#2643,.T.);
#2643 = EDGE_CURVE('',#2634,#2644,#2646,.T.);
#2644 = VERTEX_POINT('',#2645);
#2645 = CARTESIAN_POINT('',(160.1724,-3.175,63.5));
#2646 = CIRCLE('',#2647,3.175);
#2647 = AXIS2_PLACEMENT_3D('',#2648,#2649,#2650);
#2648 = CARTESIAN_POINT('',(160.1724,-3.175,66.675));
#2649 = DIRECTION('',(0.,-1.,0.));
#2650 = DIRECTION('',(1.,0.,0.));
#2651 = ORIENTED_EDGE('',*,*,#2652,.T.);
#2652 = EDGE_CURVE('',#2644,#2653,#2655,.T.);
#2653 = VERTEX_POINT('',#2654);
#2654 = CARTESIAN_POINT('',(165.2524,-3.175,63.5));
#2655 = LINE('',#2656,#2657);
#2656 = CARTESIAN_POINT('',(160.1724,-3.175,63.5));
#2657 = VECTOR('',#2658,1.);
#2658 = DIRECTION('',(1.,0.,0.));
#2659 = ORIENTED_EDGE('',*,*,#2660,.T.);
#2660 = EDGE_CURVE('',#2653,#2636,#2661,.T.);
#2661 = CIRCLE('',#2662,3.175);
#2662 = AXIS2_PLACEMENT_3D('',#2663,#2664,#2665);
#2663 = CARTESIAN_POINT('',(165.2524,-3.175,66.675));
#2664 = DIRECTION('',(0.,-1.,0.));
#2665 = DIRECTION('',(1.,0.,0.));
#2666 = PLANE('',#2667);
#2667 = AXIS2_PLACEMENT_3D('',#2668,#2669,#2670);
#2668 = CARTESIAN_POINT('',(-42.46120125795,-3.175,1.E-15));
#2669 = DIRECTION('',(0.,1.,0.));
#2670 = DIRECTION('',(0.,0.,1.));
#2671 = ADVANCED_FACE('',(#2672),#2683,.F.);
#2672 = FACE_BOUND('',#2673,.F.);
#2673 = EDGE_LOOP('',(#2674,#2675,#2681,#2682));
#2674 = ORIENTED_EDGE('',*,*,#71,.F.);
#2675 = ORIENTED_EDGE('',*,*,#2676,.T.);
#2676 = EDGE_CURVE('',#72,#1404,#2677,.T.);
#2677 = LINE('',#2678,#2679);
#2678 = CARTESIAN_POINT('',(170.18,1.974E-14,88.9));
#2679 = VECTOR('',#2680,1.);
#2680 = DIRECTION('',(0.,-1.,2.2E-16));
#2681 = ORIENTED_EDGE('',*,*,#1403,.T.);
#2682 = ORIENTED_EDGE('',*,*,#1352,.F.);
#2683 = PLANE('',#2684);
#2684 = AXIS2_PLACEMENT_3D('',#2685,#2686,#2687);
#2685 = CARTESIAN_POINT('',(171.45,1.974E-14,88.9));
#2686 = DIRECTION('',(-0.,-2.2E-16,-1.));
#2687 = DIRECTION('',(-1.,0.,0.));
#2688 = ADVANCED_FACE('',(#2689),#2700,.F.);
#2689 = FACE_BOUND('',#2690,.F.);
#2690 = EDGE_LOOP('',(#2691,#2692,#2693,#2694));
#2691 = ORIENTED_EDGE('',*,*,#105,.F.);
#2692 = ORIENTED_EDGE('',*,*,#1377,.T.);
#2693 = ORIENTED_EDGE('',*,*,#1437,.T.);
#2694 = ORIENTED_EDGE('',*,*,#2695,.F.);
#2695 = EDGE_CURVE('',#97,#1429,#2696,.T.);
#2696 = LINE('',#2697,#2698);
#2697 = CARTESIAN_POINT('',(170.18,-1.974E-14,-88.9));
#2698 = VECTOR('',#2699,1.);
#2699 = DIRECTION('',(0.,-1.,2.2E-16));
#2700 = PLANE('',#2701);
#2701 = AXIS2_PLACEMENT_3D('',#2702,#2703,#2704);
#2702 = CARTESIAN_POINT('',(-311.0484,-1.974E-14,-88.9));
#2703 = DIRECTION('',(0.,2.2E-16,1.));
#2704 = DIRECTION('',(1.,0.,0.));
#2705 = ADVANCED_FACE('',(#2706),#2717,.T.);
#2706 = FACE_BOUND('',#2707,.F.);
#2707 = EDGE_LOOP('',(#2708,#2709,#2715,#2716));
#2708 = ORIENTED_EDGE('',*,*,#79,.T.);
#2709 = ORIENTED_EDGE('',*,*,#2710,.T.);
#2710 = EDGE_CURVE('',#80,#1412,#2711,.T.);
#2711 = LINE('',#2712,#2713);
#2712 = CARTESIAN_POINT('',(171.45,1.94606E-14,87.63));
#2713 = VECTOR('',#2714,1.);
#2714 = DIRECTION('',(0.,-1.,2.2E-16));
#2715 = ORIENTED_EDGE('',*,*,#1411,.F.);
#2716 = ORIENTED_EDGE('',*,*,#2676,.F.);
#2717 = CYLINDRICAL_SURFACE('',#2718,1.27);
#2718 = AXIS2_PLACEMENT_3D('',#2719,#2720,#2721);
#2719 = CARTESIAN_POINT('',(170.18,1.94606E-14,87.63));
#2720 = DIRECTION('',(0.,-1.,2.2E-16));
#2721 = DIRECTION('',(0.,2.2E-16,1.));
#2722 = ADVANCED_FACE('',(#2723),#2734,.T.);
#2723 = FACE_BOUND('',#2724,.T.);
#2724 = EDGE_LOOP('',(#2725,#2726,#2732,#2733));
#2725 = ORIENTED_EDGE('',*,*,#96,.T.);
#2726 = ORIENTED_EDGE('',*,*,#2727,.T.);
#2727 = EDGE_CURVE('',#89,#1421,#2728,.T.);
#2728 = LINE('',#2729,#2730);
#2729 = CARTESIAN_POINT('',(171.45,-1.94606E-14,-87.63));
#2730 = VECTOR('',#2731,1.);
#2731 = DIRECTION('',(0.,-1.,2.2E-16));
#2732 = ORIENTED_EDGE('',*,*,#1428,.F.);
#2733 = ORIENTED_EDGE('',*,*,#2695,.F.);
#2734 = CYLINDRICAL_SURFACE('',#2735,1.27);
#2735 = AXIS2_PLACEMENT_3D('',#2736,#2737,#2738);
#2736 = CARTESIAN_POINT('',(170.18,-1.94606E-14,-87.63));
#2737 = DIRECTION('',(0.,-1.,2.2E-16));
#2738 = DIRECTION('',(0.,-2.2E-16,-1.));
#2739 = ADVANCED_FACE('',(#2740),#2746,.F.);
#2740 = FACE_BOUND('',#2741,.F.);
#2741 = EDGE_LOOP('',(#2742,#2743,#2744,#2745));
#2742 = ORIENTED_EDGE('',*,*,#88,.F.);
#2743 = ORIENTED_EDGE('',*,*,#2727,.T.);
#2744 = ORIENTED_EDGE('',*,*,#1420,.T.);
#2745 = ORIENTED_EDGE('',*,*,#2710,.F.);
#2746 = PLANE('',#2747);
#2747 = AXIS2_PLACEMENT_3D('',#2748,#2749,#2750);
#2748 = CARTESIAN_POINT('',(171.45,-1.974E-14,-88.9));
#2749 = DIRECTION('',(-1.,0.,0.));
#2750 = DIRECTION('',(0.,2.2E-16,1.));
#2751 = ADVANCED_FACE('',(#2752),#2768,.F.);
#2752 = FACE_BOUND('',#2753,.T.);
#2753 = EDGE_LOOP('',(#2754,#2755,#2761,#2762));
#2754 = ORIENTED_EDGE('',*,*,#1474,.F.);
#2755 = ORIENTED_EDGE('',*,*,#2756,.T.);
#2756 = EDGE_CURVE('',#1449,#125,#2757,.T.);
#2757 = LINE('',#2758,#2759);
#2758 = CARTESIAN_POINT('',(-299.7708,-3.175,-69.85));
#2759 = VECTOR('',#2760,1.);
#2760 = DIRECTION('',(0.,1.,-2.2E-16));
#2761 = ORIENTED_EDGE('',*,*,#122,.F.);
#2762 = ORIENTED_EDGE('',*,*,#2763,.F.);
#2763 = EDGE_CURVE('',#1466,#123,#2764,.T.);
#2764 = LINE('',#2765,#2766);
#2765 = CARTESIAN_POINT('',(-304.8508,-3.175,-69.85));
#2766 = VECTOR('',#2767,1.);
#2767 = DIRECTION('',(0.,1.,-2.2E-16));
#2768 = PLANE('',#2769);
#2769 = AXIS2_PLACEMENT_3D('',#2770,#2771,#2772);
#2770 = CARTESIAN_POINT('',(-299.7708,-3.175,-69.85));
#2771 = DIRECTION('',(-0.,-2.2E-16,-1.));
#2772 = DIRECTION('',(1.,0.,0.));
#2773 = ADVANCED_FACE('',(#2774),#2785,.F.);
#2774 = FACE_BOUND('',#2775,.T.);
#2775 = EDGE_LOOP('',(#2776,#2777,#2778,#2779));
#2776 = ORIENTED_EDGE('',*,*,#1465,.F.);
#2777 = ORIENTED_EDGE('',*,*,#2763,.T.);
#2778 = ORIENTED_EDGE('',*,*,#149,.F.);
#2779 = ORIENTED_EDGE('',*,*,#2780,.F.);
#2780 = EDGE_CURVE('',#1458,#142,#2781,.T.);
#2781 = LINE('',#2782,#2783);
#2782 = CARTESIAN_POINT('',(-304.8508,-3.175,-63.5));
#2783 = VECTOR('',#2784,1.);
#2784 = DIRECTION('',(0.,1.,-2.2E-16));
#2785 = CYLINDRICAL_SURFACE('',#2786,3.175);
#2786 = AXIS2_PLACEMENT_3D('',#2787,#2788,#2789);
#2787 = CARTESIAN_POINT('',(-304.8508,-3.175,-66.675));
#2788 = DIRECTION('',(0.,-1.,2.2E-16));
#2789 = DIRECTION('',(-1.,0.,0.));
#2790 = ADVANCED_FACE('',(#2791),#2802,.F.);
#2791 = FACE_BOUND('',#2792,.T.);
#2792 = EDGE_LOOP('',(#2793,#2794,#2800,#2801));
#2793 = ORIENTED_EDGE('',*,*,#1446,.F.);
#2794 = ORIENTED_EDGE('',*,*,#2795,.T.);
#2795 = EDGE_CURVE('',#1447,#133,#2796,.T.);
#2796 = LINE('',#2797,#2798);
#2797 = CARTESIAN_POINT('',(-299.7708,-3.175,-63.5));
#2798 = VECTOR('',#2799,1.);
#2799 = DIRECTION('',(0.,1.,-2.2E-16));
#2800 = ORIENTED_EDGE('',*,*,#132,.F.);
#2801 = ORIENTED_EDGE('',*,*,#2756,.F.);
#2802 = CYLINDRICAL_SURFACE('',#2803,3.175);
#2803 = AXIS2_PLACEMENT_3D('',#2804,#2805,#2806);
#2804 = CARTESIAN_POINT('',(-299.7708,-3.175,-66.675));
#2805 = DIRECTION('',(0.,-1.,2.2E-16));
#2806 = DIRECTION('',(-1.,0.,0.));
#2807 = ADVANCED_FACE('',(#2808),#2814,.T.);
#2808 = FACE_BOUND('',#2809,.F.);
#2809 = EDGE_LOOP('',(#2810,#2811,#2812,#2813));
#2810 = ORIENTED_EDGE('',*,*,#1457,.F.);
#2811 = ORIENTED_EDGE('',*,*,#2795,.T.);
#2812 = ORIENTED_EDGE('',*,*,#141,.F.);
#2813 = ORIENTED_EDGE('',*,*,#2780,.F.);
#2814 = PLANE('',#2815);
#2815 = AXIS2_PLACEMENT_3D('',#2816,#2817,#2818);
#2816 = CARTESIAN_POINT('',(-299.7708,-3.175,-63.5));
#2817 = DIRECTION('',(-0.,-2.2E-16,-1.));
#2818 = DIRECTION('',(1.,0.,0.));
#2819 = ADVANCED_FACE('',(#2820),#2836,.F.);
#2820 = FACE_BOUND('',#2821,.F.);
#2821 = EDGE_LOOP('',(#2822,#2823,#2829,#2830));
#2822 = ORIENTED_EDGE('',*,*,#1482,.F.);
#2823 = ORIENTED_EDGE('',*,*,#2824,.T.);
#2824 = EDGE_CURVE('',#1483,#161,#2825,.T.);
#2825 = LINE('',#2826,#2827);
#2826 = CARTESIAN_POINT('',(-252.9332,-3.175,-55.52989526213));
#2827 = VECTOR('',#2828,1.);
#2828 = DIRECTION('',(0.,1.,-2.22044604925E-16));
#2829 = ORIENTED_EDGE('',*,*,#158,.F.);
#2830 = ORIENTED_EDGE('',*,*,#2831,.F.);
#2831 = EDGE_CURVE('',#1485,#159,#2832,.T.);
#2832 = LINE('',#2833,#2834);
#2833 = CARTESIAN_POINT('',(-252.9332,-3.175,-56.67289526213));
#2834 = VECTOR('',#2835,1.);
#2835 = DIRECTION('',(0.,1.,-2.22044604925E-16));
#2836 = PLANE('',#2837);
#2837 = AXIS2_PLACEMENT_3D('',#2838,#2839,#2840);
#2838 = CARTESIAN_POINT('',(-252.9332,-3.175,-55.52989526213));
#2839 = DIRECTION('',(-1.,0.,0.));
#2840 = DIRECTION('',(0.,-2.22044604925E-16,-1.));
#2841 = ADVANCED_FACE('',(#2842),#2853,.F.);
#2842 = FACE_BOUND('',#2843,.F.);
#2843 = EDGE_LOOP('',(#2844,#2845,#2851,#2852));
#2844 = ORIENTED_EDGE('',*,*,#1509,.F.);
#2845 = ORIENTED_EDGE('',*,*,#2846,.T.);
#2846 = EDGE_CURVE('',#1502,#178,#2847,.T.);
#2847 = LINE('',#2848,#2849);
#2848 = CARTESIAN_POINT('',(-255.0668,-3.175,-55.52989526213));
#2849 = VECTOR('',#2850,1.);
#2850 = DIRECTION('',(0.,1.,-2.22044604925E-16));
#2851 = ORIENTED_EDGE('',*,*,#185,.F.);
#2852 = ORIENTED_EDGE('',*,*,#2824,.F.);
#2853 = PLANE('',#2854);
#2854 = AXIS2_PLACEMENT_3D('',#2855,#2856,#2857);
#2855 = CARTESIAN_POINT('',(-255.0668,-3.175,-55.52989526213));
#2856 = DIRECTION('',(0.,-2.22044604925E-16,-1.));
#2857 = DIRECTION('',(1.,0.,0.));
#2858 = ADVANCED_FACE('',(#2859),#2870,.F.);
#2859 = FACE_BOUND('',#2860,.F.);
#2860 = EDGE_LOOP('',(#2861,#2862,#2868,#2869));
#2861 = ORIENTED_EDGE('',*,*,#1501,.F.);
#2862 = ORIENTED_EDGE('',*,*,#2863,.T.);
#2863 = EDGE_CURVE('',#1493,#169,#2864,.T.);
#2864 = LINE('',#2865,#2866);
#2865 = CARTESIAN_POINT('',(-255.0668,-3.175,-56.67289526213));
#2866 = VECTOR('',#2867,1.);
#2867 = DIRECTION('',(0.,1.,-2.22044604925E-16));
#2868 = ORIENTED_EDGE('',*,*,#177,.F.);
#2869 = ORIENTED_EDGE('',*,*,#2846,.F.);
#2870 = PLANE('',#2871);
#2871 = AXIS2_PLACEMENT_3D('',#2872,#2873,#2874);
#2872 = CARTESIAN_POINT('',(-255.0668,-3.175,-56.67289526213));
#2873 = DIRECTION('',(1.,0.,0.));
#2874 = DIRECTION('',(0.,2.22044604925E-16,1.));
#2875 = ADVANCED_FACE('',(#2876),#2882,.F.);
#2876 = FACE_BOUND('',#2877,.F.);
#2877 = EDGE_LOOP('',(#2878,#2879,#2880,#2881));
#2878 = ORIENTED_EDGE('',*,*,#1492,.F.);
#2879 = ORIENTED_EDGE('',*,*,#2831,.T.);
#2880 = ORIENTED_EDGE('',*,*,#168,.T.);
#2881 = ORIENTED_EDGE('',*,*,#2863,.F.);
#2882 = CYLINDRICAL_SURFACE('',#2883,5.969);
#2883 = AXIS2_PLACEMENT_3D('',#2884,#2885,#2886);
#2884 = CARTESIAN_POINT('',(-254.,-3.175,-50.8));
#2885 = DIRECTION('',(0.,-1.,2.22044604925E-16));
#2886 = DIRECTION('',(1.,0.,0.));
#2887 = ADVANCED_FACE('',(#2888),#2904,.F.);
#2888 = FACE_BOUND('',#2889,.F.);
#2889 = EDGE_LOOP('',(#2890,#2891,#2897,#2898));
#2890 = ORIENTED_EDGE('',*,*,#1517,.F.);
#2891 = ORIENTED_EDGE('',*,*,#2892,.T.);
#2892 = EDGE_CURVE('',#1518,#196,#2893,.T.);
#2893 = LINE('',#2894,#2895);
#2894 = CARTESIAN_POINT('',(-214.8332,-3.175,-55.52989526213));
#2895 = VECTOR('',#2896,1.);
#2896 = DIRECTION('',(0.,1.,-2.22044604925E-16));
#2897 = ORIENTED_EDGE('',*,*,#193,.F.);
#2898 = ORIENTED_EDGE('',*,*,#2899,.F.);
#2899 = EDGE_CURVE('',#1520,#194,#2900,.T.);
#2900 = LINE('',#2901,#2902);
#2901 = CARTESIAN_POINT('',(-214.8332,-3.175,-56.67289526213));
#2902 = VECTOR('',#2903,1.);
#2903 = DIRECTION('',(0.,1.,-2.22044604925E-16));
#2904 = PLANE('',#2905);
#2905 = AXIS2_PLACEMENT_3D('',#2906,#2907,#2908);
#2906 = CARTESIAN_POINT('',(-214.8332,-3.175,-55.52989526213));
#2907 = DIRECTION('',(-1.,0.,0.));
#2908 = DIRECTION('',(0.,-2.22044604925E-16,-1.));
#2909 = ADVANCED_FACE('',(#2910),#2921,.F.);
#2910 = FACE_BOUND('',#2911,.F.);
#2911 = EDGE_LOOP('',(#2912,#2913,#2919,#2920));
#2912 = ORIENTED_EDGE('',*,*,#1544,.F.);
#2913 = ORIENTED_EDGE('',*,*,#2914,.T.);
#2914 = EDGE_CURVE('',#1537,#213,#2915,.T.);
#2915 = LINE('',#2916,#2917);
#2916 = CARTESIAN_POINT('',(-216.9668,-3.175,-55.52989526213));
#2917 = VECTOR('',#2918,1.);
#2918 = DIRECTION('',(0.,1.,-2.22044604925E-16));
#2919 = ORIENTED_EDGE('',*,*,#220,.F.);
#2920 = ORIENTED_EDGE('',*,*,#2892,.F.);
#2921 = PLANE('',#2922);
#2922 = AXIS2_PLACEMENT_3D('',#2923,#2924,#2925);
#2923 = CARTESIAN_POINT('',(-216.9668,-3.175,-55.52989526213));
#2924 = DIRECTION('',(0.,-2.22044604925E-16,-1.));
#2925 = DIRECTION('',(1.,0.,0.));
#2926 = ADVANCED_FACE('',(#2927),#2938,.F.);
#2927 = FACE_BOUND('',#2928,.F.);
#2928 = EDGE_LOOP('',(#2929,#2930,#2936,#2937));
#2929 = ORIENTED_EDGE('',*,*,#1536,.F.);
#2930 = ORIENTED_EDGE('',*,*,#2931,.T.);
#2931 = EDGE_CURVE('',#1528,#204,#2932,.T.);
#2932 = LINE('',#2933,#2934);
#2933 = CARTESIAN_POINT('',(-216.9668,-3.175,-56.67289526213));
#2934 = VECTOR('',#2935,1.);
#2935 = DIRECTION('',(0.,1.,-2.22044604925E-16));
#2936 = ORIENTED_EDGE('',*,*,#212,.F.);
#2937 = ORIENTED_EDGE('',*,*,#2914,.F.);
#2938 = PLANE('',#2939);
#2939 = AXIS2_PLACEMENT_3D('',#2940,#2941,#2942);
#2940 = CARTESIAN_POINT('',(-216.9668,-3.175,-56.67289526213));
#2941 = DIRECTION('',(1.,0.,0.));
#2942 = DIRECTION('',(0.,2.22044604925E-16,1.));
#2943 = ADVANCED_FACE('',(#2944),#2950,.F.);
#2944 = FACE_BOUND('',#2945,.F.);
#2945 = EDGE_LOOP('',(#2946,#2947,#2948,#2949));
#2946 = ORIENTED_EDGE('',*,*,#1527,.F.);
#2947 = ORIENTED_EDGE('',*,*,#2899,.T.);
#2948 = ORIENTED_EDGE('',*,*,#203,.T.);
#2949 = ORIENTED_EDGE('',*,*,#2931,.F.);
#2950 = CYLINDRICAL_SURFACE('',#2951,5.969);
#2951 = AXIS2_PLACEMENT_3D('',#2952,#2953,#2954);
#2952 = CARTESIAN_POINT('',(-215.9,-3.175,-50.8));
#2953 = DIRECTION('',(0.,-1.,2.22044604925E-16));
#2954 = DIRECTION('',(1.,0.,0.));
#2955 = ADVANCED_FACE('',(#2956),#2972,.F.);
#2956 = FACE_BOUND('',#2957,.T.);
#2957 = EDGE_LOOP('',(#2958,#2959,#2965,#2966));
#2958 = ORIENTED_EDGE('',*,*,#1580,.F.);
#2959 = ORIENTED_EDGE('',*,*,#2960,.T.);
#2960 = EDGE_CURVE('',#1555,#231,#2961,.T.);
#2961 = LINE('',#2962,#2963);
#2962 = CARTESIAN_POINT('',(-299.7708,-3.175,-25.4));
#2963 = VECTOR('',#2964,1.);
#2964 = DIRECTION('',(0.,1.,-2.2E-16));
#2965 = ORIENTED_EDGE('',*,*,#228,.F.);
#2966 = ORIENTED_EDGE('',*,*,#2967,.F.);
#2967 = EDGE_CURVE('',#1572,#229,#2968,.T.);
#2968 = LINE('',#2969,#2970);
#2969 = CARTESIAN_POINT('',(-304.8508,-3.175,-25.4));
#2970 = VECTOR('',#2971,1.);
#2971 = DIRECTION('',(0.,1.,-2.2E-16));
#2972 = PLANE('',#2973);
#2973 = AXIS2_PLACEMENT_3D('',#2974,#2975,#2976);
#2974 = CARTESIAN_POINT('',(-299.7708,-3.175,-25.4));
#2975 = DIRECTION('',(-0.,-2.2E-16,-1.));
#2976 = DIRECTION('',(1.,0.,0.));
#2977 = ADVANCED_FACE('',(#2978),#2989,.F.);
#2978 = FACE_BOUND('',#2979,.T.);
#2979 = EDGE_LOOP('',(#2980,#2981,#2982,#2983));
#2980 = ORIENTED_EDGE('',*,*,#1571,.F.);
#2981 = ORIENTED_EDGE('',*,*,#2967,.T.);
#2982 = ORIENTED_EDGE('',*,*,#255,.F.);
#2983 = ORIENTED_EDGE('',*,*,#2984,.F.);
#2984 = EDGE_CURVE('',#1564,#248,#2985,.T.);
#2985 = LINE('',#2986,#2987);
#2986 = CARTESIAN_POINT('',(-304.8508,-3.175,-19.05));
#2987 = VECTOR('',#2988,1.);
#2988 = DIRECTION('',(0.,1.,-2.2E-16));
#2989 = CYLINDRICAL_SURFACE('',#2990,3.175);
#2990 = AXIS2_PLACEMENT_3D('',#2991,#2992,#2993);
#2991 = CARTESIAN_POINT('',(-304.8508,-3.175,-22.225));
#2992 = DIRECTION('',(0.,-1.,2.2E-16));
#2993 = DIRECTION('',(-1.,0.,0.));
#2994 = ADVANCED_FACE('',(#2995),#3006,.F.);
#2995 = FACE_BOUND('',#2996,.T.);
#2996 = EDGE_LOOP('',(#2997,#2998,#3004,#3005));
#2997 = ORIENTED_EDGE('',*,*,#1552,.F.);
#2998 = ORIENTED_EDGE('',*,*,#2999,.T.);
#2999 = EDGE_CURVE('',#1553,#239,#3000,.T.);
#3000 = LINE('',#3001,#3002);
#3001 = CARTESIAN_POINT('',(-299.7708,-3.175,-19.05));
#3002 = VECTOR('',#3003,1.);
#3003 = DIRECTION('',(0.,1.,-2.2E-16));
#3004 = ORIENTED_EDGE('',*,*,#238,.F.);
#3005 = ORIENTED_EDGE('',*,*,#2960,.F.);
#3006 = CYLINDRICAL_SURFACE('',#3007,3.175);
#3007 = AXIS2_PLACEMENT_3D('',#3008,#3009,#3010);
#3008 = CARTESIAN_POINT('',(-299.7708,-3.175,-22.225));
#3009 = DIRECTION('',(0.,-1.,2.2E-16));
#3010 = DIRECTION('',(-1.,0.,0.));
#3011 = ADVANCED_FACE('',(#3012),#3018,.T.);
#3012 = FACE_BOUND('',#3013,.F.);
#3013 = EDGE_LOOP('',(#3014,#3015,#3016,#3017));
#3014 = ORIENTED_EDGE('',*,*,#1563,.F.);
#3015 = ORIENTED_EDGE('',*,*,#2999,.T.);
#3016 = ORIENTED_EDGE('',*,*,#247,.F.);
#3017 = ORIENTED_EDGE('',*,*,#2984,.F.);
#3018 = PLANE('',#3019);
#3019 = AXIS2_PLACEMENT_3D('',#3020,#3021,#3022);
#3020 = CARTESIAN_POINT('',(-299.7708,-3.175,-19.05));
#3021 = DIRECTION('',(-0.,-2.2E-16,-1.));
#3022 = DIRECTION('',(1.,0.,0.));
#3023 = ADVANCED_FACE('',(#3024),#3035,.F.);
#3024 = FACE_BOUND('',#3025,.F.);
#3025 = EDGE_LOOP('',(#3026,#3027,#3033,#3034));
#3026 = ORIENTED_EDGE('',*,*,#1588,.F.);
#3027 = ORIENTED_EDGE('',*,*,#3028,.T.);
#3028 = EDGE_CURVE('',#1589,#265,#3029,.T.);
#3029 = LINE('',#3030,#3031);
#3030 = CARTESIAN_POINT('',(-252.349,-3.175,0.));
#3031 = VECTOR('',#3032,1.);
#3032 = DIRECTION('',(0.,1.,-2.22044604925E-16));
#3033 = ORIENTED_EDGE('',*,*,#264,.T.);
#3034 = ORIENTED_EDGE('',*,*,#3028,.F.);
#3035 = CYLINDRICAL_SURFACE('',#3036,1.651);
#3036 = AXIS2_PLACEMENT_3D('',#3037,#3038,#3039);
#3037 = CARTESIAN_POINT('',(-254.,-3.175,0.));
#3038 = DIRECTION('',(0.,-1.,2.22044604925E-16));
#3039 = DIRECTION('',(1.,0.,0.));
#3040 = ADVANCED_FACE('',(#3041),#3057,.F.);
#3041 = FACE_BOUND('',#3042,.F.);
#3042 = EDGE_LOOP('',(#3043,#3044,#3050,#3051));
#3043 = ORIENTED_EDGE('',*,*,#1610,.F.);
#3044 = ORIENTED_EDGE('',*,*,#3045,.T.);
#3045 = EDGE_CURVE('',#1602,#278,#3046,.T.);
#3046 = LINE('',#3047,#3048);
#3047 = CARTESIAN_POINT('',(-251.206,-3.175,-6.604));
#3048 = VECTOR('',#3049,1.);
#3049 = DIRECTION('',(0.,1.,-2.2E-16));
#3050 = ORIENTED_EDGE('',*,*,#275,.F.);
#3051 = ORIENTED_EDGE('',*,*,#3052,.F.);
#3052 = EDGE_CURVE('',#1611,#276,#3053,.T.);
#3053 = LINE('',#3054,#3055);
#3054 = CARTESIAN_POINT('',(-251.206,-3.175,-18.796));
#3055 = VECTOR('',#3056,1.);
#3056 = DIRECTION('',(0.,1.,-2.2E-16));
#3057 = PLANE('',#3058);
#3058 = AXIS2_PLACEMENT_3D('',#3059,#3060,#3061);
#3059 = CARTESIAN_POINT('',(-251.206,-3.175,-6.604));
#3060 = DIRECTION('',(-1.,0.,0.));
#3061 = DIRECTION('',(0.,-2.2E-16,-1.));
#3062 = ADVANCED_FACE('',(#3063),#3074,.F.);
#3063 = FACE_BOUND('',#3064,.F.);
#3064 = EDGE_LOOP('',(#3065,#3066,#3067,#3068));
#3065 = ORIENTED_EDGE('',*,*,#1618,.F.);
#3066 = ORIENTED_EDGE('',*,*,#3052,.T.);
#3067 = ORIENTED_EDGE('',*,*,#285,.T.);
#3068 = ORIENTED_EDGE('',*,*,#3069,.F.);
#3069 = EDGE_CURVE('',#1619,#286,#3070,.T.);
#3070 = LINE('',#3071,#3072);
#3071 = CARTESIAN_POINT('',(-247.396,-3.175,-22.606));
#3072 = VECTOR('',#3073,1.);
#3073 = DIRECTION('',(0.,1.,-2.2E-16));
#3074 = CYLINDRICAL_SURFACE('',#3075,3.81);
#3075 = AXIS2_PLACEMENT_3D('',#3076,#3077,#3078);
#3076 = CARTESIAN_POINT('',(-247.396,-3.175,-18.796));
#3077 = DIRECTION('',(0.,-1.,2.2E-16));
#3078 = DIRECTION('',(1.,0.,0.));
#3079 = ADVANCED_FACE('',(#3080),#3091,.F.);
#3080 = FACE_BOUND('',#3081,.F.);
#3081 = EDGE_LOOP('',(#3082,#3083,#3089,#3090));
#3082 = ORIENTED_EDGE('',*,*,#1599,.F.);
#3083 = ORIENTED_EDGE('',*,*,#3084,.T.);
#3084 = EDGE_CURVE('',#1600,#329,#3085,.T.);
#3085 = LINE('',#3086,#3087);
#3086 = CARTESIAN_POINT('',(-247.396,-3.175,-2.794));
#3087 = VECTOR('',#3088,1.);
#3088 = DIRECTION('',(0.,1.,-2.2E-16));
#3089 = ORIENTED_EDGE('',*,*,#336,.T.);
#3090 = ORIENTED_EDGE('',*,*,#3045,.F.);
#3091 = CYLINDRICAL_SURFACE('',#3092,3.81);
#3092 = AXIS2_PLACEMENT_3D('',#3093,#3094,#3095);
#3093 = CARTESIAN_POINT('',(-247.396,-3.175,-6.604));
#3094 = DIRECTION('',(0.,-1.,2.2E-16));
#3095 = DIRECTION('',(1.,0.,0.));
#3096 = ADVANCED_FACE('',(#3097),#3108,.F.);
#3097 = FACE_BOUND('',#3098,.F.);
#3098 = EDGE_LOOP('',(#3099,#3100,#3101,#3102));
#3099 = ORIENTED_EDGE('',*,*,#1627,.F.);
#3100 = ORIENTED_EDGE('',*,*,#3069,.T.);
#3101 = ORIENTED_EDGE('',*,*,#294,.F.);
#3102 = ORIENTED_EDGE('',*,*,#3103,.F.);
#3103 = EDGE_CURVE('',#1628,#295,#3104,.T.);
#3104 = LINE('',#3105,#3106);
#3105 = CARTESIAN_POINT('',(-222.504,-3.175,-22.606));
#3106 = VECTOR('',#3107,1.);
#3107 = DIRECTION('',(0.,1.,-2.2E-16));
#3108 = PLANE('',#3109);
#3109 = AXIS2_PLACEMENT_3D('',#3110,#3111,#3112);
#3110 = CARTESIAN_POINT('',(-247.396,-3.175,-22.606));
#3111 = DIRECTION('',(0.,-2.2E-16,-1.));
#3112 = DIRECTION('',(1.,0.,0.));
#3113 = ADVANCED_FACE('',(#3114),#3125,.F.);
#3114 = FACE_BOUND('',#3115,.F.);
#3115 = EDGE_LOOP('',(#3116,#3117,#3123,#3124));
#3116 = ORIENTED_EDGE('',*,*,#1661,.F.);
#3117 = ORIENTED_EDGE('',*,*,#3118,.T.);
#3118 = EDGE_CURVE('',#1653,#320,#3119,.T.);
#3119 = LINE('',#3120,#3121);
#3120 = CARTESIAN_POINT('',(-222.504,-3.175,-2.794));
#3121 = VECTOR('',#3122,1.);
#3122 = DIRECTION('',(0.,1.,-2.2E-16));
#3123 = ORIENTED_EDGE('',*,*,#328,.F.);
#3124 = ORIENTED_EDGE('',*,*,#3084,.F.);
#3125 = PLANE('',#3126);
#3126 = AXIS2_PLACEMENT_3D('',#3127,#3128,#3129);
#3127 = CARTESIAN_POINT('',(-222.504,-3.175,-2.794));
#3128 = DIRECTION('',(0.,2.2E-16,1.));
#3129 = DIRECTION('',(-1.,0.,0.));
#3130 = ADVANCED_FACE('',(#3131),#3142,.F.);
#3131 = FACE_BOUND('',#3132,.F.);
#3132 = EDGE_LOOP('',(#3133,#3134,#3135,#3136));
#3133 = ORIENTED_EDGE('',*,*,#1635,.F.);
#3134 = ORIENTED_EDGE('',*,*,#3103,.T.);
#3135 = ORIENTED_EDGE('',*,*,#302,.T.);
#3136 = ORIENTED_EDGE('',*,*,#3137,.F.);
#3137 = EDGE_CURVE('',#1636,#303,#3138,.T.);
#3138 = LINE('',#3139,#3140);
#3139 = CARTESIAN_POINT('',(-218.694,-3.175,-18.796));
#3140 = VECTOR('',#3141,1.);
#3141 = DIRECTION('',(0.,1.,-2.2E-16));
#3142 = CYLINDRICAL_SURFACE('',#3143,3.81);
#3143 = AXIS2_PLACEMENT_3D('',#3144,#3145,#3146);
#3144 = CARTESIAN_POINT('',(-222.504,-3.175,-18.796));
#3145 = DIRECTION('',(0.,-1.,2.2E-16));
#3146 = DIRECTION('',(1.,0.,0.));
#3147 = ADVANCED_FACE('',(#3148),#3159,.F.);
#3148 = FACE_BOUND('',#3149,.F.);
#3149 = EDGE_LOOP('',(#3150,#3151,#3157,#3158));
#3150 = ORIENTED_EDGE('',*,*,#1652,.F.);
#3151 = ORIENTED_EDGE('',*,*,#3152,.T.);
#3152 = EDGE_CURVE('',#1645,#312,#3153,.T.);
#3153 = LINE('',#3154,#3155);
#3154 = CARTESIAN_POINT('',(-218.694,-3.175,-6.604));
#3155 = VECTOR('',#3156,1.);
#3156 = DIRECTION('',(0.,1.,-2.2E-16));
#3157 = ORIENTED_EDGE('',*,*,#319,.T.);
#3158 = ORIENTED_EDGE('',*,*,#3118,.F.);
#3159 = CYLINDRICAL_SURFACE('',#3160,3.81);
#3160 = AXIS2_PLACEMENT_3D('',#3161,#3162,#3163);
#3161 = CARTESIAN_POINT('',(-222.504,-3.175,-6.604));
#3162 = DIRECTION('',(0.,-1.,2.2E-16));
#3163 = DIRECTION('',(1.,0.,0.));
#3164 = ADVANCED_FACE('',(#3165),#3171,.F.);
#3165 = FACE_BOUND('',#3166,.F.);
#3166 = EDGE_LOOP('',(#3167,#3168,#3169,#3170));
#3167 = ORIENTED_EDGE('',*,*,#1644,.F.);
#3168 = ORIENTED_EDGE('',*,*,#3137,.T.);
#3169 = ORIENTED_EDGE('',*,*,#311,.F.);
#3170 = ORIENTED_EDGE('',*,*,#3152,.F.);
#3171 = PLANE('',#3172);
#3172 = AXIS2_PLACEMENT_3D('',#3173,#3174,#3175);
#3173 = CARTESIAN_POINT('',(-218.694,-3.175,-18.796));
#3174 = DIRECTION('',(1.,0.,0.));
#3175 = DIRECTION('',(0.,2.2E-16,1.));
#3176 = ADVANCED_FACE('',(#3177),#3193,.F.);
#3177 = FACE_BOUND('',#3178,.T.);
#3178 = EDGE_LOOP('',(#3179,#3180,#3186,#3187));
#3179 = ORIENTED_EDGE('',*,*,#1730,.F.);
#3180 = ORIENTED_EDGE('',*,*,#3181,.T.);
#3181 = EDGE_CURVE('',#1672,#348,#3182,.T.);
#3182 = LINE('',#3183,#3184);
#3183 = CARTESIAN_POINT('',(-180.594,-3.175,-18.796));
#3184 = VECTOR('',#3185,1.);
#3185 = DIRECTION('',(0.,1.,-2.2E-16));
#3186 = ORIENTED_EDGE('',*,*,#345,.F.);
#3187 = ORIENTED_EDGE('',*,*,#3188,.F.);
#3188 = EDGE_CURVE('',#1723,#346,#3189,.T.);
#3189 = LINE('',#3190,#3191);
#3190 = CARTESIAN_POINT('',(-184.404,-3.175,-22.606));
#3191 = VECTOR('',#3192,1.);
#3192 = DIRECTION('',(0.,1.,-2.2E-16));
#3193 = CYLINDRICAL_SURFACE('',#3194,3.81);
#3194 = AXIS2_PLACEMENT_3D('',#3195,#3196,#3197);
#3195 = CARTESIAN_POINT('',(-184.404,-3.175,-18.796));
#3196 = DIRECTION('',(0.,-1.,2.2E-16));
#3197 = DIRECTION('',(-1.,0.,0.));
#3198 = ADVANCED_FACE('',(#3199),#3210,.F.);
#3199 = FACE_BOUND('',#3200,.T.);
#3200 = EDGE_LOOP('',(#3201,#3202,#3203,#3204));
#3201 = ORIENTED_EDGE('',*,*,#1722,.F.);
#3202 = ORIENTED_EDGE('',*,*,#3188,.T.);
#3203 = ORIENTED_EDGE('',*,*,#407,.F.);
#3204 = ORIENTED_EDGE('',*,*,#3205,.F.);
#3205 = EDGE_CURVE('',#1714,#399,#3206,.T.);
#3206 = LINE('',#3207,#3208);
#3207 = CARTESIAN_POINT('',(-209.296,-3.175,-22.606));
#3208 = VECTOR('',#3209,1.);
#3209 = DIRECTION('',(0.,1.,-2.2E-16));
#3210 = PLANE('',#3211);
#3211 = AXIS2_PLACEMENT_3D('',#3212,#3213,#3214);
#3212 = CARTESIAN_POINT('',(-184.404,-3.175,-22.606));
#3213 = DIRECTION('',(-0.,-2.2E-16,-1.));
#3214 = DIRECTION('',(1.,0.,0.));
#3215 = ADVANCED_FACE('',(#3216),#3227,.F.);
#3216 = FACE_BOUND('',#3217,.T.);
#3217 = EDGE_LOOP('',(#3218,#3219,#3225,#3226));
#3218 = ORIENTED_EDGE('',*,*,#1669,.F.);
#3219 = ORIENTED_EDGE('',*,*,#3220,.T.);
#3220 = EDGE_CURVE('',#1670,#357,#3221,.T.);
#3221 = LINE('',#3222,#3223);
#3222 = CARTESIAN_POINT('',(-180.594,-3.175,-6.604));
#3223 = VECTOR('',#3224,1.);
#3224 = DIRECTION('',(0.,1.,-2.2E-16));
#3225 = ORIENTED_EDGE('',*,*,#356,.F.);
#3226 = ORIENTED_EDGE('',*,*,#3181,.F.);
#3227 = PLANE('',#3228);
#3228 = AXIS2_PLACEMENT_3D('',#3229,#3230,#3231);
#3229 = CARTESIAN_POINT('',(-180.594,-3.175,-6.604));
#3230 = DIRECTION('',(1.,0.,0.));
#3231 = DIRECTION('',(0.,2.2E-16,1.));
#3232 = ADVANCED_FACE('',(#3233),#3244,.F.);
#3233 = FACE_BOUND('',#3234,.T.);
#3234 = EDGE_LOOP('',(#3235,#3236,#3237,#3238));
#3235 = ORIENTED_EDGE('',*,*,#1713,.F.);
#3236 = ORIENTED_EDGE('',*,*,#3205,.T.);
#3237 = ORIENTED_EDGE('',*,*,#398,.F.);
#3238 = ORIENTED_EDGE('',*,*,#3239,.F.);
#3239 = EDGE_CURVE('',#1706,#391,#3240,.T.);
#3240 = LINE('',#3241,#3242);
#3241 = CARTESIAN_POINT('',(-213.106,-3.175,-18.796));
#3242 = VECTOR('',#3243,1.);
#3243 = DIRECTION('',(0.,1.,-2.2E-16));
#3244 = CYLINDRICAL_SURFACE('',#3245,3.81);
#3245 = AXIS2_PLACEMENT_3D('',#3246,#3247,#3248);
#3246 = CARTESIAN_POINT('',(-209.296,-3.175,-18.796));
#3247 = DIRECTION('',(0.,-1.,2.2E-16));
#3248 = DIRECTION('',(-1.,0.,0.));
#3249 = ADVANCED_FACE('',(#3250),#3261,.F.);
#3250 = FACE_BOUND('',#3251,.T.);
#3251 = EDGE_LOOP('',(#3252,#3253,#3259,#3260));
#3252 = ORIENTED_EDGE('',*,*,#1679,.F.);
#3253 = ORIENTED_EDGE('',*,*,#3254,.T.);
#3254 = EDGE_CURVE('',#1680,#365,#3255,.T.);
#3255 = LINE('',#3256,#3257);
#3256 = CARTESIAN_POINT('',(-184.404,-3.175,-2.794));
#3257 = VECTOR('',#3258,1.);
#3258 = DIRECTION('',(0.,1.,-2.2E-16));
#3259 = ORIENTED_EDGE('',*,*,#364,.F.);
#3260 = ORIENTED_EDGE('',*,*,#3220,.F.);
#3261 = CYLINDRICAL_SURFACE('',#3262,3.81);
#3262 = AXIS2_PLACEMENT_3D('',#3263,#3264,#3265);
#3263 = CARTESIAN_POINT('',(-184.404,-3.175,-6.604));
#3264 = DIRECTION('',(0.,-1.,2.2E-16));
#3265 = DIRECTION('',(-1.,0.,0.));
#3266 = ADVANCED_FACE('',(#3267),#3278,.F.);
#3267 = FACE_BOUND('',#3268,.T.);
#3268 = EDGE_LOOP('',(#3269,#3270,#3271,#3272));
#3269 = ORIENTED_EDGE('',*,*,#1705,.F.);
#3270 = ORIENTED_EDGE('',*,*,#3239,.T.);
#3271 = ORIENTED_EDGE('',*,*,#390,.F.);
#3272 = ORIENTED_EDGE('',*,*,#3273,.F.);
#3273 = EDGE_CURVE('',#1697,#382,#3274,.T.);
#3274 = LINE('',#3275,#3276);
#3275 = CARTESIAN_POINT('',(-213.106,-3.175,-6.604));
#3276 = VECTOR('',#3277,1.);
#3277 = DIRECTION('',(0.,1.,-2.2E-16));
#3278 = PLANE('',#3279);
#3279 = AXIS2_PLACEMENT_3D('',#3280,#3281,#3282);
#3280 = CARTESIAN_POINT('',(-213.106,-3.175,-18.796));
#3281 = DIRECTION('',(-1.,-0.,-0.));
#3282 = DIRECTION('',(-0.,-2.2E-16,-1.));
#3283 = ADVANCED_FACE('',(#3284),#3295,.F.);
#3284 = FACE_BOUND('',#3285,.T.);
#3285 = EDGE_LOOP('',(#3286,#3287,#3293,#3294));
#3286 = ORIENTED_EDGE('',*,*,#1688,.F.);
#3287 = ORIENTED_EDGE('',*,*,#3288,.T.);
#3288 = EDGE_CURVE('',#1689,#374,#3289,.T.);
#3289 = LINE('',#3290,#3291);
#3290 = CARTESIAN_POINT('',(-209.296,-3.175,-2.794));
#3291 = VECTOR('',#3292,1.);
#3292 = DIRECTION('',(0.,1.,-2.2E-16));
#3293 = ORIENTED_EDGE('',*,*,#373,.F.);
#3294 = ORIENTED_EDGE('',*,*,#3254,.F.);
#3295 = PLANE('',#3296);
#3296 = AXIS2_PLACEMENT_3D('',#3297,#3298,#3299);
#3297 = CARTESIAN_POINT('',(-209.296,-3.175,-2.794));
#3298 = DIRECTION('',(0.,2.2E-16,1.));
#3299 = DIRECTION('',(-1.,-0.,-0.));
#3300 = ADVANCED_FACE('',(#3301),#3307,.F.);
#3301 = FACE_BOUND('',#3302,.T.);
#3302 = EDGE_LOOP('',(#3303,#3304,#3305,#3306));
#3303 = ORIENTED_EDGE('',*,*,#1696,.F.);
#3304 = ORIENTED_EDGE('',*,*,#3273,.T.);
#3305 = ORIENTED_EDGE('',*,*,#381,.F.);
#3306 = ORIENTED_EDGE('',*,*,#3288,.F.);
#3307 = CYLINDRICAL_SURFACE('',#3308,3.81);
#3308 = AXIS2_PLACEMENT_3D('',#3309,#3310,#3311);
#3309 = CARTESIAN_POINT('',(-209.296,-3.175,-6.604));
#3310 = DIRECTION('',(0.,-1.,2.2E-16));
#3311 = DIRECTION('',(-1.,0.,0.));
#3312 = ADVANCED_FACE('',(#3313),#3324,.F.);
#3313 = FACE_BOUND('',#3314,.T.);
#3314 = EDGE_LOOP('',(#3315,#3321,#3322,#3323));
#3315 = ORIENTED_EDGE('',*,*,#3316,.T.);
#3316 = EDGE_CURVE('',#416,#1740,#3317,.T.);
#3317 = LINE('',#3318,#3319);
#3318 = CARTESIAN_POINT('',(-130.8735,-1.388E-14,-62.4967));
#3319 = VECTOR('',#3320,1.);
#3320 = DIRECTION('',(0.,-1.,2.2E-16));
#3321 = ORIENTED_EDGE('',*,*,#1739,.T.);
#3322 = ORIENTED_EDGE('',*,*,#3316,.F.);
#3323 = ORIENTED_EDGE('',*,*,#415,.F.);
#3324 = CYLINDRICAL_SURFACE('',#3325,1.6256);
#3325 = AXIS2_PLACEMENT_3D('',#3326,#3327,#3328);
#3326 = CARTESIAN_POINT('',(-132.4991,-1.388E-14,-62.4967));
#3327 = DIRECTION('',(0.,1.,-2.2E-16));
#3328 = DIRECTION('',(1.,0.,0.));
#3329 = ADVANCED_FACE('',(#3330),#3346,.F.);
#3330 = FACE_BOUND('',#3331,.F.);
#3331 = EDGE_LOOP('',(#3332,#3333,#3339,#3340));
#3332 = ORIENTED_EDGE('',*,*,#1750,.F.);
#3333 = ORIENTED_EDGE('',*,*,#3334,.T.);
#3334 = EDGE_CURVE('',#1751,#429,#3335,.T.);
#3335 = LINE('',#3336,#3337);
#3336 = CARTESIAN_POINT('',(-176.7332,-3.175,-55.52989526213));
#3337 = VECTOR('',#3338,1.);
#3338 = DIRECTION('',(0.,1.,-2.22044604925E-16));
#3339 = ORIENTED_EDGE('',*,*,#426,.F.);
#3340 = ORIENTED_EDGE('',*,*,#3341,.F.);
#3341 = EDGE_CURVE('',#1753,#427,#3342,.T.);
#3342 = LINE('',#3343,#3344);
#3343 = CARTESIAN_POINT('',(-176.7332,-3.175,-56.67289526213));
#3344 = VECTOR('',#3345,1.);
#3345 = DIRECTION('',(0.,1.,-2.22044604925E-16));
#3346 = PLANE('',#3347);
#3347 = AXIS2_PLACEMENT_3D('',#3348,#3349,#3350);
#3348 = CARTESIAN_POINT('',(-176.7332,-3.175,-55.52989526213));
#3349 = DIRECTION('',(-1.,0.,0.));
#3350 = DIRECTION('',(0.,-2.22044604925E-16,-1.));
#3351 = ADVANCED_FACE('',(#3352),#3363,.F.);
#3352 = FACE_BOUND('',#3353,.F.);
#3353 = EDGE_LOOP('',(#3354,#3355,#3361,#3362));
#3354 = ORIENTED_EDGE('',*,*,#1777,.F.);
#3355 = ORIENTED_EDGE('',*,*,#3356,.T.);
#3356 = EDGE_CURVE('',#1770,#446,#3357,.T.);
#3357 = LINE('',#3358,#3359);
#3358 = CARTESIAN_POINT('',(-178.8668,-3.175,-55.52989526213));
#3359 = VECTOR('',#3360,1.);
#3360 = DIRECTION('',(0.,1.,-2.22044604925E-16));
#3361 = ORIENTED_EDGE('',*,*,#453,.F.);
#3362 = ORIENTED_EDGE('',*,*,#3334,.F.);
#3363 = PLANE('',#3364);
#3364 = AXIS2_PLACEMENT_3D('',#3365,#3366,#3367);
#3365 = CARTESIAN_POINT('',(-178.8668,-3.175,-55.52989526213));
#3366 = DIRECTION('',(0.,-2.22044604925E-16,-1.));
#3367 = DIRECTION('',(1.,0.,0.));
#3368 = ADVANCED_FACE('',(#3369),#3380,.F.);
#3369 = FACE_BOUND('',#3370,.F.);
#3370 = EDGE_LOOP('',(#3371,#3372,#3378,#3379));
#3371 = ORIENTED_EDGE('',*,*,#1769,.F.);
#3372 = ORIENTED_EDGE('',*,*,#3373,.T.);
#3373 = EDGE_CURVE('',#1761,#437,#3374,.T.);
#3374 = LINE('',#3375,#3376);
#3375 = CARTESIAN_POINT('',(-178.8668,-3.175,-56.67289526213));
#3376 = VECTOR('',#3377,1.);
#3377 = DIRECTION('',(0.,1.,-2.22044604925E-16));
#3378 = ORIENTED_EDGE('',*,*,#445,.F.);
#3379 = ORIENTED_EDGE('',*,*,#3356,.F.);
#3380 = PLANE('',#3381);
#3381 = AXIS2_PLACEMENT_3D('',#3382,#3383,#3384);
#3382 = CARTESIAN_POINT('',(-178.8668,-3.175,-56.67289526213));
#3383 = DIRECTION('',(1.,0.,0.));
#3384 = DIRECTION('',(0.,2.22044604925E-16,1.));
#3385 = ADVANCED_FACE('',(#3386),#3392,.F.);
#3386 = FACE_BOUND('',#3387,.F.);
#3387 = EDGE_LOOP('',(#3388,#3389,#3390,#3391));
#3388 = ORIENTED_EDGE('',*,*,#1760,.F.);
#3389 = ORIENTED_EDGE('',*,*,#3341,.T.);
#3390 = ORIENTED_EDGE('',*,*,#436,.T.);
#3391 = ORIENTED_EDGE('',*,*,#3373,.F.);
#3392 = CYLINDRICAL_SURFACE('',#3393,5.969);
#3393 = AXIS2_PLACEMENT_3D('',#3394,#3395,#3396);
#3394 = CARTESIAN_POINT('',(-177.8,-3.175,-50.8));
#3395 = DIRECTION('',(0.,-1.,2.22044604925E-16));
#3396 = DIRECTION('',(1.,0.,0.));
#3397 = ADVANCED_FACE('',(#3398),#3409,.F.);
#3398 = FACE_BOUND('',#3399,.F.);
#3399 = EDGE_LOOP('',(#3400,#3401,#3407,#3408));
#3400 = ORIENTED_EDGE('',*,*,#1785,.F.);
#3401 = ORIENTED_EDGE('',*,*,#3402,.T.);
#3402 = EDGE_CURVE('',#1786,#462,#3403,.T.);
#3403 = LINE('',#3404,#3405);
#3404 = CARTESIAN_POINT('',(-176.149,-3.175,0.));
#3405 = VECTOR('',#3406,1.);
#3406 = DIRECTION('',(0.,1.,-2.22044604925E-16));
#3407 = ORIENTED_EDGE('',*,*,#461,.T.);
#3408 = ORIENTED_EDGE('',*,*,#3402,.F.);
#3409 = CYLINDRICAL_SURFACE('',#3410,1.651);
#3410 = AXIS2_PLACEMENT_3D('',#3411,#3412,#3413);
#3411 = CARTESIAN_POINT('',(-177.8,-3.175,0.));
#3412 = DIRECTION('',(0.,-1.,2.22044604925E-16));
#3413 = DIRECTION('',(1.,0.,0.));
#3414 = ADVANCED_FACE('',(#3415),#3431,.F.);
#3415 = FACE_BOUND('',#3416,.T.);
#3416 = EDGE_LOOP('',(#3417,#3418,#3424,#3425));
#3417 = ORIENTED_EDGE('',*,*,#1824,.F.);
#3418 = ORIENTED_EDGE('',*,*,#3419,.T.);
#3419 = EDGE_CURVE('',#1799,#475,#3420,.T.);
#3420 = LINE('',#3421,#3422);
#3421 = CARTESIAN_POINT('',(-299.7708,-3.175,19.05));
#3422 = VECTOR('',#3423,1.);
#3423 = DIRECTION('',(0.,1.,-2.2E-16));
#3424 = ORIENTED_EDGE('',*,*,#472,.F.);
#3425 = ORIENTED_EDGE('',*,*,#3426,.F.);
#3426 = EDGE_CURVE('',#1816,#473,#3427,.T.);
#3427 = LINE('',#3428,#3429);
#3428 = CARTESIAN_POINT('',(-304.8508,-3.175,19.05));
#3429 = VECTOR('',#3430,1.);
#3430 = DIRECTION('',(0.,1.,-2.2E-16));
#3431 = PLANE('',#3432);
#3432 = AXIS2_PLACEMENT_3D('',#3433,#3434,#3435);
#3433 = CARTESIAN_POINT('',(-299.7708,-3.175,19.05));
#3434 = DIRECTION('',(-0.,-2.2E-16,-1.));
#3435 = DIRECTION('',(1.,0.,0.));
#3436 = ADVANCED_FACE('',(#3437),#3448,.F.);
#3437 = FACE_BOUND('',#3438,.T.);
#3438 = EDGE_LOOP('',(#3439,#3440,#3441,#3442));
#3439 = ORIENTED_EDGE('',*,*,#1815,.F.);
#3440 = ORIENTED_EDGE('',*,*,#3426,.T.);
#3441 = ORIENTED_EDGE('',*,*,#499,.F.);
#3442 = ORIENTED_EDGE('',*,*,#3443,.F.);
#3443 = EDGE_CURVE('',#1808,#492,#3444,.T.);
#3444 = LINE('',#3445,#3446);
#3445 = CARTESIAN_POINT('',(-304.8508,-3.175,25.4));
#3446 = VECTOR('',#3447,1.);
#3447 = DIRECTION('',(0.,1.,-2.2E-16));
#3448 = CYLINDRICAL_SURFACE('',#3449,3.175);
#3449 = AXIS2_PLACEMENT_3D('',#3450,#3451,#3452);
#3450 = CARTESIAN_POINT('',(-304.8508,-3.175,22.225));
#3451 = DIRECTION('',(0.,-1.,2.2E-16));
#3452 = DIRECTION('',(-1.,0.,0.));
#3453 = ADVANCED_FACE('',(#3454),#3465,.F.);
#3454 = FACE_BOUND('',#3455,.T.);
#3455 = EDGE_LOOP('',(#3456,#3457,#3463,#3464));
#3456 = ORIENTED_EDGE('',*,*,#1796,.F.);
#3457 = ORIENTED_EDGE('',*,*,#3458,.T.);
#3458 = EDGE_CURVE('',#1797,#483,#3459,.T.);
#3459 = LINE('',#3460,#3461);
#3460 = CARTESIAN_POINT('',(-299.7708,-3.175,25.4));
#3461 = VECTOR('',#3462,1.);
#3462 = DIRECTION('',(0.,1.,-2.2E-16));
#3463 = ORIENTED_EDGE('',*,*,#482,.F.);
#3464 = ORIENTED_EDGE('',*,*,#3419,.F.);
#3465 = CYLINDRICAL_SURFACE('',#3466,3.175);
#3466 = AXIS2_PLACEMENT_3D('',#3467,#3468,#3469);
#3467 = CARTESIAN_POINT('',(-299.7708,-3.175,22.225));
#3468 = DIRECTION('',(0.,-1.,2.2E-16));
#3469 = DIRECTION('',(-1.,0.,0.));
#3470 = ADVANCED_FACE('',(#3471),#3477,.T.);
#3471 = FACE_BOUND('',#3472,.F.);
#3472 = EDGE_LOOP('',(#3473,#3474,#3475,#3476));
#3473 = ORIENTED_EDGE('',*,*,#1807,.F.);
#3474 = ORIENTED_EDGE('',*,*,#3458,.T.);
#3475 = ORIENTED_EDGE('',*,*,#491,.F.);
#3476 = ORIENTED_EDGE('',*,*,#3443,.F.);
#3477 = PLANE('',#3478);
#3478 = AXIS2_PLACEMENT_3D('',#3479,#3480,#3481);
#3479 = CARTESIAN_POINT('',(-299.7708,-3.175,25.4));
#3480 = DIRECTION('',(-0.,-2.2E-16,-1.));
#3481 = DIRECTION('',(1.,0.,0.));
#3482 = ADVANCED_FACE('',(#3483),#3499,.F.);
#3483 = FACE_BOUND('',#3484,.F.);
#3484 = EDGE_LOOP('',(#3485,#3486,#3492,#3493));
#3485 = ORIENTED_EDGE('',*,*,#1843,.F.);
#3486 = ORIENTED_EDGE('',*,*,#3487,.T.);
#3487 = EDGE_CURVE('',#1835,#511,#3488,.T.);
#3488 = LINE('',#3489,#3490);
#3489 = CARTESIAN_POINT('',(-251.206,-3.175,18.796));
#3490 = VECTOR('',#3491,1.);
#3491 = DIRECTION('',(0.,1.,-2.2E-16));
#3492 = ORIENTED_EDGE('',*,*,#508,.F.);
#3493 = ORIENTED_EDGE('',*,*,#3494,.F.);
#3494 = EDGE_CURVE('',#1844,#509,#3495,.T.);
#3495 = LINE('',#3496,#3497);
#3496 = CARTESIAN_POINT('',(-251.206,-3.175,6.604));
#3497 = VECTOR('',#3498,1.);
#3498 = DIRECTION('',(0.,1.,-2.2E-16));
#3499 = PLANE('',#3500);
#3500 = AXIS2_PLACEMENT_3D('',#3501,#3502,#3503);
#3501 = CARTESIAN_POINT('',(-251.206,-3.175,18.796));
#3502 = DIRECTION('',(-1.,0.,0.));
#3503 = DIRECTION('',(0.,-2.2E-16,-1.));
#3504 = ADVANCED_FACE('',(#3505),#3516,.F.);
#3505 = FACE_BOUND('',#3506,.F.);
#3506 = EDGE_LOOP('',(#3507,#3508,#3509,#3510));
#3507 = ORIENTED_EDGE('',*,*,#1851,.F.);
#3508 = ORIENTED_EDGE('',*,*,#3494,.T.);
#3509 = ORIENTED_EDGE('',*,*,#518,.T.);
#3510 = ORIENTED_EDGE('',*,*,#3511,.F.);
#3511 = EDGE_CURVE('',#1852,#519,#3512,.T.);
#3512 = LINE('',#3513,#3514);
#3513 = CARTESIAN_POINT('',(-247.396,-3.175,2.794));
#3514 = VECTOR('',#3515,1.);
#3515 = DIRECTION('',(0.,1.,-2.2E-16));
#3516 = CYLINDRICAL_SURFACE('',#3517,3.81);
#3517 = AXIS2_PLACEMENT_3D('',#3518,#3519,#3520);
#3518 = CARTESIAN_POINT('',(-247.396,-3.175,6.604));
#3519 = DIRECTION('',(0.,-1.,2.2E-16));
#3520 = DIRECTION('',(1.,0.,0.));
#3521 = ADVANCED_FACE('',(#3522),#3533,.F.);
#3522 = FACE_BOUND('',#3523,.F.);
#3523 = EDGE_LOOP('',(#3524,#3525,#3531,#3532));
#3524 = ORIENTED_EDGE('',*,*,#1832,.F.);
#3525 = ORIENTED_EDGE('',*,*,#3526,.T.);
#3526 = EDGE_CURVE('',#1833,#562,#3527,.T.);
#3527 = LINE('',#3528,#3529);
#3528 = CARTESIAN_POINT('',(-247.396,-3.175,22.606));
#3529 = VECTOR('',#3530,1.);
#3530 = DIRECTION('',(0.,1.,-2.2E-16));
#3531 = ORIENTED_EDGE('',*,*,#569,.T.);
#3532 = ORIENTED_EDGE('',*,*,#3487,.F.);
#3533 = CYLINDRICAL_SURFACE('',#3534,3.81);
#3534 = AXIS2_PLACEMENT_3D('',#3535,#3536,#3537);
#3535 = CARTESIAN_POINT('',(-247.396,-3.175,18.796));
#3536 = DIRECTION('',(0.,-1.,2.2E-16));
#3537 = DIRECTION('',(1.,0.,0.));
#3538 = ADVANCED_FACE('',(#3539),#3550,.F.);
#3539 = FACE_BOUND('',#3540,.F.);
#3540 = EDGE_LOOP('',(#3541,#3542,#3543,#3544));
#3541 = ORIENTED_EDGE('',*,*,#1860,.F.);
#3542 = ORIENTED_EDGE('',*,*,#3511,.T.);
#3543 = ORIENTED_EDGE('',*,*,#527,.F.);
#3544 = ORIENTED_EDGE('',*,*,#3545,.F.);
#3545 = EDGE_CURVE('',#1861,#528,#3546,.T.);
#3546 = LINE('',#3547,#3548);
#3547 = CARTESIAN_POINT('',(-222.504,-3.175,2.794));
#3548 = VECTOR('',#3549,1.);
#3549 = DIRECTION('',(0.,1.,-2.2E-16));
#3550 = PLANE('',#3551);
#3551 = AXIS2_PLACEMENT_3D('',#3552,#3553,#3554);
#3552 = CARTESIAN_POINT('',(-247.396,-3.175,2.794));
#3553 = DIRECTION('',(0.,-2.2E-16,-1.));
#3554 = DIRECTION('',(1.,0.,0.));
#3555 = ADVANCED_FACE('',(#3556),#3567,.F.);
#3556 = FACE_BOUND('',#3557,.F.);
#3557 = EDGE_LOOP('',(#3558,#3559,#3565,#3566));
#3558 = ORIENTED_EDGE('',*,*,#1894,.F.);
#3559 = ORIENTED_EDGE('',*,*,#3560,.T.);
#3560 = EDGE_CURVE('',#1886,#553,#3561,.T.);
#3561 = LINE('',#3562,#3563);
#3562 = CARTESIAN_POINT('',(-222.504,-3.175,22.606));
#3563 = VECTOR('',#3564,1.);
#3564 = DIRECTION('',(0.,1.,-2.2E-16));
#3565 = ORIENTED_EDGE('',*,*,#561,.F.);
#3566 = ORIENTED_EDGE('',*,*,#3526,.F.);
#3567 = PLANE('',#3568);
#3568 = AXIS2_PLACEMENT_3D('',#3569,#3570,#3571);
#3569 = CARTESIAN_POINT('',(-222.504,-3.175,22.606));
#3570 = DIRECTION('',(0.,2.2E-16,1.));
#3571 = DIRECTION('',(-1.,0.,0.));
#3572 = ADVANCED_FACE('',(#3573),#3584,.F.);
#3573 = FACE_BOUND('',#3574,.F.);
#3574 = EDGE_LOOP('',(#3575,#3576,#3577,#3578));
#3575 = ORIENTED_EDGE('',*,*,#1868,.F.);
#3576 = ORIENTED_EDGE('',*,*,#3545,.T.);
#3577 = ORIENTED_EDGE('',*,*,#535,.T.);
#3578 = ORIENTED_EDGE('',*,*,#3579,.F.);
#3579 = EDGE_CURVE('',#1869,#536,#3580,.T.);
#3580 = LINE('',#3581,#3582);
#3581 = CARTESIAN_POINT('',(-218.694,-3.175,6.604));
#3582 = VECTOR('',#3583,1.);
#3583 = DIRECTION('',(0.,1.,-2.2E-16));
#3584 = CYLINDRICAL_SURFACE('',#3585,3.81);
#3585 = AXIS2_PLACEMENT_3D('',#3586,#3587,#3588);
#3586 = CARTESIAN_POINT('',(-222.504,-3.175,6.604));
#3587 = DIRECTION('',(0.,-1.,2.2E-16));
#3588 = DIRECTION('',(1.,0.,0.));
#3589 = ADVANCED_FACE('',(#3590),#3601,.F.);
#3590 = FACE_BOUND('',#3591,.F.);
#3591 = EDGE_LOOP('',(#3592,#3593,#3599,#3600));
#3592 = ORIENTED_EDGE('',*,*,#1885,.F.);
#3593 = ORIENTED_EDGE('',*,*,#3594,.T.);
#3594 = EDGE_CURVE('',#1878,#545,#3595,.T.);
#3595 = LINE('',#3596,#3597);
#3596 = CARTESIAN_POINT('',(-218.694,-3.175,18.796));
#3597 = VECTOR('',#3598,1.);
#3598 = DIRECTION('',(0.,1.,-2.2E-16));
#3599 = ORIENTED_EDGE('',*,*,#552,.T.);
#3600 = ORIENTED_EDGE('',*,*,#3560,.F.);
#3601 = CYLINDRICAL_SURFACE('',#3602,3.81);
#3602 = AXIS2_PLACEMENT_3D('',#3603,#3604,#3605);
#3603 = CARTESIAN_POINT('',(-222.504,-3.175,18.796));
#3604 = DIRECTION('',(0.,-1.,2.2E-16));
#3605 = DIRECTION('',(1.,0.,0.));
#3606 = ADVANCED_FACE('',(#3607),#3613,.F.);
#3607 = FACE_BOUND('',#3608,.F.);
#3608 = EDGE_LOOP('',(#3609,#3610,#3611,#3612));
#3609 = ORIENTED_EDGE('',*,*,#1877,.F.);
#3610 = ORIENTED_EDGE('',*,*,#3579,.T.);
#3611 = ORIENTED_EDGE('',*,*,#544,.F.);
#3612 = ORIENTED_EDGE('',*,*,#3594,.F.);
#3613 = PLANE('',#3614);
#3614 = AXIS2_PLACEMENT_3D('',#3615,#3616,#3617);
#3615 = CARTESIAN_POINT('',(-218.694,-3.175,6.604));
#3616 = DIRECTION('',(1.,0.,0.));
#3617 = DIRECTION('',(0.,2.2E-16,1.));
#3618 = ADVANCED_FACE('',(#3619),#3635,.F.);
#3619 = FACE_BOUND('',#3620,.T.);
#3620 = EDGE_LOOP('',(#3621,#3622,#3628,#3629));
#3621 = ORIENTED_EDGE('',*,*,#1963,.F.);
#3622 = ORIENTED_EDGE('',*,*,#3623,.T.);
#3623 = EDGE_CURVE('',#1905,#581,#3624,.T.);
#3624 = LINE('',#3625,#3626);
#3625 = CARTESIAN_POINT('',(-180.594,-3.175,6.604));
#3626 = VECTOR('',#3627,1.);
#3627 = DIRECTION('',(0.,1.,-2.2E-16));
#3628 = ORIENTED_EDGE('',*,*,#578,.F.);
#3629 = ORIENTED_EDGE('',*,*,#3630,.F.);
#3630 = EDGE_CURVE('',#1956,#579,#3631,.T.);
#3631 = LINE('',#3632,#3633);
#3632 = CARTESIAN_POINT('',(-184.404,-3.175,2.794));
#3633 = VECTOR('',#3634,1.);
#3634 = DIRECTION('',(0.,1.,-2.2E-16));
#3635 = CYLINDRICAL_SURFACE('',#3636,3.81);
#3636 = AXIS2_PLACEMENT_3D('',#3637,#3638,#3639);
#3637 = CARTESIAN_POINT('',(-184.404,-3.175,6.604));
#3638 = DIRECTION('',(0.,-1.,2.2E-16));
#3639 = DIRECTION('',(-1.,0.,0.));
#3640 = ADVANCED_FACE('',(#3641),#3652,.F.);
#3641 = FACE_BOUND('',#3642,.T.);
#3642 = EDGE_LOOP('',(#3643,#3644,#3645,#3646));
#3643 = ORIENTED_EDGE('',*,*,#1955,.F.);
#3644 = ORIENTED_EDGE('',*,*,#3630,.T.);
#3645 = ORIENTED_EDGE('',*,*,#640,.F.);
#3646 = ORIENTED_EDGE('',*,*,#3647,.F.);
#3647 = EDGE_CURVE('',#1947,#632,#3648,.T.);
#3648 = LINE('',#3649,#3650);
#3649 = CARTESIAN_POINT('',(-209.296,-3.175,2.794));
#3650 = VECTOR('',#3651,1.);
#3651 = DIRECTION('',(0.,1.,-2.2E-16));
#3652 = PLANE('',#3653);
#3653 = AXIS2_PLACEMENT_3D('',#3654,#3655,#3656);
#3654 = CARTESIAN_POINT('',(-184.404,-3.175,2.794));
#3655 = DIRECTION('',(-0.,-2.2E-16,-1.));
#3656 = DIRECTION('',(1.,0.,0.));
#3657 = ADVANCED_FACE('',(#3658),#3669,.F.);
#3658 = FACE_BOUND('',#3659,.T.);
#3659 = EDGE_LOOP('',(#3660,#3661,#3667,#3668));
#3660 = ORIENTED_EDGE('',*,*,#1902,.F.);
#3661 = ORIENTED_EDGE('',*,*,#3662,.T.);
#3662 = EDGE_CURVE('',#1903,#590,#3663,.T.);
#3663 = LINE('',#3664,#3665);
#3664 = CARTESIAN_POINT('',(-180.594,-3.175,18.796));
#3665 = VECTOR('',#3666,1.);
#3666 = DIRECTION('',(0.,1.,-2.2E-16));
#3667 = ORIENTED_EDGE('',*,*,#589,.F.);
#3668 = ORIENTED_EDGE('',*,*,#3623,.F.);
#3669 = PLANE('',#3670);
#3670 = AXIS2_PLACEMENT_3D('',#3671,#3672,#3673);
#3671 = CARTESIAN_POINT('',(-180.594,-3.175,18.796));
#3672 = DIRECTION('',(1.,0.,0.));
#3673 = DIRECTION('',(0.,2.2E-16,1.));
#3674 = ADVANCED_FACE('',(#3675),#3686,.F.);
#3675 = FACE_BOUND('',#3676,.T.);
#3676 = EDGE_LOOP('',(#3677,#3678,#3679,#3680));
#3677 = ORIENTED_EDGE('',*,*,#1946,.F.);
#3678 = ORIENTED_EDGE('',*,*,#3647,.T.);
#3679 = ORIENTED_EDGE('',*,*,#631,.F.);
#3680 = ORIENTED_EDGE('',*,*,#3681,.F.);
#3681 = EDGE_CURVE('',#1939,#624,#3682,.T.);
#3682 = LINE('',#3683,#3684);
#3683 = CARTESIAN_POINT('',(-213.106,-3.175,6.604));
#3684 = VECTOR('',#3685,1.);
#3685 = DIRECTION('',(0.,1.,-2.2E-16));
#3686 = CYLINDRICAL_SURFACE('',#3687,3.81);
#3687 = AXIS2_PLACEMENT_3D('',#3688,#3689,#3690);
#3688 = CARTESIAN_POINT('',(-209.296,-3.175,6.604));
#3689 = DIRECTION('',(0.,-1.,2.2E-16));
#3690 = DIRECTION('',(-1.,0.,0.));
#3691 = ADVANCED_FACE('',(#3692),#3703,.F.);
#3692 = FACE_BOUND('',#3693,.T.);
#3693 = EDGE_LOOP('',(#3694,#3695,#3701,#3702));
#3694 = ORIENTED_EDGE('',*,*,#1912,.F.);
#3695 = ORIENTED_EDGE('',*,*,#3696,.T.);
#3696 = EDGE_CURVE('',#1913,#598,#3697,.T.);
#3697 = LINE('',#3698,#3699);
#3698 = CARTESIAN_POINT('',(-184.404,-3.175,22.606));
#3699 = VECTOR('',#3700,1.);
#3700 = DIRECTION('',(0.,1.,-2.2E-16));
#3701 = ORIENTED_EDGE('',*,*,#597,.F.);
#3702 = ORIENTED_EDGE('',*,*,#3662,.F.);
#3703 = CYLINDRICAL_SURFACE('',#3704,3.81);
#3704 = AXIS2_PLACEMENT_3D('',#3705,#3706,#3707);
#3705 = CARTESIAN_POINT('',(-184.404,-3.175,18.796));
#3706 = DIRECTION('',(0.,-1.,2.2E-16));
#3707 = DIRECTION('',(-1.,0.,0.));
#3708 = ADVANCED_FACE('',(#3709),#3720,.F.);
#3709 = FACE_BOUND('',#3710,.T.);
#3710 = EDGE_LOOP('',(#3711,#3712,#3713,#3714));
#3711 = ORIENTED_EDGE('',*,*,#1938,.F.);
#3712 = ORIENTED_EDGE('',*,*,#3681,.T.);
#3713 = ORIENTED_EDGE('',*,*,#623,.F.);
#3714 = ORIENTED_EDGE('',*,*,#3715,.F.);
#3715 = EDGE_CURVE('',#1930,#615,#3716,.T.);
#3716 = LINE('',#3717,#3718);
#3717 = CARTESIAN_POINT('',(-213.106,-3.175,18.796));
#3718 = VECTOR('',#3719,1.);
#3719 = DIRECTION('',(0.,1.,-2.2E-16));
#3720 = PLANE('',#3721);
#3721 = AXIS2_PLACEMENT_3D('',#3722,#3723,#3724);
#3722 = CARTESIAN_POINT('',(-213.106,-3.175,6.604));
#3723 = DIRECTION('',(-1.,-0.,-0.));
#3724 = DIRECTION('',(-0.,-2.2E-16,-1.));
#3725 = ADVANCED_FACE('',(#3726),#3737,.F.);
#3726 = FACE_BOUND('',#3727,.T.);
#3727 = EDGE_LOOP('',(#3728,#3729,#3735,#3736));
#3728 = ORIENTED_EDGE('',*,*,#1921,.F.);
#3729 = ORIENTED_EDGE('',*,*,#3730,.T.);
#3730 = EDGE_CURVE('',#1922,#607,#3731,.T.);
#3731 = LINE('',#3732,#3733);
#3732 = CARTESIAN_POINT('',(-209.296,-3.175,22.606));
#3733 = VECTOR('',#3734,1.);
#3734 = DIRECTION('',(0.,1.,-2.2E-16));
#3735 = ORIENTED_EDGE('',*,*,#606,.F.);
#3736 = ORIENTED_EDGE('',*,*,#3696,.F.);
#3737 = PLANE('',#3738);
#3738 = AXIS2_PLACEMENT_3D('',#3739,#3740,#3741);
#3739 = CARTESIAN_POINT('',(-209.296,-3.175,22.606));
#3740 = DIRECTION('',(0.,2.2E-16,1.));
#3741 = DIRECTION('',(-1.,-0.,-0.));
#3742 = ADVANCED_FACE('',(#3743),#3749,.F.);
#3743 = FACE_BOUND('',#3744,.T.);
#3744 = EDGE_LOOP('',(#3745,#3746,#3747,#3748));
#3745 = ORIENTED_EDGE('',*,*,#1929,.F.);
#3746 = ORIENTED_EDGE('',*,*,#3715,.T.);
#3747 = ORIENTED_EDGE('',*,*,#614,.F.);
#3748 = ORIENTED_EDGE('',*,*,#3730,.F.);
#3749 = CYLINDRICAL_SURFACE('',#3750,3.81);
#3750 = AXIS2_PLACEMENT_3D('',#3751,#3752,#3753);
#3751 = CARTESIAN_POINT('',(-209.296,-3.175,18.796));
#3752 = DIRECTION('',(0.,-1.,2.2E-16));
#3753 = DIRECTION('',(-1.,0.,0.));
#3754 = ADVANCED_FACE('',(#3755),#3766,.F.);
#3755 = FACE_BOUND('',#3756,.F.);
#3756 = EDGE_LOOP('',(#3757,#3758,#3764,#3765));
#3757 = ORIENTED_EDGE('',*,*,#1972,.F.);
#3758 = ORIENTED_EDGE('',*,*,#3759,.T.);
#3759 = EDGE_CURVE('',#1973,#649,#3760,.T.);
#3760 = LINE('',#3761,#3762);
#3761 = CARTESIAN_POINT('',(-252.349,-3.175,50.8));
#3762 = VECTOR('',#3763,1.);
#3763 = DIRECTION('',(0.,1.,-2.22044604925E-16));
#3764 = ORIENTED_EDGE('',*,*,#648,.T.);
#3765 = ORIENTED_EDGE('',*,*,#3759,.F.);
#3766 = CYLINDRICAL_SURFACE('',#3767,1.651);
#3767 = AXIS2_PLACEMENT_3D('',#3768,#3769,#3770);
#3768 = CARTESIAN_POINT('',(-254.,-3.175,50.8));
#3769 = DIRECTION('',(0.,-1.,2.22044604925E-16));
#3770 = DIRECTION('',(1.,0.,0.));
#3771 = ADVANCED_FACE('',(#3772),#3788,.F.);
#3772 = FACE_BOUND('',#3773,.T.);
#3773 = EDGE_LOOP('',(#3774,#3775,#3781,#3782));
#3774 = ORIENTED_EDGE('',*,*,#2011,.F.);
#3775 = ORIENTED_EDGE('',*,*,#3776,.T.);
#3776 = EDGE_CURVE('',#1986,#662,#3777,.T.);
#3777 = LINE('',#3778,#3779);
#3778 = CARTESIAN_POINT('',(-299.7708,-3.175,63.5));
#3779 = VECTOR('',#3780,1.);
#3780 = DIRECTION('',(0.,1.,-2.2E-16));
#3781 = ORIENTED_EDGE('',*,*,#659,.F.);
#3782 = ORIENTED_EDGE('',*,*,#3783,.F.);
#3783 = EDGE_CURVE('',#2003,#660,#3784,.T.);
#3784 = LINE('',#3785,#3786);
#3785 = CARTESIAN_POINT('',(-304.8508,-3.175,63.5));
#3786 = VECTOR('',#3787,1.);
#3787 = DIRECTION('',(0.,1.,-2.2E-16));
#3788 = PLANE('',#3789);
#3789 = AXIS2_PLACEMENT_3D('',#3790,#3791,#3792);
#3790 = CARTESIAN_POINT('',(-299.7708,-3.175,63.5));
#3791 = DIRECTION('',(-0.,-2.2E-16,-1.));
#3792 = DIRECTION('',(1.,0.,0.));
#3793 = ADVANCED_FACE('',(#3794),#3805,.F.);
#3794 = FACE_BOUND('',#3795,.T.);
#3795 = EDGE_LOOP('',(#3796,#3797,#3798,#3799));
#3796 = ORIENTED_EDGE('',*,*,#2002,.F.);
#3797 = ORIENTED_EDGE('',*,*,#3783,.T.);
#3798 = ORIENTED_EDGE('',*,*,#686,.F.);
#3799 = ORIENTED_EDGE('',*,*,#3800,.F.);
#3800 = EDGE_CURVE('',#1995,#679,#3801,.T.);
#3801 = LINE('',#3802,#3803);
#3802 = CARTESIAN_POINT('',(-304.8508,-3.175,69.85));
#3803 = VECTOR('',#3804,1.);
#3804 = DIRECTION('',(0.,1.,-2.2E-16));
#3805 = CYLINDRICAL_SURFACE('',#3806,3.175);
#3806 = AXIS2_PLACEMENT_3D('',#3807,#3808,#3809);
#3807 = CARTESIAN_POINT('',(-304.8508,-3.175,66.675));
#3808 = DIRECTION('',(0.,-1.,2.2E-16));
#3809 = DIRECTION('',(-1.,0.,0.));
#3810 = ADVANCED_FACE('',(#3811),#3822,.F.);
#3811 = FACE_BOUND('',#3812,.T.);
#3812 = EDGE_LOOP('',(#3813,#3814,#3820,#3821));
#3813 = ORIENTED_EDGE('',*,*,#1983,.F.);
#3814 = ORIENTED_EDGE('',*,*,#3815,.T.);
#3815 = EDGE_CURVE('',#1984,#670,#3816,.T.);
#3816 = LINE('',#3817,#3818);
#3817 = CARTESIAN_POINT('',(-299.7708,-3.175,69.85));
#3818 = VECTOR('',#3819,1.);
#3819 = DIRECTION('',(0.,1.,-2.2E-16));
#3820 = ORIENTED_EDGE('',*,*,#669,.F.);
#3821 = ORIENTED_EDGE('',*,*,#3776,.F.);
#3822 = CYLINDRICAL_SURFACE('',#3823,3.175);
#3823 = AXIS2_PLACEMENT_3D('',#3824,#3825,#3826);
#3824 = CARTESIAN_POINT('',(-299.7708,-3.175,66.675));
#3825 = DIRECTION('',(0.,-1.,2.2E-16));
#3826 = DIRECTION('',(-1.,0.,0.));
#3827 = ADVANCED_FACE('',(#3828),#3834,.T.);
#3828 = FACE_BOUND('',#3829,.F.);
#3829 = EDGE_LOOP('',(#3830,#3831,#3832,#3833));
#3830 = ORIENTED_EDGE('',*,*,#1994,.F.);
#3831 = ORIENTED_EDGE('',*,*,#3815,.T.);
#3832 = ORIENTED_EDGE('',*,*,#678,.F.);
#3833 = ORIENTED_EDGE('',*,*,#3800,.F.);
#3834 = PLANE('',#3835);
#3835 = AXIS2_PLACEMENT_3D('',#3836,#3837,#3838);
#3836 = CARTESIAN_POINT('',(-299.7708,-3.175,69.85));
#3837 = DIRECTION('',(-0.,-2.2E-16,-1.));
#3838 = DIRECTION('',(1.,0.,0.));
#3839 = ADVANCED_FACE('',(#3840),#3856,.F.);
#3840 = FACE_BOUND('',#3841,.F.);
#3841 = EDGE_LOOP('',(#3842,#3843,#3849,#3850));
#3842 = ORIENTED_EDGE('',*,*,#2030,.F.);
#3843 = ORIENTED_EDGE('',*,*,#3844,.T.);
#3844 = EDGE_CURVE('',#2022,#698,#3845,.T.);
#3845 = LINE('',#3846,#3847);
#3846 = CARTESIAN_POINT('',(-251.206,-3.175,44.196));
#3847 = VECTOR('',#3848,1.);
#3848 = DIRECTION('',(0.,1.,-2.2E-16));
#3849 = ORIENTED_EDGE('',*,*,#695,.F.);
#3850 = ORIENTED_EDGE('',*,*,#3851,.F.);
#3851 = EDGE_CURVE('',#2031,#696,#3852,.T.);
#3852 = LINE('',#3853,#3854);
#3853 = CARTESIAN_POINT('',(-251.206,-3.175,32.004));
#3854 = VECTOR('',#3855,1.);
#3855 = DIRECTION('',(0.,1.,-2.2E-16));
#3856 = PLANE('',#3857);
#3857 = AXIS2_PLACEMENT_3D('',#3858,#3859,#3860);
#3858 = CARTESIAN_POINT('',(-251.206,-3.175,44.196));
#3859 = DIRECTION('',(-1.,0.,0.));
#3860 = DIRECTION('',(0.,-2.2E-16,-1.));
#3861 = ADVANCED_FACE('',(#3862),#3873,.F.);
#3862 = FACE_BOUND('',#3863,.F.);
#3863 = EDGE_LOOP('',(#3864,#3865,#3866,#3867));
#3864 = ORIENTED_EDGE('',*,*,#2038,.F.);
#3865 = ORIENTED_EDGE('',*,*,#3851,.T.);
#3866 = ORIENTED_EDGE('',*,*,#705,.T.);
#3867 = ORIENTED_EDGE('',*,*,#3868,.F.);
#3868 = EDGE_CURVE('',#2039,#706,#3869,.T.);
#3869 = LINE('',#3870,#3871);
#3870 = CARTESIAN_POINT('',(-247.396,-3.175,28.194));
#3871 = VECTOR('',#3872,1.);
#3872 = DIRECTION('',(0.,1.,-2.2E-16));
#3873 = CYLINDRICAL_SURFACE('',#3874,3.81);
#3874 = AXIS2_PLACEMENT_3D('',#3875,#3876,#3877);
#3875 = CARTESIAN_POINT('',(-247.396,-3.175,32.004));
#3876 = DIRECTION('',(0.,-1.,2.2E-16));
#3877 = DIRECTION('',(1.,0.,0.));
#3878 = ADVANCED_FACE('',(#3879),#3890,.F.);
#3879 = FACE_BOUND('',#3880,.F.);
#3880 = EDGE_LOOP('',(#3881,#3882,#3888,#3889));
#3881 = ORIENTED_EDGE('',*,*,#2019,.F.);
#3882 = ORIENTED_EDGE('',*,*,#3883,.T.);
#3883 = EDGE_CURVE('',#2020,#749,#3884,.T.);
#3884 = LINE('',#3885,#3886);
#3885 = CARTESIAN_POINT('',(-247.396,-3.175,48.006));
#3886 = VECTOR('',#3887,1.);
#3887 = DIRECTION('',(0.,1.,-2.2E-16));
#3888 = ORIENTED_EDGE('',*,*,#756,.T.);
#3889 = ORIENTED_EDGE('',*,*,#3844,.F.);
#3890 = CYLINDRICAL_SURFACE('',#3891,3.81);
#3891 = AXIS2_PLACEMENT_3D('',#3892,#3893,#3894);
#3892 = CARTESIAN_POINT('',(-247.396,-3.175,44.196));
#3893 = DIRECTION('',(0.,-1.,2.2E-16));
#3894 = DIRECTION('',(1.,0.,0.));
#3895 = ADVANCED_FACE('',(#3896),#3907,.F.);
#3896 = FACE_BOUND('',#3897,.F.);
#3897 = EDGE_LOOP('',(#3898,#3899,#3900,#3901));
#3898 = ORIENTED_EDGE('',*,*,#2047,.F.);
#3899 = ORIENTED_EDGE('',*,*,#3868,.T.);
#3900 = ORIENTED_EDGE('',*,*,#714,.F.);
#3901 = ORIENTED_EDGE('',*,*,#3902,.F.);
#3902 = EDGE_CURVE('',#2048,#715,#3903,.T.);
#3903 = LINE('',#3904,#3905);
#3904 = CARTESIAN_POINT('',(-222.504,-3.175,28.194));
#3905 = VECTOR('',#3906,1.);
#3906 = DIRECTION('',(0.,1.,-2.2E-16));
#3907 = PLANE('',#3908);
#3908 = AXIS2_PLACEMENT_3D('',#3909,#3910,#3911);
#3909 = CARTESIAN_POINT('',(-247.396,-3.175,28.194));
#3910 = DIRECTION('',(0.,-2.2E-16,-1.));
#3911 = DIRECTION('',(1.,0.,0.));
#3912 = ADVANCED_FACE('',(#3913),#3924,.F.);
#3913 = FACE_BOUND('',#3914,.F.);
#3914 = EDGE_LOOP('',(#3915,#3916,#3922,#3923));
#3915 = ORIENTED_EDGE('',*,*,#2081,.F.);
#3916 = ORIENTED_EDGE('',*,*,#3917,.T.);
#3917 = EDGE_CURVE('',#2073,#740,#3918,.T.);
#3918 = LINE('',#3919,#3920);
#3919 = CARTESIAN_POINT('',(-222.504,-3.175,48.006));
#3920 = VECTOR('',#3921,1.);
#3921 = DIRECTION('',(0.,1.,-2.2E-16));
#3922 = ORIENTED_EDGE('',*,*,#748,.F.);
#3923 = ORIENTED_EDGE('',*,*,#3883,.F.);
#3924 = PLANE('',#3925);
#3925 = AXIS2_PLACEMENT_3D('',#3926,#3927,#3928);
#3926 = CARTESIAN_POINT('',(-222.504,-3.175,48.006));
#3927 = DIRECTION('',(0.,2.2E-16,1.));
#3928 = DIRECTION('',(-1.,0.,0.));
#3929 = ADVANCED_FACE('',(#3930),#3941,.F.);
#3930 = FACE_BOUND('',#3931,.F.);
#3931 = EDGE_LOOP('',(#3932,#3933,#3934,#3935));
#3932 = ORIENTED_EDGE('',*,*,#2055,.F.);
#3933 = ORIENTED_EDGE('',*,*,#3902,.T.);
#3934 = ORIENTED_EDGE('',*,*,#722,.T.);
#3935 = ORIENTED_EDGE('',*,*,#3936,.F.);
#3936 = EDGE_CURVE('',#2056,#723,#3937,.T.);
#3937 = LINE('',#3938,#3939);
#3938 = CARTESIAN_POINT('',(-218.694,-3.175,32.004));
#3939 = VECTOR('',#3940,1.);
#3940 = DIRECTION('',(0.,1.,-2.2E-16));
#3941 = CYLINDRICAL_SURFACE('',#3942,3.81);
#3942 = AXIS2_PLACEMENT_3D('',#3943,#3944,#3945);
#3943 = CARTESIAN_POINT('',(-222.504,-3.175,32.004));
#3944 = DIRECTION('',(0.,-1.,2.2E-16));
#3945 = DIRECTION('',(1.,0.,0.));
#3946 = ADVANCED_FACE('',(#3947),#3958,.F.);
#3947 = FACE_BOUND('',#3948,.F.);
#3948 = EDGE_LOOP('',(#3949,#3950,#3956,#3957));
#3949 = ORIENTED_EDGE('',*,*,#2072,.F.);
#3950 = ORIENTED_EDGE('',*,*,#3951,.T.);
#3951 = EDGE_CURVE('',#2065,#732,#3952,.T.);
#3952 = LINE('',#3953,#3954);
#3953 = CARTESIAN_POINT('',(-218.694,-3.175,44.196));
#3954 = VECTOR('',#3955,1.);
#3955 = DIRECTION('',(0.,1.,-2.2E-16));
#3956 = ORIENTED_EDGE('',*,*,#739,.T.);
#3957 = ORIENTED_EDGE('',*,*,#3917,.F.);
#3958 = CYLINDRICAL_SURFACE('',#3959,3.81);
#3959 = AXIS2_PLACEMENT_3D('',#3960,#3961,#3962);
#3960 = CARTESIAN_POINT('',(-222.504,-3.175,44.196));
#3961 = DIRECTION('',(0.,-1.,2.2E-16));
#3962 = DIRECTION('',(1.,0.,0.));
#3963 = ADVANCED_FACE('',(#3964),#3970,.F.);
#3964 = FACE_BOUND('',#3965,.F.);
#3965 = EDGE_LOOP('',(#3966,#3967,#3968,#3969));
#3966 = ORIENTED_EDGE('',*,*,#2064,.F.);
#3967 = ORIENTED_EDGE('',*,*,#3936,.T.);
#3968 = ORIENTED_EDGE('',*,*,#731,.F.);
#3969 = ORIENTED_EDGE('',*,*,#3951,.F.);
#3970 = PLANE('',#3971);
#3971 = AXIS2_PLACEMENT_3D('',#3972,#3973,#3974);
#3972 = CARTESIAN_POINT('',(-218.694,-3.175,32.004));
#3973 = DIRECTION('',(1.,0.,0.));
#3974 = DIRECTION('',(0.,2.2E-16,1.));
#3975 = ADVANCED_FACE('',(#3976),#3992,.F.);
#3976 = FACE_BOUND('',#3977,.T.);
#3977 = EDGE_LOOP('',(#3978,#3979,#3985,#3986));
#3978 = ORIENTED_EDGE('',*,*,#2150,.F.);
#3979 = ORIENTED_EDGE('',*,*,#3980,.T.);
#3980 = EDGE_CURVE('',#2092,#768,#3981,.T.);
#3981 = LINE('',#3982,#3983);
#3982 = CARTESIAN_POINT('',(-180.594,-3.175,32.004));
#3983 = VECTOR('',#3984,1.);
#3984 = DIRECTION('',(0.,1.,-2.2E-16));
#3985 = ORIENTED_EDGE('',*,*,#765,.F.);
#3986 = ORIENTED_EDGE('',*,*,#3987,.F.);
#3987 = EDGE_CURVE('',#2143,#766,#3988,.T.);
#3988 = LINE('',#3989,#3990);
#3989 = CARTESIAN_POINT('',(-184.404,-3.175,28.194));
#3990 = VECTOR('',#3991,1.);
#3991 = DIRECTION('',(0.,1.,-2.2E-16));
#3992 = CYLINDRICAL_SURFACE('',#3993,3.81);
#3993 = AXIS2_PLACEMENT_3D('',#3994,#3995,#3996);
#3994 = CARTESIAN_POINT('',(-184.404,-3.175,32.004));
#3995 = DIRECTION('',(0.,-1.,2.2E-16));
#3996 = DIRECTION('',(-1.,0.,0.));
#3997 = ADVANCED_FACE('',(#3998),#4009,.F.);
#3998 = FACE_BOUND('',#3999,.T.);
#3999 = EDGE_LOOP('',(#4000,#4001,#4002,#4003));
#4000 = ORIENTED_EDGE('',*,*,#2142,.F.);
#4001 = ORIENTED_EDGE('',*,*,#3987,.T.);
#4002 = ORIENTED_EDGE('',*,*,#827,.F.);
#4003 = ORIENTED_EDGE('',*,*,#4004,.F.);
#4004 = EDGE_CURVE('',#2134,#819,#4005,.T.);
#4005 = LINE('',#4006,#4007);
#4006 = CARTESIAN_POINT('',(-209.296,-3.175,28.194));
#4007 = VECTOR('',#4008,1.);
#4008 = DIRECTION('',(0.,1.,-2.2E-16));
#4009 = PLANE('',#4010);
#4010 = AXIS2_PLACEMENT_3D('',#4011,#4012,#4013);
#4011 = CARTESIAN_POINT('',(-184.404,-3.175,28.194));
#4012 = DIRECTION('',(-0.,-2.2E-16,-1.));
#4013 = DIRECTION('',(1.,0.,0.));
#4014 = ADVANCED_FACE('',(#4015),#4026,.F.);
#4015 = FACE_BOUND('',#4016,.T.);
#4016 = EDGE_LOOP('',(#4017,#4018,#4024,#4025));
#4017 = ORIENTED_EDGE('',*,*,#2089,.F.);
#4018 = ORIENTED_EDGE('',*,*,#4019,.T.);
#4019 = EDGE_CURVE('',#2090,#777,#4020,.T.);
#4020 = LINE('',#4021,#4022);
#4021 = CARTESIAN_POINT('',(-180.594,-3.175,44.196));
#4022 = VECTOR('',#4023,1.);
#4023 = DIRECTION('',(0.,1.,-2.2E-16));
#4024 = ORIENTED_EDGE('',*,*,#776,.F.);
#4025 = ORIENTED_EDGE('',*,*,#3980,.F.);
#4026 = PLANE('',#4027);
#4027 = AXIS2_PLACEMENT_3D('',#4028,#4029,#4030);
#4028 = CARTESIAN_POINT('',(-180.594,-3.175,44.196));
#4029 = DIRECTION('',(1.,0.,0.));
#4030 = DIRECTION('',(0.,2.2E-16,1.));
#4031 = ADVANCED_FACE('',(#4032),#4043,.F.);
#4032 = FACE_BOUND('',#4033,.T.);
#4033 = EDGE_LOOP('',(#4034,#4035,#4036,#4037));
#4034 = ORIENTED_EDGE('',*,*,#2133,.F.);
#4035 = ORIENTED_EDGE('',*,*,#4004,.T.);
#4036 = ORIENTED_EDGE('',*,*,#818,.F.);
#4037 = ORIENTED_EDGE('',*,*,#4038,.F.);
#4038 = EDGE_CURVE('',#2126,#811,#4039,.T.);
#4039 = LINE('',#4040,#4041);
#4040 = CARTESIAN_POINT('',(-213.106,-3.175,32.004));
#4041 = VECTOR('',#4042,1.);
#4042 = DIRECTION('',(0.,1.,-2.2E-16));
#4043 = CYLINDRICAL_SURFACE('',#4044,3.81);
#4044 = AXIS2_PLACEMENT_3D('',#4045,#4046,#4047);
#4045 = CARTESIAN_POINT('',(-209.296,-3.175,32.004));
#4046 = DIRECTION('',(0.,-1.,2.2E-16));
#4047 = DIRECTION('',(-1.,0.,0.));
#4048 = ADVANCED_FACE('',(#4049),#4060,.F.);
#4049 = FACE_BOUND('',#4050,.T.);
#4050 = EDGE_LOOP('',(#4051,#4052,#4058,#4059));
#4051 = ORIENTED_EDGE('',*,*,#2099,.F.);
#4052 = ORIENTED_EDGE('',*,*,#4053,.T.);
#4053 = EDGE_CURVE('',#2100,#785,#4054,.T.);
#4054 = LINE('',#4055,#4056);
#4055 = CARTESIAN_POINT('',(-184.404,-3.175,48.006));
#4056 = VECTOR('',#4057,1.);
#4057 = DIRECTION('',(0.,1.,-2.2E-16));
#4058 = ORIENTED_EDGE('',*,*,#784,.F.);
#4059 = ORIENTED_EDGE('',*,*,#4019,.F.);
#4060 = CYLINDRICAL_SURFACE('',#4061,3.81);
#4061 = AXIS2_PLACEMENT_3D('',#4062,#4063,#4064);
#4062 = CARTESIAN_POINT('',(-184.404,-3.175,44.196));
#4063 = DIRECTION('',(0.,-1.,2.2E-16));
#4064 = DIRECTION('',(-1.,0.,0.));
#4065 = ADVANCED_FACE('',(#4066),#4077,.F.);
#4066 = FACE_BOUND('',#4067,.T.);
#4067 = EDGE_LOOP('',(#4068,#4069,#4070,#4071));
#4068 = ORIENTED_EDGE('',*,*,#2125,.F.);
#4069 = ORIENTED_EDGE('',*,*,#4038,.T.);
#4070 = ORIENTED_EDGE('',*,*,#810,.F.);
#4071 = ORIENTED_EDGE('',*,*,#4072,.F.);
#4072 = EDGE_CURVE('',#2117,#802,#4073,.T.);
#4073 = LINE('',#4074,#4075);
#4074 = CARTESIAN_POINT('',(-213.106,-3.175,44.196));
#4075 = VECTOR('',#4076,1.);
#4076 = DIRECTION('',(0.,1.,-2.2E-16));
#4077 = PLANE('',#4078);
#4078 = AXIS2_PLACEMENT_3D('',#4079,#4080,#4081);
#4079 = CARTESIAN_POINT('',(-213.106,-3.175,32.004));
#4080 = DIRECTION('',(-1.,-0.,-0.));
#4081 = DIRECTION('',(-0.,-2.2E-16,-1.));
#4082 = ADVANCED_FACE('',(#4083),#4094,.F.);
#4083 = FACE_BOUND('',#4084,.T.);
#4084 = EDGE_LOOP('',(#4085,#4086,#4092,#4093));
#4085 = ORIENTED_EDGE('',*,*,#2108,.F.);
#4086 = ORIENTED_EDGE('',*,*,#4087,.T.);
#4087 = EDGE_CURVE('',#2109,#794,#4088,.T.);
#4088 = LINE('',#4089,#4090);
#4089 = CARTESIAN_POINT('',(-209.296,-3.175,48.006));
#4090 = VECTOR('',#4091,1.);
#4091 = DIRECTION('',(0.,1.,-2.2E-16));
#4092 = ORIENTED_EDGE('',*,*,#793,.F.);
#4093 = ORIENTED_EDGE('',*,*,#4053,.F.);
#4094 = PLANE('',#4095);
#4095 = AXIS2_PLACEMENT_3D('',#4096,#4097,#4098);
#4096 = CARTESIAN_POINT('',(-209.296,-3.175,48.006));
#4097 = DIRECTION('',(0.,2.2E-16,1.));
#4098 = DIRECTION('',(-1.,-0.,-0.));
#4099 = ADVANCED_FACE('',(#4100),#4106,.F.);
#4100 = FACE_BOUND('',#4101,.T.);
#4101 = EDGE_LOOP('',(#4102,#4103,#4104,#4105));
#4102 = ORIENTED_EDGE('',*,*,#2116,.F.);
#4103 = ORIENTED_EDGE('',*,*,#4072,.T.);
#4104 = ORIENTED_EDGE('',*,*,#801,.F.);
#4105 = ORIENTED_EDGE('',*,*,#4087,.F.);
#4106 = CYLINDRICAL_SURFACE('',#4107,3.81);
#4107 = AXIS2_PLACEMENT_3D('',#4108,#4109,#4110);
#4108 = CARTESIAN_POINT('',(-209.296,-3.175,44.196));
#4109 = DIRECTION('',(0.,-1.,2.2E-16));
#4110 = DIRECTION('',(-1.,0.,0.));
#4111 = ADVANCED_FACE('',(#4112),#4128,.F.);
#4112 = FACE_BOUND('',#4113,.F.);
#4113 = EDGE_LOOP('',(#4114,#4115,#4121,#4122));
#4114 = ORIENTED_EDGE('',*,*,#2170,.F.);
#4115 = ORIENTED_EDGE('',*,*,#4116,.T.);
#4116 = EDGE_CURVE('',#2162,#838,#4117,.T.);
#4117 = LINE('',#4118,#4119);
#4118 = CARTESIAN_POINT('',(-251.206,-3.175,69.596));
#4119 = VECTOR('',#4120,1.);
#4120 = DIRECTION('',(0.,1.,-2.2E-16));
#4121 = ORIENTED_EDGE('',*,*,#835,.F.);
#4122 = ORIENTED_EDGE('',*,*,#4123,.F.);
#4123 = EDGE_CURVE('',#2171,#836,#4124,.T.);
#4124 = LINE('',#4125,#4126);
#4125 = CARTESIAN_POINT('',(-251.206,-3.175,57.404));
#4126 = VECTOR('',#4127,1.);
#4127 = DIRECTION('',(0.,1.,-2.2E-16));
#4128 = PLANE('',#4129);
#4129 = AXIS2_PLACEMENT_3D('',#4130,#4131,#4132);
#4130 = CARTESIAN_POINT('',(-251.206,-3.175,69.596));
#4131 = DIRECTION('',(-1.,0.,0.));
#4132 = DIRECTION('',(0.,-2.2E-16,-1.));
#4133 = ADVANCED_FACE('',(#4134),#4145,.F.);
#4134 = FACE_BOUND('',#4135,.F.);
#4135 = EDGE_LOOP('',(#4136,#4137,#4138,#4139));
#4136 = ORIENTED_EDGE('',*,*,#2178,.F.);
#4137 = ORIENTED_EDGE('',*,*,#4123,.T.);
#4138 = ORIENTED_EDGE('',*,*,#845,.T.);
#4139 = ORIENTED_EDGE('',*,*,#4140,.F.);
#4140 = EDGE_CURVE('',#2179,#846,#4141,.T.);
#4141 = LINE('',#4142,#4143);
#4142 = CARTESIAN_POINT('',(-247.396,-3.175,53.594));
#4143 = VECTOR('',#4144,1.);
#4144 = DIRECTION('',(0.,1.,-2.2E-16));
#4145 = CYLINDRICAL_SURFACE('',#4146,3.81);
#4146 = AXIS2_PLACEMENT_3D('',#4147,#4148,#4149);
#4147 = CARTESIAN_POINT('',(-247.396,-3.175,57.404));
#4148 = DIRECTION('',(0.,-1.,2.2E-16));
#4149 = DIRECTION('',(1.,0.,0.));
#4150 = ADVANCED_FACE('',(#4151),#4162,.F.);
#4151 = FACE_BOUND('',#4152,.F.);
#4152 = EDGE_LOOP('',(#4153,#4154,#4160,#4161));
#4153 = ORIENTED_EDGE('',*,*,#2159,.F.);
#4154 = ORIENTED_EDGE('',*,*,#4155,.T.);
#4155 = EDGE_CURVE('',#2160,#889,#4156,.T.);
#4156 = LINE('',#4157,#4158);
#4157 = CARTESIAN_POINT('',(-247.396,-3.175,73.406));
#4158 = VECTOR('',#4159,1.);
#4159 = DIRECTION('',(0.,1.,-2.2E-16));
#4160 = ORIENTED_EDGE('',*,*,#896,.T.);
#4161 = ORIENTED_EDGE('',*,*,#4116,.F.);
#4162 = CYLINDRICAL_SURFACE('',#4163,3.81);
#4163 = AXIS2_PLACEMENT_3D('',#4164,#4165,#4166);
#4164 = CARTESIAN_POINT('',(-247.396,-3.175,69.596));
#4165 = DIRECTION('',(0.,-1.,2.2E-16));
#4166 = DIRECTION('',(1.,0.,0.));
#4167 = ADVANCED_FACE('',(#4168),#4179,.F.);
#4168 = FACE_BOUND('',#4169,.F.);
#4169 = EDGE_LOOP('',(#4170,#4171,#4172,#4173));
#4170 = ORIENTED_EDGE('',*,*,#2187,.F.);
#4171 = ORIENTED_EDGE('',*,*,#4140,.T.);
#4172 = ORIENTED_EDGE('',*,*,#854,.F.);
#4173 = ORIENTED_EDGE('',*,*,#4174,.F.);
#4174 = EDGE_CURVE('',#2188,#855,#4175,.T.);
#4175 = LINE('',#4176,#4177);
#4176 = CARTESIAN_POINT('',(-222.504,-3.175,53.594));
#4177 = VECTOR('',#4178,1.);
#4178 = DIRECTION('',(0.,1.,-2.2E-16));
#4179 = PLANE('',#4180);
#4180 = AXIS2_PLACEMENT_3D('',#4181,#4182,#4183);
#4181 = CARTESIAN_POINT('',(-247.396,-3.175,53.594));
#4182 = DIRECTION('',(0.,-2.2E-16,-1.));
#4183 = DIRECTION('',(1.,0.,0.));
#4184 = ADVANCED_FACE('',(#4185),#4196,.F.);
#4185 = FACE_BOUND('',#4186,.F.);
#4186 = EDGE_LOOP('',(#4187,#4188,#4194,#4195));
#4187 = ORIENTED_EDGE('',*,*,#2221,.F.);
#4188 = ORIENTED_EDGE('',*,*,#4189,.T.);
#4189 = EDGE_CURVE('',#2213,#880,#4190,.T.);
#4190 = LINE('',#4191,#4192);
#4191 = CARTESIAN_POINT('',(-222.504,-3.175,73.406));
#4192 = VECTOR('',#4193,1.);
#4193 = DIRECTION('',(0.,1.,-2.2E-16));
#4194 = ORIENTED_EDGE('',*,*,#888,.F.);
#4195 = ORIENTED_EDGE('',*,*,#4155,.F.);
#4196 = PLANE('',#4197);
#4197 = AXIS2_PLACEMENT_3D('',#4198,#4199,#4200);
#4198 = CARTESIAN_POINT('',(-222.504,-3.175,73.406));
#4199 = DIRECTION('',(0.,2.2E-16,1.));
#4200 = DIRECTION('',(-1.,0.,0.));
#4201 = ADVANCED_FACE('',(#4202),#4213,.F.);
#4202 = FACE_BOUND('',#4203,.F.);
#4203 = EDGE_LOOP('',(#4204,#4205,#4206,#4207));
#4204 = ORIENTED_EDGE('',*,*,#2195,.F.);
#4205 = ORIENTED_EDGE('',*,*,#4174,.T.);
#4206 = ORIENTED_EDGE('',*,*,#862,.T.);
#4207 = ORIENTED_EDGE('',*,*,#4208,.F.);
#4208 = EDGE_CURVE('',#2196,#863,#4209,.T.);
#4209 = LINE('',#4210,#4211);
#4210 = CARTESIAN_POINT('',(-218.694,-3.175,57.404));
#4211 = VECTOR('',#4212,1.);
#4212 = DIRECTION('',(0.,1.,-2.2E-16));
#4213 = CYLINDRICAL_SURFACE('',#4214,3.81);
#4214 = AXIS2_PLACEMENT_3D('',#4215,#4216,#4217);
#4215 = CARTESIAN_POINT('',(-222.504,-3.175,57.404));
#4216 = DIRECTION('',(0.,-1.,2.2E-16));
#4217 = DIRECTION('',(1.,0.,0.));
#4218 = ADVANCED_FACE('',(#4219),#4230,.F.);
#4219 = FACE_BOUND('',#4220,.F.);
#4220 = EDGE_LOOP('',(#4221,#4222,#4228,#4229));
#4221 = ORIENTED_EDGE('',*,*,#2212,.F.);
#4222 = ORIENTED_EDGE('',*,*,#4223,.T.);
#4223 = EDGE_CURVE('',#2205,#872,#4224,.T.);
#4224 = LINE('',#4225,#4226);
#4225 = CARTESIAN_POINT('',(-218.694,-3.175,69.596));
#4226 = VECTOR('',#4227,1.);
#4227 = DIRECTION('',(0.,1.,-2.2E-16));
#4228 = ORIENTED_EDGE('',*,*,#879,.T.);
#4229 = ORIENTED_EDGE('',*,*,#4189,.F.);
#4230 = CYLINDRICAL_SURFACE('',#4231,3.81);
#4231 = AXIS2_PLACEMENT_3D('',#4232,#4233,#4234);
#4232 = CARTESIAN_POINT('',(-222.504,-3.175,69.596));
#4233 = DIRECTION('',(0.,-1.,2.2E-16));
#4234 = DIRECTION('',(1.,0.,0.));
#4235 = ADVANCED_FACE('',(#4236),#4242,.F.);
#4236 = FACE_BOUND('',#4237,.F.);
#4237 = EDGE_LOOP('',(#4238,#4239,#4240,#4241));
#4238 = ORIENTED_EDGE('',*,*,#2204,.F.);
#4239 = ORIENTED_EDGE('',*,*,#4208,.T.);
#4240 = ORIENTED_EDGE('',*,*,#871,.F.);
#4241 = ORIENTED_EDGE('',*,*,#4223,.F.);
#4242 = PLANE('',#4243);
#4243 = AXIS2_PLACEMENT_3D('',#4244,#4245,#4246);
#4244 = CARTESIAN_POINT('',(-218.694,-3.175,57.404));
#4245 = DIRECTION('',(1.,0.,0.));
#4246 = DIRECTION('',(0.,2.2E-16,1.));
#4247 = ADVANCED_FACE('',(#4248),#4264,.F.);
#4248 = FACE_BOUND('',#4249,.T.);
#4249 = EDGE_LOOP('',(#4250,#4251,#4257,#4258));
#4250 = ORIENTED_EDGE('',*,*,#2290,.F.);
#4251 = ORIENTED_EDGE('',*,*,#4252,.T.);
#4252 = EDGE_CURVE('',#2232,#908,#4253,.T.);
#4253 = LINE('',#4254,#4255);
#4254 = CARTESIAN_POINT('',(-180.594,-3.175,57.404));
#4255 = VECTOR('',#4256,1.);
#4256 = DIRECTION('',(0.,1.,-2.2E-16));
#4257 = ORIENTED_EDGE('',*,*,#905,.F.);
#4258 = ORIENTED_EDGE('',*,*,#4259,.F.);
#4259 = EDGE_CURVE('',#2283,#906,#4260,.T.);
#4260 = LINE('',#4261,#4262);
#4261 = CARTESIAN_POINT('',(-184.404,-3.175,53.594));
#4262 = VECTOR('',#4263,1.);
#4263 = DIRECTION('',(0.,1.,-2.2E-16));
#4264 = CYLINDRICAL_SURFACE('',#4265,3.81);
#4265 = AXIS2_PLACEMENT_3D('',#4266,#4267,#4268);
#4266 = CARTESIAN_POINT('',(-184.404,-3.175,57.404));
#4267 = DIRECTION('',(0.,-1.,2.2E-16));
#4268 = DIRECTION('',(-1.,0.,0.));
#4269 = ADVANCED_FACE('',(#4270),#4281,.F.);
#4270 = FACE_BOUND('',#4271,.T.);
#4271 = EDGE_LOOP('',(#4272,#4273,#4274,#4275));
#4272 = ORIENTED_EDGE('',*,*,#2282,.F.);
#4273 = ORIENTED_EDGE('',*,*,#4259,.T.);
#4274 = ORIENTED_EDGE('',*,*,#967,.F.);
#4275 = ORIENTED_EDGE('',*,*,#4276,.F.);
#4276 = EDGE_CURVE('',#2274,#959,#4277,.T.);
#4277 = LINE('',#4278,#4279);
#4278 = CARTESIAN_POINT('',(-209.296,-3.175,53.594));
#4279 = VECTOR('',#4280,1.);
#4280 = DIRECTION('',(0.,1.,-2.2E-16));
#4281 = PLANE('',#4282);
#4282 = AXIS2_PLACEMENT_3D('',#4283,#4284,#4285);
#4283 = CARTESIAN_POINT('',(-184.404,-3.175,53.594));
#4284 = DIRECTION('',(-0.,-2.2E-16,-1.));
#4285 = DIRECTION('',(1.,0.,0.));
#4286 = ADVANCED_FACE('',(#4287),#4298,.F.);
#4287 = FACE_BOUND('',#4288,.T.);
#4288 = EDGE_LOOP('',(#4289,#4290,#4296,#4297));
#4289 = ORIENTED_EDGE('',*,*,#2229,.F.);
#4290 = ORIENTED_EDGE('',*,*,#4291,.T.);
#4291 = EDGE_CURVE('',#2230,#917,#4292,.T.);
#4292 = LINE('',#4293,#4294);
#4293 = CARTESIAN_POINT('',(-180.594,-3.175,69.596));
#4294 = VECTOR('',#4295,1.);
#4295 = DIRECTION('',(0.,1.,-2.2E-16));
#4296 = ORIENTED_EDGE('',*,*,#916,.F.);
#4297 = ORIENTED_EDGE('',*,*,#4252,.F.);
#4298 = PLANE('',#4299);
#4299 = AXIS2_PLACEMENT_3D('',#4300,#4301,#4302);
#4300 = CARTESIAN_POINT('',(-180.594,-3.175,69.596));
#4301 = DIRECTION('',(1.,0.,0.));
#4302 = DIRECTION('',(0.,2.2E-16,1.));
#4303 = ADVANCED_FACE('',(#4304),#4315,.F.);
#4304 = FACE_BOUND('',#4305,.T.);
#4305 = EDGE_LOOP('',(#4306,#4307,#4308,#4309));
#4306 = ORIENTED_EDGE('',*,*,#2273,.F.);
#4307 = ORIENTED_EDGE('',*,*,#4276,.T.);
#4308 = ORIENTED_EDGE('',*,*,#958,.F.);
#4309 = ORIENTED_EDGE('',*,*,#4310,.F.);
#4310 = EDGE_CURVE('',#2266,#951,#4311,.T.);
#4311 = LINE('',#4312,#4313);
#4312 = CARTESIAN_POINT('',(-213.106,-3.175,57.404));
#4313 = VECTOR('',#4314,1.);
#4314 = DIRECTION('',(0.,1.,-2.2E-16));
#4315 = CYLINDRICAL_SURFACE('',#4316,3.81);
#4316 = AXIS2_PLACEMENT_3D('',#4317,#4318,#4319);
#4317 = CARTESIAN_POINT('',(-209.296,-3.175,57.404));
#4318 = DIRECTION('',(0.,-1.,2.2E-16));
#4319 = DIRECTION('',(-1.,0.,0.));
#4320 = ADVANCED_FACE('',(#4321),#4332,.F.);
#4321 = FACE_BOUND('',#4322,.T.);
#4322 = EDGE_LOOP('',(#4323,#4324,#4330,#4331));
#4323 = ORIENTED_EDGE('',*,*,#2239,.F.);
#4324 = ORIENTED_EDGE('',*,*,#4325,.T.);
#4325 = EDGE_CURVE('',#2240,#925,#4326,.T.);
#4326 = LINE('',#4327,#4328);
#4327 = CARTESIAN_POINT('',(-184.404,-3.175,73.406));
#4328 = VECTOR('',#4329,1.);
#4329 = DIRECTION('',(0.,1.,-2.2E-16));
#4330 = ORIENTED_EDGE('',*,*,#924,.F.);
#4331 = ORIENTED_EDGE('',*,*,#4291,.F.);
#4332 = CYLINDRICAL_SURFACE('',#4333,3.81);
#4333 = AXIS2_PLACEMENT_3D('',#4334,#4335,#4336);
#4334 = CARTESIAN_POINT('',(-184.404,-3.175,69.596));
#4335 = DIRECTION('',(0.,-1.,2.2E-16));
#4336 = DIRECTION('',(-1.,0.,0.));
#4337 = ADVANCED_FACE('',(#4338),#4349,.F.);
#4338 = FACE_BOUND('',#4339,.T.);
#4339 = EDGE_LOOP('',(#4340,#4341,#4342,#4343));
#4340 = ORIENTED_EDGE('',*,*,#2265,.F.);
#4341 = ORIENTED_EDGE('',*,*,#4310,.T.);
#4342 = ORIENTED_EDGE('',*,*,#950,.F.);
#4343 = ORIENTED_EDGE('',*,*,#4344,.F.);
#4344 = EDGE_CURVE('',#2257,#942,#4345,.T.);
#4345 = LINE('',#4346,#4347);
#4346 = CARTESIAN_POINT('',(-213.106,-3.175,69.596));
#4347 = VECTOR('',#4348,1.);
#4348 = DIRECTION('',(0.,1.,-2.2E-16));
#4349 = PLANE('',#4350);
#4350 = AXIS2_PLACEMENT_3D('',#4351,#4352,#4353);
#4351 = CARTESIAN_POINT('',(-213.106,-3.175,57.404));
#4352 = DIRECTION('',(-1.,-0.,-0.));
#4353 = DIRECTION('',(-0.,-2.2E-16,-1.));
#4354 = ADVANCED_FACE('',(#4355),#4366,.F.);
#4355 = FACE_BOUND('',#4356,.T.);
#4356 = EDGE_LOOP('',(#4357,#4358,#4364,#4365));
#4357 = ORIENTED_EDGE('',*,*,#2248,.F.);
#4358 = ORIENTED_EDGE('',*,*,#4359,.T.);
#4359 = EDGE_CURVE('',#2249,#934,#4360,.T.);
#4360 = LINE('',#4361,#4362);
#4361 = CARTESIAN_POINT('',(-209.296,-3.175,73.406));
#4362 = VECTOR('',#4363,1.);
#4363 = DIRECTION('',(0.,1.,-2.2E-16));
#4364 = ORIENTED_EDGE('',*,*,#933,.F.);
#4365 = ORIENTED_EDGE('',*,*,#4325,.F.);
#4366 = PLANE('',#4367);
#4367 = AXIS2_PLACEMENT_3D('',#4368,#4369,#4370);
#4368 = CARTESIAN_POINT('',(-209.296,-3.175,73.406));
#4369 = DIRECTION('',(0.,2.2E-16,1.));
#4370 = DIRECTION('',(-1.,-0.,-0.));
#4371 = ADVANCED_FACE('',(#4372),#4378,.F.);
#4372 = FACE_BOUND('',#4373,.T.);
#4373 = EDGE_LOOP('',(#4374,#4375,#4376,#4377));
#4374 = ORIENTED_EDGE('',*,*,#2256,.F.);
#4375 = ORIENTED_EDGE('',*,*,#4344,.T.);
#4376 = ORIENTED_EDGE('',*,*,#941,.F.);
#4377 = ORIENTED_EDGE('',*,*,#4359,.F.);
#4378 = CYLINDRICAL_SURFACE('',#4379,3.81);
#4379 = AXIS2_PLACEMENT_3D('',#4380,#4381,#4382);
#4380 = CARTESIAN_POINT('',(-209.296,-3.175,69.596));
#4381 = DIRECTION('',(0.,-1.,2.2E-16));
#4382 = DIRECTION('',(-1.,0.,0.));
#4383 = ADVANCED_FACE('',(#4384),#4395,.F.);
#4384 = FACE_BOUND('',#4385,.F.);
#4385 = EDGE_LOOP('',(#4386,#4387,#4393,#4394));
#4386 = ORIENTED_EDGE('',*,*,#2299,.F.);
#4387 = ORIENTED_EDGE('',*,*,#4388,.T.);
#4388 = EDGE_CURVE('',#2300,#976,#4389,.T.);
#4389 = LINE('',#4390,#4391);
#4390 = CARTESIAN_POINT('',(-176.149,-3.175,50.8));
#4391 = VECTOR('',#4392,1.);
#4392 = DIRECTION('',(0.,1.,-2.22044604925E-16));
#4393 = ORIENTED_EDGE('',*,*,#975,.T.);
#4394 = ORIENTED_EDGE('',*,*,#4388,.F.);
#4395 = CYLINDRICAL_SURFACE('',#4396,1.651);
#4396 = AXIS2_PLACEMENT_3D('',#4397,#4398,#4399);
#4397 = CARTESIAN_POINT('',(-177.8,-3.175,50.8));
#4398 = DIRECTION('',(0.,-1.,2.22044604925E-16));
#4399 = DIRECTION('',(1.,0.,0.));
#4400 = ADVANCED_FACE('',(#4401),#4412,.F.);
#4401 = FACE_BOUND('',#4402,.T.);
#4402 = EDGE_LOOP('',(#4403,#4409,#4410,#4411));
#4403 = ORIENTED_EDGE('',*,*,#4404,.T.);
#4404 = EDGE_CURVE('',#987,#2311,#4405,.T.);
#4405 = LINE('',#4406,#4407);
#4406 = CARTESIAN_POINT('',(-130.8735,1.388E-14,62.4967));
#4407 = VECTOR('',#4408,1.);
#4408 = DIRECTION('',(0.,-1.,2.2E-16));
#4409 = ORIENTED_EDGE('',*,*,#2310,.T.);
#4410 = ORIENTED_EDGE('',*,*,#4404,.F.);
#4411 = ORIENTED_EDGE('',*,*,#986,.F.);
#4412 = CYLINDRICAL_SURFACE('',#4413,1.6256);
#4413 = AXIS2_PLACEMENT_3D('',#4414,#4415,#4416);
#4414 = CARTESIAN_POINT('',(-132.4991,1.388E-14,62.4967));
#4415 = DIRECTION('',(0.,1.,-2.2E-16));
#4416 = DIRECTION('',(1.,0.,0.));
#4417 = ADVANCED_FACE('',(#4418),#4429,.F.);
#4418 = FACE_BOUND('',#4419,.T.);
#4419 = EDGE_LOOP('',(#4420,#4426,#4427,#4428));
#4420 = ORIENTED_EDGE('',*,*,#4421,.T.);
#4421 = EDGE_CURVE('',#998,#2322,#4422,.T.);
#4422 = LINE('',#4423,#4424);
#4423 = CARTESIAN_POINT('',(-5.8801,-1.388E-14,-62.4967));
#4424 = VECTOR('',#4425,1.);
#4425 = DIRECTION('',(0.,-1.,2.2E-16));
#4426 = ORIENTED_EDGE('',*,*,#2321,.T.);
#4427 = ORIENTED_EDGE('',*,*,#4421,.F.);
#4428 = ORIENTED_EDGE('',*,*,#997,.F.);
#4429 = CYLINDRICAL_SURFACE('',#4430,1.6256);
#4430 = AXIS2_PLACEMENT_3D('',#4431,#4432,#4433);
#4431 = CARTESIAN_POINT('',(-7.5057,-1.388E-14,-62.4967));
#4432 = DIRECTION('',(0.,1.,-2.2E-16));
#4433 = DIRECTION('',(1.,0.,0.));
#4434 = ADVANCED_FACE('',(#4435),#4446,.F.);
#4435 = FACE_BOUND('',#4436,.T.);
#4436 = EDGE_LOOP('',(#4437,#4443,#4444,#4445));
#4437 = ORIENTED_EDGE('',*,*,#4438,.T.);
#4438 = EDGE_CURVE('',#1009,#2333,#4439,.T.);
#4439 = LINE('',#4440,#4441);
#4440 = CARTESIAN_POINT('',(9.1313,-1.388E-14,-62.4967));
#4441 = VECTOR('',#4442,1.);
#4442 = DIRECTION('',(0.,-1.,2.2E-16));
#4443 = ORIENTED_EDGE('',*,*,#2332,.T.);
#4444 = ORIENTED_EDGE('',*,*,#4438,.F.);
#4445 = ORIENTED_EDGE('',*,*,#1008,.F.);
#4446 = CYLINDRICAL_SURFACE('',#4447,1.6256);
#4447 = AXIS2_PLACEMENT_3D('',#4448,#4449,#4450);
#4448 = CARTESIAN_POINT('',(7.5057,-1.388E-14,-62.4967));
#4449 = DIRECTION('',(0.,1.,-2.2E-16));
#4450 = DIRECTION('',(1.,0.,0.));
#4451 = ADVANCED_FACE('',(#4452),#4468,.T.);
#4452 = FACE_BOUND('',#4453,.F.);
#4453 = EDGE_LOOP('',(#4454,#4460,#4461,#4467));
#4454 = ORIENTED_EDGE('',*,*,#4455,.T.);
#4455 = EDGE_CURVE('',#1020,#2344,#4456,.T.);
#4456 = LINE('',#4457,#4458);
#4457 = CARTESIAN_POINT('',(-132.4991,1.247E-14,56.1467));
#4458 = VECTOR('',#4459,1.);
#4459 = DIRECTION('',(0.,-1.,2.2E-16));
#4460 = ORIENTED_EDGE('',*,*,#2343,.T.);
#4461 = ORIENTED_EDGE('',*,*,#4462,.F.);
#4462 = EDGE_CURVE('',#1022,#2346,#4463,.T.);
#4463 = LINE('',#4464,#4465);
#4464 = CARTESIAN_POINT('',(-126.1491,1.388E-14,62.4967));
#4465 = VECTOR('',#4466,1.);
#4466 = DIRECTION('',(0.,-1.,2.2E-16));
#4467 = ORIENTED_EDGE('',*,*,#1019,.F.);
#4468 = CYLINDRICAL_SURFACE('',#4469,6.35);
#4469 = AXIS2_PLACEMENT_3D('',#4470,#4471,#4472);
#4470 = CARTESIAN_POINT('',(-132.4991,1.388E-14,62.4967));
#4471 = DIRECTION('',(0.,1.,-2.2E-16));
#4472 = DIRECTION('',(1.,0.,0.));
#4473 = ADVANCED_FACE('',(#4474),#4485,.F.);
#4474 = FACE_BOUND('',#4475,.F.);
#4475 = EDGE_LOOP('',(#4476,#4482,#4483,#4484));
#4476 = ORIENTED_EDGE('',*,*,#4477,.T.);
#4477 = EDGE_CURVE('',#1031,#2355,#4478,.T.);
#4478 = LINE('',#4479,#4480);
#4479 = CARTESIAN_POINT('',(-132.4991,-1.247E-14,-56.1467));
#4480 = VECTOR('',#4481,1.);
#4481 = DIRECTION('',(0.,-1.,2.2E-16));
#4482 = ORIENTED_EDGE('',*,*,#2354,.T.);
#4483 = ORIENTED_EDGE('',*,*,#4455,.F.);
#4484 = ORIENTED_EDGE('',*,*,#1030,.F.);
#4485 = PLANE('',#4486);
#4486 = AXIS2_PLACEMENT_3D('',#4487,#4488,#4489);
#4487 = CARTESIAN_POINT('',(-132.4991,-1.247E-14,-56.1467));
#4488 = DIRECTION('',(-1.,0.,0.));
#4489 = DIRECTION('',(0.,2.2E-16,1.));
#4490 = ADVANCED_FACE('',(#4491),#4502,.F.);
#4491 = FACE_BOUND('',#4492,.F.);
#4492 = EDGE_LOOP('',(#4493,#4494,#4495,#4501));
#4493 = ORIENTED_EDGE('',*,*,#4462,.T.);
#4494 = ORIENTED_EDGE('',*,*,#2473,.T.);
#4495 = ORIENTED_EDGE('',*,*,#4496,.F.);
#4496 = EDGE_CURVE('',#1141,#2465,#4497,.T.);
#4497 = LINE('',#4498,#4499);
#4498 = CARTESIAN_POINT('',(-13.8557,1.388E-14,62.4967));
#4499 = VECTOR('',#4500,1.);
#4500 = DIRECTION('',(0.,-1.,2.2E-16));
#4501 = ORIENTED_EDGE('',*,*,#1149,.F.);
#4502 = PLANE('',#4503);
#4503 = AXIS2_PLACEMENT_3D('',#4504,#4505,#4506);
#4504 = CARTESIAN_POINT('',(-126.1491,1.388E-14,62.4967));
#4505 = DIRECTION('',(6.E-17,2.2E-16,1.));
#4506 = DIRECTION('',(1.,0.,-6.E-17));
#4507 = ADVANCED_FACE('',(#4508),#4519,.T.);
#4508 = FACE_BOUND('',#4509,.F.);
#4509 = EDGE_LOOP('',(#4510,#4516,#4517,#4518));
#4510 = ORIENTED_EDGE('',*,*,#4511,.T.);
#4511 = EDGE_CURVE('',#1039,#2363,#4512,.T.);
#4512 = LINE('',#4513,#4514);
#4513 = CARTESIAN_POINT('',(-126.1491,-1.388E-14,-62.4967));
#4514 = VECTOR('',#4515,1.);
#4515 = DIRECTION('',(0.,-1.,2.2E-16));
#4516 = ORIENTED_EDGE('',*,*,#2362,.T.);
#4517 = ORIENTED_EDGE('',*,*,#4477,.F.);
#4518 = ORIENTED_EDGE('',*,*,#1038,.F.);
#4519 = CYLINDRICAL_SURFACE('',#4520,6.35);
#4520 = AXIS2_PLACEMENT_3D('',#4521,#4522,#4523);
#4521 = CARTESIAN_POINT('',(-132.4991,-1.388E-14,-62.4967));
#4522 = DIRECTION('',(0.,1.,-2.2E-16));
#4523 = DIRECTION('',(1.,0.,0.));
#4524 = ADVANCED_FACE('',(#4525),#4536,.T.);
#4525 = FACE_BOUND('',#4526,.F.);
#4526 = EDGE_LOOP('',(#4527,#4528,#4529,#4535));
#4527 = ORIENTED_EDGE('',*,*,#4496,.T.);
#4528 = ORIENTED_EDGE('',*,*,#2464,.T.);
#4529 = ORIENTED_EDGE('',*,*,#4530,.F.);
#4530 = EDGE_CURVE('',#1133,#2457,#4531,.T.);
#4531 = LINE('',#4532,#4533);
#4532 = CARTESIAN_POINT('',(-7.5057,1.247E-14,56.1467));
#4533 = VECTOR('',#4534,1.);
#4534 = DIRECTION('',(0.,-1.,2.2E-16));
#4535 = ORIENTED_EDGE('',*,*,#1140,.F.);
#4536 = CYLINDRICAL_SURFACE('',#4537,6.35);
#4537 = AXIS2_PLACEMENT_3D('',#4538,#4539,#4540);
#4538 = CARTESIAN_POINT('',(-7.5057,1.388E-14,62.4967));
#4539 = DIRECTION('',(0.,1.,-2.2E-16));
#4540 = DIRECTION('',(1.,0.,0.));
#4541 = ADVANCED_FACE('',(#4542),#4553,.F.);
#4542 = FACE_BOUND('',#4543,.F.);
#4543 = EDGE_LOOP('',(#4544,#4550,#4551,#4552));
#4544 = ORIENTED_EDGE('',*,*,#4545,.T.);
#4545 = EDGE_CURVE('',#1048,#2372,#4546,.T.);
#4546 = LINE('',#4547,#4548);
#4547 = CARTESIAN_POINT('',(-13.8557,-1.388E-14,-62.4967));
#4548 = VECTOR('',#4549,1.);
#4549 = DIRECTION('',(0.,-1.,2.2E-16));
#4550 = ORIENTED_EDGE('',*,*,#2371,.T.);
#4551 = ORIENTED_EDGE('',*,*,#4511,.F.);
#4552 = ORIENTED_EDGE('',*,*,#1047,.F.);
#4553 = PLANE('',#4554);
#4554 = AXIS2_PLACEMENT_3D('',#4555,#4556,#4557);
#4555 = CARTESIAN_POINT('',(-13.8557,-1.388E-14,-62.4967));
#4556 = DIRECTION('',(6.E-17,-2.2E-16,-1.));
#4557 = DIRECTION('',(-1.,0.,-6.E-17));
#4558 = ADVANCED_FACE('',(#4559),#4570,.F.);
#4559 = FACE_BOUND('',#4560,.F.);
#4560 = EDGE_LOOP('',(#4561,#4562,#4563,#4569));
#4561 = ORIENTED_EDGE('',*,*,#4530,.T.);
#4562 = ORIENTED_EDGE('',*,*,#2456,.T.);
#4563 = ORIENTED_EDGE('',*,*,#4564,.F.);
#4564 = EDGE_CURVE('',#1124,#2448,#4565,.T.);
#4565 = LINE('',#4566,#4567);
#4566 = CARTESIAN_POINT('',(7.5057,1.247E-14,56.1467));
#4567 = VECTOR('',#4568,1.);
#4568 = DIRECTION('',(0.,-1.,2.2E-16));
#4569 = ORIENTED_EDGE('',*,*,#1132,.F.);
#4570 = PLANE('',#4571);
#4571 = AXIS2_PLACEMENT_3D('',#4572,#4573,#4574);
#4572 = CARTESIAN_POINT('',(-7.5057,1.247E-14,56.1467));
#4573 = DIRECTION('',(0.,2.2E-16,1.));
#4574 = DIRECTION('',(1.,0.,0.));
#4575 = ADVANCED_FACE('',(#4576),#4587,.T.);
#4576 = FACE_BOUND('',#4577,.F.);
#4577 = EDGE_LOOP('',(#4578,#4584,#4585,#4586));
#4578 = ORIENTED_EDGE('',*,*,#4579,.T.);
#4579 = EDGE_CURVE('',#1056,#2380,#4580,.T.);
#4580 = LINE('',#4581,#4582);
#4581 = CARTESIAN_POINT('',(-7.5057,-1.247E-14,-56.1467));
#4582 = VECTOR('',#4583,1.);
#4583 = DIRECTION('',(0.,-1.,2.2E-16));
#4584 = ORIENTED_EDGE('',*,*,#2379,.T.);
#4585 = ORIENTED_EDGE('',*,*,#4545,.F.);
#4586 = ORIENTED_EDGE('',*,*,#1055,.F.);
#4587 = CYLINDRICAL_SURFACE('',#4588,6.35);
#4588 = AXIS2_PLACEMENT_3D('',#4589,#4590,#4591);
#4589 = CARTESIAN_POINT('',(-7.5057,-1.388E-14,-62.4967));
#4590 = DIRECTION('',(0.,1.,-2.2E-16));
#4591 = DIRECTION('',(1.,0.,0.));
#4592 = ADVANCED_FACE('',(#4593),#4604,.T.);
#4593 = FACE_BOUND('',#4594,.F.);
#4594 = EDGE_LOOP('',(#4595,#4596,#4597,#4603));
#4595 = ORIENTED_EDGE('',*,*,#4564,.T.);
#4596 = ORIENTED_EDGE('',*,*,#2447,.T.);
#4597 = ORIENTED_EDGE('',*,*,#4598,.F.);
#4598 = EDGE_CURVE('',#1116,#2440,#4599,.T.);
#4599 = LINE('',#4600,#4601);
#4600 = CARTESIAN_POINT('',(13.8557,1.388E-14,62.4967));
#4601 = VECTOR('',#4602,1.);
#4602 = DIRECTION('',(0.,-1.,2.2E-16));
#4603 = ORIENTED_EDGE('',*,*,#1123,.F.);
#4604 = CYLINDRICAL_SURFACE('',#4605,6.35);
#4605 = AXIS2_PLACEMENT_3D('',#4606,#4607,#4608);
#4606 = CARTESIAN_POINT('',(7.5057,1.388E-14,62.4967));
#4607 = DIRECTION('',(0.,1.,-2.2E-16));
#4608 = DIRECTION('',(1.,0.,0.));
#4609 = ADVANCED_FACE('',(#4610),#4621,.F.);
#4610 = FACE_BOUND('',#4611,.F.);
#4611 = EDGE_LOOP('',(#4612,#4618,#4619,#4620));
#4612 = ORIENTED_EDGE('',*,*,#4613,.T.);
#4613 = EDGE_CURVE('',#1065,#2389,#4614,.T.);
#4614 = LINE('',#4615,#4616);
#4615 = CARTESIAN_POINT('',(7.5057,-1.247E-14,-56.1467));
#4616 = VECTOR('',#4617,1.);
#4617 = DIRECTION('',(0.,-1.,2.2E-16));
#4618 = ORIENTED_EDGE('',*,*,#2388,.T.);
#4619 = ORIENTED_EDGE('',*,*,#4579,.F.);
#4620 = ORIENTED_EDGE('',*,*,#1064,.F.);
#4621 = PLANE('',#4622);
#4622 = AXIS2_PLACEMENT_3D('',#4623,#4624,#4625);
#4623 = CARTESIAN_POINT('',(7.5057,-1.247E-14,-56.1467));
#4624 = DIRECTION('',(-0.,-2.2E-16,-1.));
#4625 = DIRECTION('',(-1.,0.,0.));
#4626 = ADVANCED_FACE('',(#4627),#4638,.F.);
#4627 = FACE_BOUND('',#4628,.F.);
#4628 = EDGE_LOOP('',(#4629,#4630,#4631,#4637));
#4629 = ORIENTED_EDGE('',*,*,#4598,.T.);
#4630 = ORIENTED_EDGE('',*,*,#2439,.T.);
#4631 = ORIENTED_EDGE('',*,*,#4632,.F.);
#4632 = EDGE_CURVE('',#1107,#2431,#4633,.T.);
#4633 = LINE('',#4634,#4635);
#4634 = CARTESIAN_POINT('',(126.1491,1.388E-14,62.4967));
#4635 = VECTOR('',#4636,1.);
#4636 = DIRECTION('',(0.,-1.,2.2E-16));
#4637 = ORIENTED_EDGE('',*,*,#1115,.F.);
#4638 = PLANE('',#4639);
#4639 = AXIS2_PLACEMENT_3D('',#4640,#4641,#4642);
#4640 = CARTESIAN_POINT('',(13.8557,1.388E-14,62.4967));
#4641 = DIRECTION('',(0.,2.2E-16,1.));
#4642 = DIRECTION('',(1.,0.,0.));
#4643 = ADVANCED_FACE('',(#4644),#4655,.T.);
#4644 = FACE_BOUND('',#4645,.F.);
#4645 = EDGE_LOOP('',(#4646,#4652,#4653,#4654));
#4646 = ORIENTED_EDGE('',*,*,#4647,.T.);
#4647 = EDGE_CURVE('',#1073,#2397,#4648,.T.);
#4648 = LINE('',#4649,#4650);
#4649 = CARTESIAN_POINT('',(13.8557,-1.388E-14,-62.4967));
#4650 = VECTOR('',#4651,1.);
#4651 = DIRECTION('',(0.,-1.,2.2E-16));
#4652 = ORIENTED_EDGE('',*,*,#2396,.T.);
#4653 = ORIENTED_EDGE('',*,*,#4613,.F.);
#4654 = ORIENTED_EDGE('',*,*,#1072,.F.);
#4655 = CYLINDRICAL_SURFACE('',#4656,6.35);
#4656 = AXIS2_PLACEMENT_3D('',#4657,#4658,#4659);
#4657 = CARTESIAN_POINT('',(7.5057,-1.388E-14,-62.4967));
#4658 = DIRECTION('',(0.,1.,-2.2E-16));
#4659 = DIRECTION('',(1.,0.,0.));
#4660 = ADVANCED_FACE('',(#4661),#4672,.T.);
#4661 = FACE_BOUND('',#4662,.F.);
#4662 = EDGE_LOOP('',(#4663,#4664,#4665,#4671));
#4663 = ORIENTED_EDGE('',*,*,#4632,.T.);
#4664 = ORIENTED_EDGE('',*,*,#2430,.T.);
#4665 = ORIENTED_EDGE('',*,*,#4666,.F.);
#4666 = EDGE_CURVE('',#1099,#2423,#4667,.T.);
#4667 = LINE('',#4668,#4669);
#4668 = CARTESIAN_POINT('',(132.4991,1.247E-14,56.1467));
#4669 = VECTOR('',#4670,1.);
#4670 = DIRECTION('',(0.,-1.,2.2E-16));
#4671 = ORIENTED_EDGE('',*,*,#1106,.F.);
#4672 = CYLINDRICAL_SURFACE('',#4673,6.35);
#4673 = AXIS2_PLACEMENT_3D('',#4674,#4675,#4676);
#4674 = CARTESIAN_POINT('',(132.4991,1.388E-14,62.4967));
#4675 = DIRECTION('',(0.,1.,-2.2E-16));
#4676 = DIRECTION('',(1.,0.,0.));
#4677 = ADVANCED_FACE('',(#4678),#4689,.F.);
#4678 = FACE_BOUND('',#4679,.F.);
#4679 = EDGE_LOOP('',(#4680,#4686,#4687,#4688));
#4680 = ORIENTED_EDGE('',*,*,#4681,.T.);
#4681 = EDGE_CURVE('',#1082,#2406,#4682,.T.);
#4682 = LINE('',#4683,#4684);
#4683 = CARTESIAN_POINT('',(126.1491,-1.388E-14,-62.4967));
#4684 = VECTOR('',#4685,1.);
#4685 = DIRECTION('',(0.,-1.,2.2E-16));
#4686 = ORIENTED_EDGE('',*,*,#2405,.T.);
#4687 = ORIENTED_EDGE('',*,*,#4647,.F.);
#4688 = ORIENTED_EDGE('',*,*,#1081,.F.);
#4689 = PLANE('',#4690);
#4690 = AXIS2_PLACEMENT_3D('',#4691,#4692,#4693);
#4691 = CARTESIAN_POINT('',(126.1491,-1.388E-14,-62.4967));
#4692 = DIRECTION('',(-6.E-17,-2.2E-16,-1.));
#4693 = DIRECTION('',(-1.,0.,6.E-17));
#4694 = ADVANCED_FACE('',(#4695),#4706,.F.);
#4695 = FACE_BOUND('',#4696,.F.);
#4696 = EDGE_LOOP('',(#4697,#4698,#4699,#4705));
#4697 = ORIENTED_EDGE('',*,*,#4666,.T.);
#4698 = ORIENTED_EDGE('',*,*,#2422,.T.);
#4699 = ORIENTED_EDGE('',*,*,#4700,.F.);
#4700 = EDGE_CURVE('',#1090,#2414,#4701,.T.);
#4701 = LINE('',#4702,#4703);
#4702 = CARTESIAN_POINT('',(132.4991,-1.247E-14,-56.1467));
#4703 = VECTOR('',#4704,1.);
#4704 = DIRECTION('',(0.,-1.,2.2E-16));
#4705 = ORIENTED_EDGE('',*,*,#1098,.F.);
#4706 = PLANE('',#4707);
#4707 = AXIS2_PLACEMENT_3D('',#4708,#4709,#4710);
#4708 = CARTESIAN_POINT('',(132.4991,1.247E-14,56.1467));
#4709 = DIRECTION('',(1.,0.,0.));
#4710 = DIRECTION('',(0.,-2.2E-16,-1.));
#4711 = ADVANCED_FACE('',(#4712),#4718,.T.);
#4712 = FACE_BOUND('',#4713,.F.);
#4713 = EDGE_LOOP('',(#4714,#4715,#4716,#4717));
#4714 = ORIENTED_EDGE('',*,*,#4700,.T.);
#4715 = ORIENTED_EDGE('',*,*,#2413,.T.);
#4716 = ORIENTED_EDGE('',*,*,#4681,.F.);
#4717 = ORIENTED_EDGE('',*,*,#1089,.F.);
#4718 = CYLINDRICAL_SURFACE('',#4719,6.35);
#4719 = AXIS2_PLACEMENT_3D('',#4720,#4721,#4722);
#4720 = CARTESIAN_POINT('',(132.4991,-1.388E-14,-62.4967));
#4721 = DIRECTION('',(0.,1.,-2.2E-16));
#4722 = DIRECTION('',(1.,0.,0.));
#4723 = ADVANCED_FACE('',(#4724),#4735,.F.);
#4724 = FACE_BOUND('',#4725,.T.);
#4725 = EDGE_LOOP('',(#4726,#4732,#4733,#4734));
#4726 = ORIENTED_EDGE('',*,*,#4727,.T.);
#4727 = EDGE_CURVE('',#1158,#2482,#4728,.T.);
#4728 = LINE('',#4729,#4730);
#4729 = CARTESIAN_POINT('',(134.1247,-1.388E-14,-62.4967));
#4730 = VECTOR('',#4731,1.);
#4731 = DIRECTION('',(0.,-1.,2.2E-16));
#4732 = ORIENTED_EDGE('',*,*,#2481,.T.);
#4733 = ORIENTED_EDGE('',*,*,#4727,.F.);
#4734 = ORIENTED_EDGE('',*,*,#1157,.F.);
#4735 = CYLINDRICAL_SURFACE('',#4736,1.6256);
#4736 = AXIS2_PLACEMENT_3D('',#4737,#4738,#4739);
#4737 = CARTESIAN_POINT('',(132.4991,-1.388E-14,-62.4967));
#4738 = DIRECTION('',(0.,1.,-2.2E-16));
#4739 = DIRECTION('',(1.,0.,0.));
#4740 = ADVANCED_FACE('',(#4741),#4757,.T.);
#4741 = FACE_BOUND('',#4742,.T.);
#4742 = EDGE_LOOP('',(#4743,#4744,#4750,#4751));
#4743 = ORIENTED_EDGE('',*,*,#2492,.F.);
#4744 = ORIENTED_EDGE('',*,*,#4745,.T.);
#4745 = EDGE_CURVE('',#2493,#1171,#4746,.T.);
#4746 = LINE('',#4747,#4748);
#4747 = CARTESIAN_POINT('',(160.1724,-3.175,-63.5));
#4748 = VECTOR('',#4749,1.);
#4749 = DIRECTION('',(0.,1.,-2.2E-16));
#4750 = ORIENTED_EDGE('',*,*,#1168,.F.);
#4751 = ORIENTED_EDGE('',*,*,#4752,.F.);
#4752 = EDGE_CURVE('',#2495,#1169,#4753,.T.);
#4753 = LINE('',#4754,#4755);
#4754 = CARTESIAN_POINT('',(165.2524,-3.175,-63.5));
#4755 = VECTOR('',#4756,1.);
#4756 = DIRECTION('',(0.,1.,-2.2E-16));
#4757 = PLANE('',#4758);
#4758 = AXIS2_PLACEMENT_3D('',#4759,#4760,#4761);
#4759 = CARTESIAN_POINT('',(160.1724,-3.175,-63.5));
#4760 = DIRECTION('',(0.,-2.2E-16,-1.));
#4761 = DIRECTION('',(1.,0.,0.));
#4762 = ADVANCED_FACE('',(#4763),#4774,.F.);
#4763 = FACE_BOUND('',#4764,.F.);
#4764 = EDGE_LOOP('',(#4765,#4766,#4772,#4773));
#4765 = ORIENTED_EDGE('',*,*,#2519,.F.);
#4766 = ORIENTED_EDGE('',*,*,#4767,.T.);
#4767 = EDGE_CURVE('',#2512,#1188,#4768,.T.);
#4768 = LINE('',#4769,#4770);
#4769 = CARTESIAN_POINT('',(165.2524,-3.175,-69.85));
#4770 = VECTOR('',#4771,1.);
#4771 = DIRECTION('',(0.,1.,-2.2E-16));
#4772 = ORIENTED_EDGE('',*,*,#1195,.T.);
#4773 = ORIENTED_EDGE('',*,*,#4752,.F.);
#4774 = CYLINDRICAL_SURFACE('',#4775,3.175);
#4775 = AXIS2_PLACEMENT_3D('',#4776,#4777,#4778);
#4776 = CARTESIAN_POINT('',(165.2524,-3.175,-66.675));
#4777 = DIRECTION('',(0.,-1.,2.2E-16));
#4778 = DIRECTION('',(1.,0.,0.));
#4779 = ADVANCED_FACE('',(#4780),#4791,.F.);
#4780 = FACE_BOUND('',#4781,.F.);
#4781 = EDGE_LOOP('',(#4782,#4783,#4784,#4785));
#4782 = ORIENTED_EDGE('',*,*,#2502,.F.);
#4783 = ORIENTED_EDGE('',*,*,#4745,.T.);
#4784 = ORIENTED_EDGE('',*,*,#1178,.T.);
#4785 = ORIENTED_EDGE('',*,*,#4786,.F.);
#4786 = EDGE_CURVE('',#2503,#1179,#4787,.T.);
#4787 = LINE('',#4788,#4789);
#4788 = CARTESIAN_POINT('',(160.1724,-3.175,-69.85));
#4789 = VECTOR('',#4790,1.);
#4790 = DIRECTION('',(0.,1.,-2.2E-16));
#4791 = CYLINDRICAL_SURFACE('',#4792,3.175);
#4792 = AXIS2_PLACEMENT_3D('',#4793,#4794,#4795);
#4793 = CARTESIAN_POINT('',(160.1724,-3.175,-66.675));
#4794 = DIRECTION('',(0.,-1.,2.2E-16));
#4795 = DIRECTION('',(1.,0.,0.));
#4796 = ADVANCED_FACE('',(#4797),#4803,.F.);
#4797 = FACE_BOUND('',#4798,.F.);
#4798 = EDGE_LOOP('',(#4799,#4800,#4801,#4802));
#4799 = ORIENTED_EDGE('',*,*,#2511,.F.);
#4800 = ORIENTED_EDGE('',*,*,#4786,.T.);
#4801 = ORIENTED_EDGE('',*,*,#1187,.F.);
#4802 = ORIENTED_EDGE('',*,*,#4767,.F.);
#4803 = PLANE('',#4804);
#4804 = AXIS2_PLACEMENT_3D('',#4805,#4806,#4807);
#4805 = CARTESIAN_POINT('',(160.1724,-3.175,-69.85));
#4806 = DIRECTION('',(0.,-2.2E-16,-1.));
#4807 = DIRECTION('',(1.,0.,0.));
#4808 = ADVANCED_FACE('',(#4809),#4825,.T.);
#4809 = FACE_BOUND('',#4810,.T.);
#4810 = EDGE_LOOP('',(#4811,#4812,#4818,#4819));
#4811 = ORIENTED_EDGE('',*,*,#2528,.F.);
#4812 = ORIENTED_EDGE('',*,*,#4813,.T.);
#4813 = EDGE_CURVE('',#2529,#1207,#4814,.T.);
#4814 = LINE('',#4815,#4816);
#4815 = CARTESIAN_POINT('',(160.1724,-3.175,-19.05));
#4816 = VECTOR('',#4817,1.);
#4817 = DIRECTION('',(0.,1.,-2.2E-16));
#4818 = ORIENTED_EDGE('',*,*,#1204,.F.);
#4819 = ORIENTED_EDGE('',*,*,#4820,.F.);
#4820 = EDGE_CURVE('',#2531,#1205,#4821,.T.);
#4821 = LINE('',#4822,#4823);
#4822 = CARTESIAN_POINT('',(165.2524,-3.175,-19.05));
#4823 = VECTOR('',#4824,1.);
#4824 = DIRECTION('',(0.,1.,-2.2E-16));
#4825 = PLANE('',#4826);
#4826 = AXIS2_PLACEMENT_3D('',#4827,#4828,#4829);
#4827 = CARTESIAN_POINT('',(160.1724,-3.175,-19.05));
#4828 = DIRECTION('',(0.,-2.2E-16,-1.));
#4829 = DIRECTION('',(1.,0.,0.));
#4830 = ADVANCED_FACE('',(#4831),#4842,.F.);
#4831 = FACE_BOUND('',#4832,.F.);
#4832 = EDGE_LOOP('',(#4833,#4834,#4840,#4841));
#4833 = ORIENTED_EDGE('',*,*,#2555,.F.);
#4834 = ORIENTED_EDGE('',*,*,#4835,.T.);
#4835 = EDGE_CURVE('',#2548,#1224,#4836,.T.);
#4836 = LINE('',#4837,#4838);
#4837 = CARTESIAN_POINT('',(165.2524,-3.175,-25.4));
#4838 = VECTOR('',#4839,1.);
#4839 = DIRECTION('',(0.,1.,-2.2E-16));
#4840 = ORIENTED_EDGE('',*,*,#1231,.T.);
#4841 = ORIENTED_EDGE('',*,*,#4820,.F.);
#4842 = CYLINDRICAL_SURFACE('',#4843,3.175);
#4843 = AXIS2_PLACEMENT_3D('',#4844,#4845,#4846);
#4844 = CARTESIAN_POINT('',(165.2524,-3.175,-22.225));
#4845 = DIRECTION('',(0.,-1.,2.2E-16));
#4846 = DIRECTION('',(1.,0.,0.));
#4847 = ADVANCED_FACE('',(#4848),#4859,.F.);
#4848 = FACE_BOUND('',#4849,.F.);
#4849 = EDGE_LOOP('',(#4850,#4851,#4852,#4853));
#4850 = ORIENTED_EDGE('',*,*,#2538,.F.);
#4851 = ORIENTED_EDGE('',*,*,#4813,.T.);
#4852 = ORIENTED_EDGE('',*,*,#1214,.T.);
#4853 = ORIENTED_EDGE('',*,*,#4854,.F.);
#4854 = EDGE_CURVE('',#2539,#1215,#4855,.T.);
#4855 = LINE('',#4856,#4857);
#4856 = CARTESIAN_POINT('',(160.1724,-3.175,-25.4));
#4857 = VECTOR('',#4858,1.);
#4858 = DIRECTION('',(0.,1.,-2.2E-16));
#4859 = CYLINDRICAL_SURFACE('',#4860,3.175);
#4860 = AXIS2_PLACEMENT_3D('',#4861,#4862,#4863);
#4861 = CARTESIAN_POINT('',(160.1724,-3.175,-22.225));
#4862 = DIRECTION('',(0.,-1.,2.2E-16));
#4863 = DIRECTION('',(1.,0.,0.));
#4864 = ADVANCED_FACE('',(#4865),#4871,.F.);
#4865 = FACE_BOUND('',#4866,.F.);
#4866 = EDGE_LOOP('',(#4867,#4868,#4869,#4870));
#4867 = ORIENTED_EDGE('',*,*,#2547,.F.);
#4868 = ORIENTED_EDGE('',*,*,#4854,.T.);
#4869 = ORIENTED_EDGE('',*,*,#1223,.F.);
#4870 = ORIENTED_EDGE('',*,*,#4835,.F.);
#4871 = PLANE('',#4872);
#4872 = AXIS2_PLACEMENT_3D('',#4873,#4874,#4875);
#4873 = CARTESIAN_POINT('',(160.1724,-3.175,-25.4));
#4874 = DIRECTION('',(0.,-2.2E-16,-1.));
#4875 = DIRECTION('',(1.,0.,0.));
#4876 = ADVANCED_FACE('',(#4877),#4888,.F.);
#4877 = FACE_BOUND('',#4878,.T.);
#4878 = EDGE_LOOP('',(#4879,#4885,#4886,#4887));
#4879 = ORIENTED_EDGE('',*,*,#4880,.T.);
#4880 = EDGE_CURVE('',#1241,#2565,#4881,.T.);
#4881 = LINE('',#4882,#4883);
#4882 = CARTESIAN_POINT('',(-5.8801,1.388E-14,62.4967));
#4883 = VECTOR('',#4884,1.);
#4884 = DIRECTION('',(0.,-1.,2.2E-16));
#4885 = ORIENTED_EDGE('',*,*,#2564,.T.);
#4886 = ORIENTED_EDGE('',*,*,#4880,.F.);
#4887 = ORIENTED_EDGE('',*,*,#1240,.F.);
#4888 = CYLINDRICAL_SURFACE('',#4889,1.6256);
#4889 = AXIS2_PLACEMENT_3D('',#4890,#4891,#4892);
#4890 = CARTESIAN_POINT('',(-7.5057,1.388E-14,62.4967));
#4891 = DIRECTION('',(0.,1.,-2.2E-16));
#4892 = DIRECTION('',(1.,0.,0.));
#4893 = ADVANCED_FACE('',(#4894),#4905,.F.);
#4894 = FACE_BOUND('',#4895,.T.);
#4895 = EDGE_LOOP('',(#4896,#4902,#4903,#4904));
#4896 = ORIENTED_EDGE('',*,*,#4897,.T.);
#4897 = EDGE_CURVE('',#1252,#2576,#4898,.T.);
#4898 = LINE('',#4899,#4900);
#4899 = CARTESIAN_POINT('',(9.1313,1.388E-14,62.4967));
#4900 = VECTOR('',#4901,1.);
#4901 = DIRECTION('',(0.,-1.,2.2E-16));
#4902 = ORIENTED_EDGE('',*,*,#2575,.T.);
#4903 = ORIENTED_EDGE('',*,*,#4897,.F.);
#4904 = ORIENTED_EDGE('',*,*,#1251,.F.);
#4905 = CYLINDRICAL_SURFACE('',#4906,1.6256);
#4906 = AXIS2_PLACEMENT_3D('',#4907,#4908,#4909);
#4907 = CARTESIAN_POINT('',(7.5057,1.388E-14,62.4967));
#4908 = DIRECTION('',(0.,1.,-2.2E-16));
#4909 = DIRECTION('',(1.,0.,0.));
#4910 = ADVANCED_FACE('',(#4911),#4927,.T.);
#4911 = FACE_BOUND('',#4912,.T.);
#4912 = EDGE_LOOP('',(#4913,#4914,#4920,#4921));
#4913 = ORIENTED_EDGE('',*,*,#2586,.F.);
#4914 = ORIENTED_EDGE('',*,*,#4915,.T.);
#4915 = EDGE_CURVE('',#2587,#1265,#4916,.T.);
#4916 = LINE('',#4917,#4918);
#4917 = CARTESIAN_POINT('',(160.1724,-3.175,25.4));
#4918 = VECTOR('',#4919,1.);
#4919 = DIRECTION('',(0.,1.,-2.2E-16));
#4920 = ORIENTED_EDGE('',*,*,#1262,.F.);
#4921 = ORIENTED_EDGE('',*,*,#4922,.F.);
#4922 = EDGE_CURVE('',#2589,#1263,#4923,.T.);
#4923 = LINE('',#4924,#4925);
#4924 = CARTESIAN_POINT('',(165.2524,-3.175,25.4));
#4925 = VECTOR('',#4926,1.);
#4926 = DIRECTION('',(0.,1.,-2.2E-16));
#4927 = PLANE('',#4928);
#4928 = AXIS2_PLACEMENT_3D('',#4929,#4930,#4931);
#4929 = CARTESIAN_POINT('',(160.1724,-3.175,25.4));
#4930 = DIRECTION('',(0.,-2.2E-16,-1.));
#4931 = DIRECTION('',(1.,0.,0.));
#4932 = ADVANCED_FACE('',(#4933),#4944,.F.);
#4933 = FACE_BOUND('',#4934,.F.);
#4934 = EDGE_LOOP('',(#4935,#4936,#4942,#4943));
#4935 = ORIENTED_EDGE('',*,*,#2613,.F.);
#4936 = ORIENTED_EDGE('',*,*,#4937,.T.);
#4937 = EDGE_CURVE('',#2606,#1282,#4938,.T.);
#4938 = LINE('',#4939,#4940);
#4939 = CARTESIAN_POINT('',(165.2524,-3.175,19.05));
#4940 = VECTOR('',#4941,1.);
#4941 = DIRECTION('',(0.,1.,-2.2E-16));
#4942 = ORIENTED_EDGE('',*,*,#1289,.T.);
#4943 = ORIENTED_EDGE('',*,*,#4922,.F.);
#4944 = CYLINDRICAL_SURFACE('',#4945,3.175);
#4945 = AXIS2_PLACEMENT_3D('',#4946,#4947,#4948);
#4946 = CARTESIAN_POINT('',(165.2524,-3.175,22.225));
#4947 = DIRECTION('',(0.,-1.,2.2E-16));
#4948 = DIRECTION('',(1.,0.,0.));
#4949 = ADVANCED_FACE('',(#4950),#4961,.F.);
#4950 = FACE_BOUND('',#4951,.F.);
#4951 = EDGE_LOOP('',(#4952,#4953,#4954,#4955));
#4952 = ORIENTED_EDGE('',*,*,#2596,.F.);
#4953 = ORIENTED_EDGE('',*,*,#4915,.T.);
#4954 = ORIENTED_EDGE('',*,*,#1272,.T.);
#4955 = ORIENTED_EDGE('',*,*,#4956,.F.);
#4956 = EDGE_CURVE('',#2597,#1273,#4957,.T.);
#4957 = LINE('',#4958,#4959);
#4958 = CARTESIAN_POINT('',(160.1724,-3.175,19.05));
#4959 = VECTOR('',#4960,1.);
#4960 = DIRECTION('',(0.,1.,-2.2E-16));
#4961 = CYLINDRICAL_SURFACE('',#4962,3.175);
#4962 = AXIS2_PLACEMENT_3D('',#4963,#4964,#4965);
#4963 = CARTESIAN_POINT('',(160.1724,-3.175,22.225));
#4964 = DIRECTION('',(0.,-1.,2.2E-16));
#4965 = DIRECTION('',(1.,0.,0.));
#4966 = ADVANCED_FACE('',(#4967),#4973,.F.);
#4967 = FACE_BOUND('',#4968,.F.);
#4968 = EDGE_LOOP('',(#4969,#4970,#4971,#4972));
#4969 = ORIENTED_EDGE('',*,*,#2605,.F.);
#4970 = ORIENTED_EDGE('',*,*,#4956,.T.);
#4971 = ORIENTED_EDGE('',*,*,#1281,.F.);
#4972 = ORIENTED_EDGE('',*,*,#4937,.F.);
#4973 = PLANE('',#4974);
#4974 = AXIS2_PLACEMENT_3D('',#4975,#4976,#4977);
#4975 = CARTESIAN_POINT('',(160.1724,-3.175,19.05));
#4976 = DIRECTION('',(0.,-2.2E-16,-1.));
#4977 = DIRECTION('',(1.,0.,0.));
#4978 = ADVANCED_FACE('',(#4979),#4990,.F.);
#4979 = FACE_BOUND('',#4980,.T.);
#4980 = EDGE_LOOP('',(#4981,#4987,#4988,#4989));
#4981 = ORIENTED_EDGE('',*,*,#4982,.T.);
#4982 = EDGE_CURVE('',#1299,#2623,#4983,.T.);
#4983 = LINE('',#4984,#4985);
#4984 = CARTESIAN_POINT('',(134.1247,1.388E-14,62.4967));
#4985 = VECTOR('',#4986,1.);
#4986 = DIRECTION('',(0.,-1.,2.2E-16));
#4987 = ORIENTED_EDGE('',*,*,#2622,.T.);
#4988 = ORIENTED_EDGE('',*,*,#4982,.F.);
#4989 = ORIENTED_EDGE('',*,*,#1298,.F.);
#4990 = CYLINDRICAL_SURFACE('',#4991,1.6256);
#4991 = AXIS2_PLACEMENT_3D('',#4992,#4993,#4994);
#4992 = CARTESIAN_POINT('',(132.4991,1.388E-14,62.4967));
#4993 = DIRECTION('',(0.,1.,-2.2E-16));
#4994 = DIRECTION('',(1.,0.,0.));
#4995 = ADVANCED_FACE('',(#4996),#5012,.T.);
#4996 = FACE_BOUND('',#4997,.T.);
#4997 = EDGE_LOOP('',(#4998,#4999,#5005,#5006));
#4998 = ORIENTED_EDGE('',*,*,#2633,.F.);
#4999 = ORIENTED_EDGE('',*,*,#5000,.T.);
#5000 = EDGE_CURVE('',#2634,#1312,#5001,.T.);
#5001 = LINE('',#5002,#5003);
#5002 = CARTESIAN_POINT('',(160.1724,-3.175,69.85));
#5003 = VECTOR('',#5004,1.);
#5004 = DIRECTION('',(0.,1.,-2.2E-16));
#5005 = ORIENTED_EDGE('',*,*,#1309,.F.);
#5006 = ORIENTED_EDGE('',*,*,#5007,.F.);
#5007 = EDGE_CURVE('',#2636,#1310,#5008,.T.);
#5008 = LINE('',#5009,#5010);
#5009 = CARTESIAN_POINT('',(165.2524,-3.175,69.85));
#5010 = VECTOR('',#5011,1.);
#5011 = DIRECTION('',(0.,1.,-2.2E-16));
#5012 = PLANE('',#5013);
#5013 = AXIS2_PLACEMENT_3D('',#5014,#5015,#5016);
#5014 = CARTESIAN_POINT('',(160.1724,-3.175,69.85));
#5015 = DIRECTION('',(0.,-2.2E-16,-1.));
#5016 = DIRECTION('',(1.,0.,0.));
#5017 = ADVANCED_FACE('',(#5018),#5029,.F.);
#5018 = FACE_BOUND('',#5019,.F.);
#5019 = EDGE_LOOP('',(#5020,#5021,#5027,#5028));
#5020 = ORIENTED_EDGE('',*,*,#2660,.F.);
#5021 = ORIENTED_EDGE('',*,*,#5022,.T.);
#5022 = EDGE_CURVE('',#2653,#1329,#5023,.T.);
#5023 = LINE('',#5024,#5025);
#5024 = CARTESIAN_POINT('',(165.2524,-3.175,63.5));
#5025 = VECTOR('',#5026,1.);
#5026 = DIRECTION('',(0.,1.,-2.2E-16));
#5027 = ORIENTED_EDGE('',*,*,#1336,.T.);
#5028 = ORIENTED_EDGE('',*,*,#5007,.F.);
#5029 = CYLINDRICAL_SURFACE('',#5030,3.175);
#5030 = AXIS2_PLACEMENT_3D('',#5031,#5032,#5033);
#5031 = CARTESIAN_POINT('',(165.2524,-3.175,66.675));
#5032 = DIRECTION('',(0.,-1.,2.2E-16));
#5033 = DIRECTION('',(1.,0.,0.));
#5034 = ADVANCED_FACE('',(#5035),#5046,.F.);
#5035 = FACE_BOUND('',#5036,.F.);
#5036 = EDGE_LOOP('',(#5037,#5038,#5039,#5040));
#5037 = ORIENTED_EDGE('',*,*,#2643,.F.);
#5038 = ORIENTED_EDGE('',*,*,#5000,.T.);
#5039 = ORIENTED_EDGE('',*,*,#1319,.T.);
#5040 = ORIENTED_EDGE('',*,*,#5041,.F.);
#5041 = EDGE_CURVE('',#2644,#1320,#5042,.T.);
#5042 = LINE('',#5043,#5044);
#5043 = CARTESIAN_POINT('',(160.1724,-3.175,63.5));
#5044 = VECTOR('',#5045,1.);
#5045 = DIRECTION('',(0.,1.,-2.2E-16));
#5046 = CYLINDRICAL_SURFACE('',#5047,3.175);
#5047 = AXIS2_PLACEMENT_3D('',#5048,#5049,#5050);
#5048 = CARTESIAN_POINT('',(160.1724,-3.175,66.675));
#5049 = DIRECTION('',(0.,-1.,2.2E-16));
#5050 = DIRECTION('',(1.,0.,0.));
#5051 = ADVANCED_FACE('',(#5052),#5058,.F.);
#5052 = FACE_BOUND('',#5053,.F.);
#5053 = EDGE_LOOP('',(#5054,#5055,#5056,#5057));
#5054 = ORIENTED_EDGE('',*,*,#2652,.F.);
#5055 = ORIENTED_EDGE('',*,*,#5041,.T.);
#5056 = ORIENTED_EDGE('',*,*,#1328,.F.);
#5057 = ORIENTED_EDGE('',*,*,#5022,.F.);
#5058 = PLANE('',#5059);
#5059 = AXIS2_PLACEMENT_3D('',#5060,#5061,#5062);
#5060 = CARTESIAN_POINT('',(160.1724,-3.175,63.5));
#5061 = DIRECTION('',(0.,-2.2E-16,-1.));
#5062 = DIRECTION('',(1.,0.,0.));
#5063 = ( GEOMETRIC_REPRESENTATION_CONTEXT(3) 
GLOBAL_UNCERTAINTY_ASSIGNED_CONTEXT((#5067)) 
GLOBAL_UNIT_ASSIGNED_CONTEXT((#5064,#5065,#5066)) REPRESENTATION_CONTEXT
('Context #1','3D Context with UNIT and UNCERTAINTY') );
#5064 = ( LENGTH_UNIT() NAMED_UNIT(*) SI_UNIT(.MILLI.,.METRE.) );
#5065 = ( NAMED_UNIT(*) PLANE_ANGLE_UNIT() SI_UNIT($,.RADIAN.) );
#5066 = ( NAMED_UNIT(*) SI_UNIT($,.STERADIAN.) SOLID_ANGLE_UNIT() );
#5067 = UNCERTAINTY_MEASURE_WITH_UNIT(LENGTH_MEASURE(1.E-04),#5064,
  'distance_accuracy_value','confusion accuracy');
#5068 = PRODUCT_RELATED_PRODUCT_CATEGORY('part',$,(#7));
#5069 = MECHANICAL_DESIGN_GEOMETRIC_PRESENTATION_REPRESENTATION('',(
    #5070),#5063);
#5070 = STYLED_ITEM('color',(#5071),#15);
#5071 = PRESENTATION_STYLE_ASSIGNMENT((#5072,#5080));
#5072 = SURFACE_STYLE_USAGE(.BOTH.,#5073);
#5073 = SURFACE_SIDE_STYLE('',(#5074,#5078));
#5074 = SURFACE_STYLE_FILL_AREA(#5075);
#5075 = FILL_AREA_STYLE('',(#5076));
#5076 = FILL_AREA_STYLE_COLOUR('',#5077);
#5077 = COLOUR_RGB('',0.447058818107,0.474509808674,0.501960817233);
#5078 = SURFACE_STYLE_RENDERING_WITH_PROPERTIES(.NORMAL_SHADING.,#5077,(
    #5079));
#5079 = SURFACE_STYLE_TRANSPARENT(0.699999988079);
#5080 = CURVE_STYLE('',#5081,POSITIVE_LENGTH_MEASURE(0.1),#5082);
#5081 = DRAUGHTING_PRE_DEFINED_CURVE_FONT('continuous');
#5082 = COLOUR_RGB('',9.803921802644E-02,9.803921802644E-02,
  9.803921802644E-02);
ENDSEC;
END-ISO-10303-21;
