ISO-10303-21;
HEADER;
FILE_DESCRIPTION(('KiCad electronic assembly'),'2;1');
FILE_NAME('LightPanel.step','2026-08-04T14:00:09',('Pcbnew'),('Kicad'),
  'Open CASCADE STEP processor 7.9','KiCad to STEP converter','Unknown'
  );
FILE_SCHEMA(('AUTOMOTIVE_DESIGN { 1 0 10303 214 1 1 1 1 }'));
ENDSEC;
DATA;
#1 = APPLICATION_PROTOCOL_DEFINITION('international standard',
  'automotive_design',2000,#2);
#2 = APPLICATION_CONTEXT(
  'core data for automotive mechanical design processes');
#3 = SHAPE_DEFINITION_REPRESENTATION(#4,#10);
#4 = PRODUCT_DEFINITION_SHAPE('','',#5);
#5 = PRODUCT_DEFINITION('design','',#6,#9);
#6 = PRODUCT_DEFINITION_FORMATION('','',#7);
#7 = PRODUCT('LightPanel 1','LightPanel 1','',(#8));
#8 = PRODUCT_CONTEXT('',#2,'mechanical');
#9 = PRODUCT_DEFINITION_CONTEXT('part definition',#2,'design');
#10 = SHAPE_REPRESENTATION('',(#11,#15,#19,#23,#27,#31,#35,#39,#43,#47,
    #51,#55,#59,#63,#67,#71,#75,#79,#83,#87),#91);
#11 = AXIS2_PLACEMENT_3D('',#12,#13,#14);
#12 = CARTESIAN_POINT('',(0.,0.,0.));
#13 = DIRECTION('',(0.,0.,1.));
#14 = DIRECTION('',(1.,0.,-0.));
#15 = AXIS2_PLACEMENT_3D('',#16,#17,#18);
#16 = CARTESIAN_POINT('',(129.63,-53.34,1.595));
#17 = DIRECTION('',(0.,0.,1.));
#18 = DIRECTION('',(-1.,1.224646799147E-16,0.));
#19 = AXIS2_PLACEMENT_3D('',#20,#21,#22);
#20 = CARTESIAN_POINT('',(167.64,-104.14,1.595));
#21 = DIRECTION('',(0.,0.,1.));
#22 = DIRECTION('',(-1.,1.224646799147E-16,0.));
#23 = AXIS2_PLACEMENT_3D('',#24,#25,#26);
#24 = CARTESIAN_POINT('',(116.75,-78.74,1.595));
#25 = DIRECTION('',(0.,0.,1.));
#26 = DIRECTION('',(-1.,1.224646799147E-16,0.));
#27 = AXIS2_PLACEMENT_3D('',#28,#29,#30);
#28 = CARTESIAN_POINT('',(167.64,-129.54,1.595));
#29 = DIRECTION('',(0.,0.,1.));
#30 = DIRECTION('',(-1.,1.224646799147E-16,0.));
#31 = AXIS2_PLACEMENT_3D('',#32,#33,#34);
#32 = CARTESIAN_POINT('',(129.54,-129.54,1.595));
#33 = DIRECTION('',(0.,0.,1.));
#34 = DIRECTION('',(-1.,1.224646799147E-16,0.));
#35 = AXIS2_PLACEMENT_3D('',#36,#37,#38);
#36 = CARTESIAN_POINT('',(154.94,-53.34,1.595));
#37 = DIRECTION('',(0.,0.,1.));
#38 = DIRECTION('',(-1.,1.224646799147E-16,0.));
#39 = AXIS2_PLACEMENT_3D('',#40,#41,#42);
#40 = CARTESIAN_POINT('',(129.54,-78.74,1.595));
#41 = DIRECTION('',(0.,0.,1.));
#42 = DIRECTION('',(-1.,1.224646799147E-16,0.));
#43 = AXIS2_PLACEMENT_3D('',#44,#45,#46);
#44 = CARTESIAN_POINT('',(154.94,-104.14,1.595));
#45 = DIRECTION('',(0.,0.,1.));
#46 = DIRECTION('',(-1.,1.224646799147E-16,0.));
#47 = AXIS2_PLACEMENT_3D('',#48,#49,#50);
#48 = CARTESIAN_POINT('',(116.84,-129.54,1.595));
#49 = DIRECTION('',(0.,0.,1.));
#50 = DIRECTION('',(-1.,1.224646799147E-16,0.));
#51 = AXIS2_PLACEMENT_3D('',#52,#53,#54);
#52 = CARTESIAN_POINT('',(116.84,-53.34,1.595));
#53 = DIRECTION('',(0.,0.,1.));
#54 = DIRECTION('',(-1.,1.224646799147E-16,0.));
#55 = AXIS2_PLACEMENT_3D('',#56,#57,#58);
#56 = CARTESIAN_POINT('',(142.34,-91.34,1.595));
#57 = DIRECTION('',(2.449293598295E-16,1.,1.110223024625E-16));
#58 = DIRECTION('',(1.,-2.449293598295E-16,0.));
#59 = AXIS2_PLACEMENT_3D('',#60,#61,#62);
#60 = CARTESIAN_POINT('',(116.84,-104.14,1.595));
#61 = DIRECTION('',(0.,0.,1.));
#62 = DIRECTION('',(-1.,1.224646799147E-16,0.));
#63 = AXIS2_PLACEMENT_3D('',#64,#65,#66);
#64 = CARTESIAN_POINT('',(154.94,-129.54,1.595));
#65 = DIRECTION('',(0.,0.,1.));
#66 = DIRECTION('',(-1.,1.224646799147E-16,0.));
#67 = AXIS2_PLACEMENT_3D('',#68,#69,#70);
#68 = CARTESIAN_POINT('',(167.64,-53.34,1.595));
#69 = DIRECTION('',(0.,0.,1.));
#70 = DIRECTION('',(-1.,1.224646799147E-16,0.));
#71 = AXIS2_PLACEMENT_3D('',#72,#73,#74);
#72 = CARTESIAN_POINT('',(129.54,-104.14,1.595));
#73 = DIRECTION('',(0.,0.,1.));
#74 = DIRECTION('',(-1.,1.224646799147E-16,0.));
#75 = AXIS2_PLACEMENT_3D('',#76,#77,#78);
#76 = CARTESIAN_POINT('',(167.64,-78.74,1.595));
#77 = DIRECTION('',(0.,0.,1.));
#78 = DIRECTION('',(-1.,1.224646799147E-16,0.));
#79 = AXIS2_PLACEMENT_3D('',#80,#81,#82);
#80 = CARTESIAN_POINT('',(154.94,-78.74,1.595));
#81 = DIRECTION('',(0.,0.,1.));
#82 = DIRECTION('',(-1.,1.224646799147E-16,0.));
#83 = AXIS2_PLACEMENT_3D('',#84,#85,#86);
#84 = CARTESIAN_POINT('',(146.05,-49.005,-8.5E-02));
#85 = DIRECTION('',(1.224646799147E-16,-1.359631073447E-32,-1.));
#86 = DIRECTION('',(1.110223024625E-16,1.,0.));
#87 = AXIS2_PLACEMENT_3D('',#88,#89,#90);
#88 = CARTESIAN_POINT('',(0.,0.,0.));
#89 = DIRECTION('',(0.,0.,1.));
#90 = DIRECTION('',(1.,0.,-0.));
#91 = ( GEOMETRIC_REPRESENTATION_CONTEXT(3) 
GLOBAL_UNCERTAINTY_ASSIGNED_CONTEXT((#95)) GLOBAL_UNIT_ASSIGNED_CONTEXT(
(#92,#93,#94)) REPRESENTATION_CONTEXT('Context #1',
  '3D Context with UNIT and UNCERTAINTY') );
#92 = ( LENGTH_UNIT() NAMED_UNIT(*) SI_UNIT(.MILLI.,.METRE.) );
#93 = ( NAMED_UNIT(*) PLANE_ANGLE_UNIT() SI_UNIT($,.RADIAN.) );
#94 = ( NAMED_UNIT(*) SI_UNIT($,.STERADIAN.) SOLID_ANGLE_UNIT() );
#95 = UNCERTAINTY_MEASURE_WITH_UNIT(LENGTH_MEASURE(1.E-07),#92,
  'distance_accuracy_value','confusion accuracy');
#96 = PRODUCT_RELATED_PRODUCT_CATEGORY('part',$,(#7));
#97 = SHAPE_DEFINITION_REPRESENTATION(#98,#104);
#98 = PRODUCT_DEFINITION_SHAPE('','',#99);
#99 = PRODUCT_DEFINITION('design','',#100,#103);
#100 = PRODUCT_DEFINITION_FORMATION('','',#101);
#101 = PRODUCT('LED_WS2812B_PLCC4_5.0x5.0mm_P3.2mm',
  'LED_WS2812B_PLCC4_5.0x5.0mm_P3.2mm','',(#102));
#102 = PRODUCT_CONTEXT('',#2,'mechanical');
#103 = PRODUCT_DEFINITION_CONTEXT('part definition',#2,'design');
#104 = SHAPE_REPRESENTATION('',(#11,#105),#109);
#105 = AXIS2_PLACEMENT_3D('',#106,#107,#108);
#106 = CARTESIAN_POINT('',(0.,0.,0.));
#107 = DIRECTION('',(0.,0.,1.));
#108 = DIRECTION('',(1.,0.,-0.));
#109 = ( GEOMETRIC_REPRESENTATION_CONTEXT(3) 
GLOBAL_UNCERTAINTY_ASSIGNED_CONTEXT((#113)) GLOBAL_UNIT_ASSIGNED_CONTEXT
((#110,#111,#112)) REPRESENTATION_CONTEXT('Context #1',
  '3D Context with UNIT and UNCERTAINTY') );
#110 = ( LENGTH_UNIT() NAMED_UNIT(*) SI_UNIT(.MILLI.,.METRE.) );
#111 = ( NAMED_UNIT(*) PLANE_ANGLE_UNIT() SI_UNIT($,.RADIAN.) );
#112 = ( NAMED_UNIT(*) SI_UNIT($,.STERADIAN.) SOLID_ANGLE_UNIT() );
#113 = UNCERTAINTY_MEASURE_WITH_UNIT(LENGTH_MEASURE(1.E-07),#110,
  'distance_accuracy_value','confusion accuracy');
#114 = CONTEXT_DEPENDENT_SHAPE_REPRESENTATION(#115,#117);
#115 = ( REPRESENTATION_RELATIONSHIP('','',#104,#10) 
REPRESENTATION_RELATIONSHIP_WITH_TRANSFORMATION(#116) 
SHAPE_REPRESENTATION_RELATIONSHIP() );
#116 = ITEM_DEFINED_TRANSFORMATION('','',#11,#15);
#117 = PRODUCT_DEFINITION_SHAPE('Placement','Placement of an item',#118
  );
#118 = NEXT_ASSEMBLY_USAGE_OCCURRENCE('2','D2','',#5,#99,$);
#119 = PRODUCT_RELATED_PRODUCT_CATEGORY('part',$,(#101));
#120 = SHAPE_DEFINITION_REPRESENTATION(#121,#127);
#121 = PRODUCT_DEFINITION_SHAPE('','',#122);
#122 = PRODUCT_DEFINITION('design','',#123,#126);
#123 = PRODUCT_DEFINITION_FORMATION('','',#124);
#124 = PRODUCT('LED_WS2812B_PLCC4_50x50mm_P32mm',
  'LED_WS2812B_PLCC4_50x50mm_P32mm','',(#125));
#125 = PRODUCT_CONTEXT('',#2,'mechanical');
#126 = PRODUCT_DEFINITION_CONTEXT('part definition',#2,'design');
#127 = ADVANCED_BREP_SHAPE_REPRESENTATION('',(#11,#128),#2395);
#128 = MANIFOLD_SOLID_BREP('',#129);
#129 = CLOSED_SHELL('',(#130,#189,#214,#247,#272,#297,#322,#339,#364,
    #395,#435,#566,#690,#707,#716,#727,#895,#926,#957,#988,#1073,#1097,
    #1175,#1206,#1291,#1315,#1393,#1424,#1455,#1486,#1571,#1595,#1673,
    #1704,#1789,#1813,#1891,#1908,#1925,#1942,#1959,#1976,#1993,#2010,
    #2032,#2044,#2056,#2073,#2085,#2102,#2124,#2136,#2153,#2165,#2177,
    #2194,#2211,#2228,#2250,#2262,#2279,#2291,#2303,#2320,#2342,#2354,
    #2371,#2383));
#130 = ADVANCED_FACE('',(#131,#142),#184,.T.);
#131 = FACE_BOUND('',#132,.T.);
#132 = EDGE_LOOP('',(#133));
#133 = ORIENTED_EDGE('',*,*,#134,.T.);
#134 = EDGE_CURVE('',#135,#135,#137,.T.);
#135 = VERTEX_POINT('',#136);
#136 = CARTESIAN_POINT('',(-1.966666666667,2.408472038323E-16,1.6));
#137 = CIRCLE('',#138,1.966666666667);
#138 = AXIS2_PLACEMENT_3D('',#139,#140,#141);
#139 = CARTESIAN_POINT('',(0.,0.,1.6));
#140 = DIRECTION('',(0.,0.,-1.));
#141 = DIRECTION('',(-1.,1.224646799147E-16,0.));
#142 = FACE_BOUND('',#143,.T.);
#143 = EDGE_LOOP('',(#144,#154,#162,#170,#178));
#144 = ORIENTED_EDGE('',*,*,#145,.T.);
#145 = EDGE_CURVE('',#146,#148,#150,.T.);
#146 = VERTEX_POINT('',#147);
#147 = CARTESIAN_POINT('',(1.433400076889,-2.425,1.6));
#148 = VERTEX_POINT('',#149);
#149 = CARTESIAN_POINT('',(2.425,-1.433400076889,1.6));
#150 = LINE('',#151,#152);
#151 = CARTESIAN_POINT('',(1.411433085478,-2.446966991411,1.6));
#152 = VECTOR('',#153,1.);
#153 = DIRECTION('',(0.707106781187,0.707106781187,0.));
#154 = ORIENTED_EDGE('',*,*,#155,.T.);
#155 = EDGE_CURVE('',#148,#156,#158,.T.);
#156 = VERTEX_POINT('',#157);
#157 = CARTESIAN_POINT('',(2.425,2.425,1.6));
#158 = LINE('',#159,#160);
#159 = CARTESIAN_POINT('',(2.425,-1.464466094067,1.6));
#160 = VECTOR('',#161,1.);
#161 = DIRECTION('',(1.224646799147E-16,1.,0.));
#162 = ORIENTED_EDGE('',*,*,#163,.T.);
#163 = EDGE_CURVE('',#156,#164,#166,.T.);
#164 = VERTEX_POINT('',#165);
#165 = CARTESIAN_POINT('',(-2.425,2.425,1.6));
#166 = LINE('',#167,#168);
#167 = CARTESIAN_POINT('',(2.5,2.425,1.6));
#168 = VECTOR('',#169,1.);
#169 = DIRECTION('',(-1.,1.224646799147E-16,0.));
#170 = ORIENTED_EDGE('',*,*,#171,.T.);
#171 = EDGE_CURVE('',#164,#172,#174,.T.);
#172 = VERTEX_POINT('',#173);
#173 = CARTESIAN_POINT('',(-2.425,-2.425,1.6));
#174 = LINE('',#175,#176);
#175 = CARTESIAN_POINT('',(-2.425,2.5,1.6));
#176 = VECTOR('',#177,1.);
#177 = DIRECTION('',(-1.224646799147E-16,-1.,0.));
#178 = ORIENTED_EDGE('',*,*,#179,.T.);
#179 = EDGE_CURVE('',#172,#146,#180,.T.);
#180 = LINE('',#181,#182);
#181 = CARTESIAN_POINT('',(-2.5,-2.425,1.6));
#182 = VECTOR('',#183,1.);
#183 = DIRECTION('',(1.,-1.224646799147E-16,0.));
#184 = PLANE('',#185);
#185 = AXIS2_PLACEMENT_3D('',#186,#187,#188);
#186 = CARTESIAN_POINT('',(0.,0.,1.6));
#187 = DIRECTION('',(0.,0.,1.));
#188 = DIRECTION('',(-1.,1.224646799147E-16,0.));
#189 = ADVANCED_FACE('',(#190),#209,.F.);
#190 = FACE_BOUND('',#191,.F.);
#191 = EDGE_LOOP('',(#192,#200,#201,#202));
#192 = ORIENTED_EDGE('',*,*,#193,.F.);
#193 = EDGE_CURVE('',#135,#194,#196,.T.);
#194 = VERTEX_POINT('',#195);
#195 = CARTESIAN_POINT('',(-1.666666666667,2.041077998579E-16,1.3));
#196 = LINE('',#197,#198);
#197 = CARTESIAN_POINT('',(-1.666666666667,2.041077998579E-16,1.3));
#198 = VECTOR('',#199,1.);
#199 = DIRECTION('',(0.707106781187,-8.659560562349E-17,-0.707106781187)
  );
#200 = ORIENTED_EDGE('',*,*,#134,.T.);
#201 = ORIENTED_EDGE('',*,*,#193,.T.);
#202 = ORIENTED_EDGE('',*,*,#203,.F.);
#203 = EDGE_CURVE('',#194,#194,#204,.T.);
#204 = CIRCLE('',#205,1.666666666667);
#205 = AXIS2_PLACEMENT_3D('',#206,#207,#208);
#206 = CARTESIAN_POINT('',(0.,0.,1.3));
#207 = DIRECTION('',(0.,0.,-1.));
#208 = DIRECTION('',(-1.,1.224646799147E-16,0.));
#209 = CONICAL_SURFACE('',#210,1.666666666667,0.785398163397);
#210 = AXIS2_PLACEMENT_3D('',#211,#212,#213);
#211 = CARTESIAN_POINT('',(0.,0.,1.3));
#212 = DIRECTION('',(0.,0.,1.));
#213 = DIRECTION('',(-1.,1.224646799147E-16,0.));
#214 = ADVANCED_FACE('',(#215),#242,.T.);
#215 = FACE_BOUND('',#216,.T.);
#216 = EDGE_LOOP('',(#217,#226,#234,#241));
#217 = ORIENTED_EDGE('',*,*,#218,.T.);
#218 = EDGE_CURVE('',#146,#219,#221,.T.);
#219 = VERTEX_POINT('',#220);
#220 = CARTESIAN_POINT('',(1.464466094067,-2.5,1.525));
#221 = ELLIPSE('',#222,8.117941502193E-02,7.5E-02);
#222 = AXIS2_PLACEMENT_3D('',#223,#224,#225);
#223 = CARTESIAN_POINT('',(1.433400076889,-2.425,1.525));
#224 = DIRECTION('',(0.923879532511,0.382683432365,-0.));
#225 = DIRECTION('',(-0.382683432365,0.923879532511,0.));
#226 = ORIENTED_EDGE('',*,*,#227,.T.);
#227 = EDGE_CURVE('',#219,#228,#230,.T.);
#228 = VERTEX_POINT('',#229);
#229 = CARTESIAN_POINT('',(2.5,-1.464466094067,1.525));
#230 = LINE('',#231,#232);
#231 = CARTESIAN_POINT('',(1.464466094067,-2.5,1.525));
#232 = VECTOR('',#233,1.);
#233 = DIRECTION('',(0.707106781187,0.707106781187,0.));
#234 = ORIENTED_EDGE('',*,*,#235,.F.);
#235 = EDGE_CURVE('',#148,#228,#236,.T.);
#236 = ELLIPSE('',#237,8.117941502193E-02,7.5E-02);
#237 = AXIS2_PLACEMENT_3D('',#238,#239,#240);
#238 = CARTESIAN_POINT('',(2.425,-1.433400076889,1.525));
#239 = DIRECTION('',(0.382683432365,0.923879532511,0.));
#240 = DIRECTION('',(0.923879532511,-0.382683432365,0.));
#241 = ORIENTED_EDGE('',*,*,#145,.F.);
#242 = CYLINDRICAL_SURFACE('',#243,7.5E-02);
#243 = AXIS2_PLACEMENT_3D('',#244,#245,#246);
#244 = CARTESIAN_POINT('',(1.411433085478,-2.446966991411,1.525));
#245 = DIRECTION('',(0.707106781187,0.707106781187,0.));
#246 = DIRECTION('',(0.,-0.,1.));
#247 = ADVANCED_FACE('',(#248),#267,.T.);
#248 = FACE_BOUND('',#249,.T.);
#249 = EDGE_LOOP('',(#250,#259,#265,#266));
#250 = ORIENTED_EDGE('',*,*,#251,.F.);
#251 = EDGE_CURVE('',#252,#172,#254,.T.);
#252 = VERTEX_POINT('',#253);
#253 = CARTESIAN_POINT('',(-2.5,-2.5,1.525));
#254 = ELLIPSE('',#255,0.106066017178,7.5E-02);
#255 = AXIS2_PLACEMENT_3D('',#256,#257,#258);
#256 = CARTESIAN_POINT('',(-2.425,-2.425,1.525));
#257 = DIRECTION('',(-0.707106781187,0.707106781187,0.));
#258 = DIRECTION('',(-0.707106781187,-0.707106781187,0.));
#259 = ORIENTED_EDGE('',*,*,#260,.T.);
#260 = EDGE_CURVE('',#252,#219,#261,.T.);
#261 = LINE('',#262,#263);
#262 = CARTESIAN_POINT('',(-2.5,-2.5,1.525));
#263 = VECTOR('',#264,1.);
#264 = DIRECTION('',(1.,-1.224646799147E-16,0.));
#265 = ORIENTED_EDGE('',*,*,#218,.F.);
#266 = ORIENTED_EDGE('',*,*,#179,.F.);
#267 = CYLINDRICAL_SURFACE('',#268,7.5E-02);
#268 = AXIS2_PLACEMENT_3D('',#269,#270,#271);
#269 = CARTESIAN_POINT('',(-2.5,-2.425,1.525));
#270 = DIRECTION('',(1.,-1.224646799147E-16,0.));
#271 = DIRECTION('',(0.,0.,1.));
#272 = ADVANCED_FACE('',(#273),#292,.T.);
#273 = FACE_BOUND('',#274,.T.);
#274 = EDGE_LOOP('',(#275,#283,#290,#291));
#275 = ORIENTED_EDGE('',*,*,#276,.T.);
#276 = EDGE_CURVE('',#228,#277,#279,.T.);
#277 = VERTEX_POINT('',#278);
#278 = CARTESIAN_POINT('',(2.5,2.5,1.525));
#279 = LINE('',#280,#281);
#280 = CARTESIAN_POINT('',(2.5,-1.464466094067,1.525));
#281 = VECTOR('',#282,1.);
#282 = DIRECTION('',(1.224646799147E-16,1.,0.));
#283 = ORIENTED_EDGE('',*,*,#284,.T.);
#284 = EDGE_CURVE('',#277,#156,#285,.T.);
#285 = ELLIPSE('',#286,0.106066017178,7.5E-02);
#286 = AXIS2_PLACEMENT_3D('',#287,#288,#289);
#287 = CARTESIAN_POINT('',(2.425,2.425,1.525));
#288 = DIRECTION('',(0.707106781187,-0.707106781187,-0.));
#289 = DIRECTION('',(-0.707106781187,-0.707106781187,0.));
#290 = ORIENTED_EDGE('',*,*,#155,.F.);
#291 = ORIENTED_EDGE('',*,*,#235,.T.);
#292 = CYLINDRICAL_SURFACE('',#293,7.5E-02);
#293 = AXIS2_PLACEMENT_3D('',#294,#295,#296);
#294 = CARTESIAN_POINT('',(2.425,-1.464466094067,1.525));
#295 = DIRECTION('',(1.224646799147E-16,1.,0.));
#296 = DIRECTION('',(1.,-1.224646799147E-16,0.));
#297 = ADVANCED_FACE('',(#298),#317,.T.);
#298 = FACE_BOUND('',#299,.T.);
#299 = EDGE_LOOP('',(#300,#308,#309,#310));
#300 = ORIENTED_EDGE('',*,*,#301,.T.);
#301 = EDGE_CURVE('',#302,#252,#304,.T.);
#302 = VERTEX_POINT('',#303);
#303 = CARTESIAN_POINT('',(-2.5,2.5,1.525));
#304 = LINE('',#305,#306);
#305 = CARTESIAN_POINT('',(-2.5,2.5,1.525));
#306 = VECTOR('',#307,1.);
#307 = DIRECTION('',(-1.224646799147E-16,-1.,0.));
#308 = ORIENTED_EDGE('',*,*,#251,.T.);
#309 = ORIENTED_EDGE('',*,*,#171,.F.);
#310 = ORIENTED_EDGE('',*,*,#311,.F.);
#311 = EDGE_CURVE('',#302,#164,#312,.T.);
#312 = ELLIPSE('',#313,0.106066017178,7.5E-02);
#313 = AXIS2_PLACEMENT_3D('',#314,#315,#316);
#314 = CARTESIAN_POINT('',(-2.425,2.425,1.525));
#315 = DIRECTION('',(0.707106781187,0.707106781187,-0.));
#316 = DIRECTION('',(-0.707106781187,0.707106781187,0.));
#317 = CYLINDRICAL_SURFACE('',#318,7.5E-02);
#318 = AXIS2_PLACEMENT_3D('',#319,#320,#321);
#319 = CARTESIAN_POINT('',(-2.425,2.5,1.525));
#320 = DIRECTION('',(-1.224646799147E-16,-1.,0.));
#321 = DIRECTION('',(-1.,1.224646799147E-16,0.));
#322 = ADVANCED_FACE('',(#323),#334,.T.);
#323 = FACE_BOUND('',#324,.T.);
#324 = EDGE_LOOP('',(#325,#331,#332,#333));
#325 = ORIENTED_EDGE('',*,*,#326,.T.);
#326 = EDGE_CURVE('',#277,#302,#327,.T.);
#327 = LINE('',#328,#329);
#328 = CARTESIAN_POINT('',(2.5,2.5,1.525));
#329 = VECTOR('',#330,1.);
#330 = DIRECTION('',(-1.,1.224646799147E-16,0.));
#331 = ORIENTED_EDGE('',*,*,#311,.T.);
#332 = ORIENTED_EDGE('',*,*,#163,.F.);
#333 = ORIENTED_EDGE('',*,*,#284,.F.);
#334 = CYLINDRICAL_SURFACE('',#335,7.5E-02);
#335 = AXIS2_PLACEMENT_3D('',#336,#337,#338);
#336 = CARTESIAN_POINT('',(2.5,2.425,1.525));
#337 = DIRECTION('',(-1.,1.224646799147E-16,0.));
#338 = DIRECTION('',(1.224646799147E-16,1.,0.));
#339 = ADVANCED_FACE('',(#340),#359,.F.);
#340 = FACE_BOUND('',#341,.F.);
#341 = EDGE_LOOP('',(#342,#350,#351,#352));
#342 = ORIENTED_EDGE('',*,*,#343,.T.);
#343 = EDGE_CURVE('',#344,#194,#346,.T.);
#344 = VERTEX_POINT('',#345);
#345 = CARTESIAN_POINT('',(-1.666666666667,2.041077998579E-16,1.225));
#346 = LINE('',#347,#348);
#347 = CARTESIAN_POINT('',(-1.666666666667,2.041077998579E-16,0.85));
#348 = VECTOR('',#349,1.);
#349 = DIRECTION('',(0.,0.,1.));
#350 = ORIENTED_EDGE('',*,*,#203,.T.);
#351 = ORIENTED_EDGE('',*,*,#343,.F.);
#352 = ORIENTED_EDGE('',*,*,#353,.T.);
#353 = EDGE_CURVE('',#344,#344,#354,.T.);
#354 = CIRCLE('',#355,1.666666666667);
#355 = AXIS2_PLACEMENT_3D('',#356,#357,#358);
#356 = CARTESIAN_POINT('',(0.,0.,1.225));
#357 = DIRECTION('',(0.,0.,1.));
#358 = DIRECTION('',(-1.,1.224646799147E-16,0.));
#359 = CYLINDRICAL_SURFACE('',#360,1.666666666667);
#360 = AXIS2_PLACEMENT_3D('',#361,#362,#363);
#361 = CARTESIAN_POINT('',(0.,0.,0.85));
#362 = DIRECTION('',(0.,0.,-1.));
#363 = DIRECTION('',(-1.,1.224646799147E-16,0.));
#364 = ADVANCED_FACE('',(#365),#390,.T.);
#365 = FACE_BOUND('',#366,.T.);
#366 = EDGE_LOOP('',(#367,#375,#383,#389));
#367 = ORIENTED_EDGE('',*,*,#368,.T.);
#368 = EDGE_CURVE('',#219,#369,#371,.T.);
#369 = VERTEX_POINT('',#370);
#370 = CARTESIAN_POINT('',(1.464466094067,-2.5,1.3));
#371 = LINE('',#372,#373);
#372 = CARTESIAN_POINT('',(1.464466094067,-2.5,0.7));
#373 = VECTOR('',#374,1.);
#374 = DIRECTION('',(0.,0.,-1.));
#375 = ORIENTED_EDGE('',*,*,#376,.F.);
#376 = EDGE_CURVE('',#377,#369,#379,.T.);
#377 = VERTEX_POINT('',#378);
#378 = CARTESIAN_POINT('',(2.5,-1.464466094067,1.3));
#379 = LINE('',#380,#381);
#380 = CARTESIAN_POINT('',(3.75,-0.214466094067,1.3));
#381 = VECTOR('',#382,1.);
#382 = DIRECTION('',(-0.707106781187,-0.707106781187,0.));
#383 = ORIENTED_EDGE('',*,*,#384,.T.);
#384 = EDGE_CURVE('',#377,#228,#385,.T.);
#385 = LINE('',#386,#387);
#386 = CARTESIAN_POINT('',(2.5,-1.464466094067,0.7));
#387 = VECTOR('',#388,1.);
#388 = DIRECTION('',(0.,0.,1.));
#389 = ORIENTED_EDGE('',*,*,#227,.F.);
#390 = PLANE('',#391);
#391 = AXIS2_PLACEMENT_3D('',#392,#393,#394);
#392 = CARTESIAN_POINT('',(3.75,-0.214466094067,1.3));
#393 = DIRECTION('',(0.707106781187,-0.707106781187,0.));
#394 = DIRECTION('',(-0.707106781187,-0.707106781187,0.));
#395 = ADVANCED_FACE('',(#396),#430,.F.);
#396 = FACE_BOUND('',#397,.F.);
#397 = EDGE_LOOP('',(#398,#399,#407,#415,#423,#429));
#398 = ORIENTED_EDGE('',*,*,#368,.T.);
#399 = ORIENTED_EDGE('',*,*,#400,.T.);
#400 = EDGE_CURVE('',#369,#401,#403,.T.);
#401 = VERTEX_POINT('',#402);
#402 = CARTESIAN_POINT('',(2.5,-2.5,1.3));
#403 = LINE('',#404,#405);
#404 = CARTESIAN_POINT('',(0.625,-2.5,1.3));
#405 = VECTOR('',#406,1.);
#406 = DIRECTION('',(1.,-1.224646799147E-16,0.));
#407 = ORIENTED_EDGE('',*,*,#408,.F.);
#408 = EDGE_CURVE('',#409,#401,#411,.T.);
#409 = VERTEX_POINT('',#410);
#410 = CARTESIAN_POINT('',(2.5,-2.5,0.1));
#411 = LINE('',#412,#413);
#412 = CARTESIAN_POINT('',(2.5,-2.5,0.1));
#413 = VECTOR('',#414,1.);
#414 = DIRECTION('',(0.,0.,1.));
#415 = ORIENTED_EDGE('',*,*,#416,.F.);
#416 = EDGE_CURVE('',#417,#409,#419,.T.);
#417 = VERTEX_POINT('',#418);
#418 = CARTESIAN_POINT('',(-2.5,-2.5,0.1));
#419 = LINE('',#420,#421);
#420 = CARTESIAN_POINT('',(-2.5,-2.5,0.1));
#421 = VECTOR('',#422,1.);
#422 = DIRECTION('',(1.,-1.224646799147E-16,0.));
#423 = ORIENTED_EDGE('',*,*,#424,.T.);
#424 = EDGE_CURVE('',#417,#252,#425,.T.);
#425 = LINE('',#426,#427);
#426 = CARTESIAN_POINT('',(-2.5,-2.5,0.1));
#427 = VECTOR('',#428,1.);
#428 = DIRECTION('',(0.,0.,1.));
#429 = ORIENTED_EDGE('',*,*,#260,.T.);
#430 = PLANE('',#431);
#431 = AXIS2_PLACEMENT_3D('',#432,#433,#434);
#432 = CARTESIAN_POINT('',(-2.5,-2.5,0.1));
#433 = DIRECTION('',(1.224646799147E-16,1.,0.));
#434 = DIRECTION('',(1.,-1.224646799147E-16,0.));
#435 = ADVANCED_FACE('',(#436,#493,#527),#561,.F.);
#436 = FACE_BOUND('',#437,.F.);
#437 = EDGE_LOOP('',(#438,#446,#454,#462,#470,#478,#484,#485,#491,#492)
  );
#438 = ORIENTED_EDGE('',*,*,#439,.F.);
#439 = EDGE_CURVE('',#440,#277,#442,.T.);
#440 = VERTEX_POINT('',#441);
#441 = CARTESIAN_POINT('',(2.5,2.5,0.1));
#442 = LINE('',#443,#444);
#443 = CARTESIAN_POINT('',(2.5,2.5,0.1));
#444 = VECTOR('',#445,1.);
#445 = DIRECTION('',(0.,0.,1.));
#446 = ORIENTED_EDGE('',*,*,#447,.F.);
#447 = EDGE_CURVE('',#448,#440,#450,.T.);
#448 = VERTEX_POINT('',#449);
#449 = CARTESIAN_POINT('',(2.5,2.1,0.1));
#450 = LINE('',#451,#452);
#451 = CARTESIAN_POINT('',(2.5,-2.5,0.1));
#452 = VECTOR('',#453,1.);
#453 = DIRECTION('',(1.224646799147E-16,1.,0.));
#454 = ORIENTED_EDGE('',*,*,#455,.F.);
#455 = EDGE_CURVE('',#456,#448,#458,.T.);
#456 = VERTEX_POINT('',#457);
#457 = CARTESIAN_POINT('',(2.5,1.2,0.1));
#458 = LINE('',#459,#460);
#459 = CARTESIAN_POINT('',(2.5,-2.5,0.1));
#460 = VECTOR('',#461,1.);
#461 = DIRECTION('',(1.224646799147E-16,1.,0.));
#462 = ORIENTED_EDGE('',*,*,#463,.F.);
#463 = EDGE_CURVE('',#464,#456,#466,.T.);
#464 = VERTEX_POINT('',#465);
#465 = CARTESIAN_POINT('',(2.5,-1.2,0.1));
#466 = LINE('',#467,#468);
#467 = CARTESIAN_POINT('',(2.5,-2.5,0.1));
#468 = VECTOR('',#469,1.);
#469 = DIRECTION('',(1.224646799147E-16,1.,0.));
#470 = ORIENTED_EDGE('',*,*,#471,.F.);
#471 = EDGE_CURVE('',#472,#464,#474,.T.);
#472 = VERTEX_POINT('',#473);
#473 = CARTESIAN_POINT('',(2.5,-2.1,0.1));
#474 = LINE('',#475,#476);
#475 = CARTESIAN_POINT('',(2.5,-2.5,0.1));
#476 = VECTOR('',#477,1.);
#477 = DIRECTION('',(1.224646799147E-16,1.,0.));
#478 = ORIENTED_EDGE('',*,*,#479,.F.);
#479 = EDGE_CURVE('',#409,#472,#480,.T.);
#480 = LINE('',#481,#482);
#481 = CARTESIAN_POINT('',(2.5,-2.5,0.1));
#482 = VECTOR('',#483,1.);
#483 = DIRECTION('',(1.224646799147E-16,1.,0.));
#484 = ORIENTED_EDGE('',*,*,#408,.T.);
#485 = ORIENTED_EDGE('',*,*,#486,.T.);
#486 = EDGE_CURVE('',#401,#377,#487,.T.);
#487 = LINE('',#488,#489);
#488 = CARTESIAN_POINT('',(2.5,-3.125,1.3));
#489 = VECTOR('',#490,1.);
#490 = DIRECTION('',(1.224646799147E-16,1.,0.));
#491 = ORIENTED_EDGE('',*,*,#384,.T.);
#492 = ORIENTED_EDGE('',*,*,#276,.T.);
#493 = FACE_BOUND('',#494,.F.);
#494 = EDGE_LOOP('',(#495,#505,#513,#521));
#495 = ORIENTED_EDGE('',*,*,#496,.T.);
#496 = EDGE_CURVE('',#497,#499,#501,.T.);
#497 = VERTEX_POINT('',#498);
#498 = CARTESIAN_POINT('',(2.5,1.2,0.9));
#499 = VERTEX_POINT('',#500);
#500 = CARTESIAN_POINT('',(2.5,2.1,0.9));
#501 = LINE('',#502,#503);
#502 = CARTESIAN_POINT('',(2.5,-0.425,0.9));
#503 = VECTOR('',#504,1.);
#504 = DIRECTION('',(1.224646799147E-16,1.,-1.556307025767E-32));
#505 = ORIENTED_EDGE('',*,*,#506,.T.);
#506 = EDGE_CURVE('',#499,#507,#509,.T.);
#507 = VERTEX_POINT('',#508);
#508 = CARTESIAN_POINT('',(2.5,2.1,1.));
#509 = LINE('',#510,#511);
#510 = CARTESIAN_POINT('',(2.5,2.1,5.E-02));
#511 = VECTOR('',#512,1.);
#512 = DIRECTION('',(0.,0.,1.));
#513 = ORIENTED_EDGE('',*,*,#514,.F.);
#514 = EDGE_CURVE('',#515,#507,#517,.T.);
#515 = VERTEX_POINT('',#516);
#516 = CARTESIAN_POINT('',(2.5,1.2,1.));
#517 = LINE('',#518,#519);
#518 = CARTESIAN_POINT('',(2.5,-0.425,1.));
#519 = VECTOR('',#520,1.);
#520 = DIRECTION('',(1.224646799147E-16,1.,0.));
#521 = ORIENTED_EDGE('',*,*,#522,.T.);
#522 = EDGE_CURVE('',#515,#497,#523,.T.);
#523 = LINE('',#524,#525);
#524 = CARTESIAN_POINT('',(2.5,1.2,5.E-02));
#525 = VECTOR('',#526,1.);
#526 = DIRECTION('',(-0.,0.,-1.));
#527 = FACE_BOUND('',#528,.F.);
#528 = EDGE_LOOP('',(#529,#539,#547,#555));
#529 = ORIENTED_EDGE('',*,*,#530,.F.);
#530 = EDGE_CURVE('',#531,#533,#535,.T.);
#531 = VERTEX_POINT('',#532);
#532 = CARTESIAN_POINT('',(2.5,-2.1,1.));
#533 = VERTEX_POINT('',#534);
#534 = CARTESIAN_POINT('',(2.5,-1.2,1.));
#535 = LINE('',#536,#537);
#536 = CARTESIAN_POINT('',(2.5,-2.075,1.));
#537 = VECTOR('',#538,1.);
#538 = DIRECTION('',(1.224646799147E-16,1.,0.));
#539 = ORIENTED_EDGE('',*,*,#540,.T.);
#540 = EDGE_CURVE('',#531,#541,#543,.T.);
#541 = VERTEX_POINT('',#542);
#542 = CARTESIAN_POINT('',(2.5,-2.1,0.9));
#543 = LINE('',#544,#545);
#544 = CARTESIAN_POINT('',(2.5,-2.1,5.E-02));
#545 = VECTOR('',#546,1.);
#546 = DIRECTION('',(-0.,0.,-1.));
#547 = ORIENTED_EDGE('',*,*,#548,.T.);
#548 = EDGE_CURVE('',#541,#549,#551,.T.);
#549 = VERTEX_POINT('',#550);
#550 = CARTESIAN_POINT('',(2.5,-1.2,0.9));
#551 = LINE('',#552,#553);
#552 = CARTESIAN_POINT('',(2.5,-2.075,0.9));
#553 = VECTOR('',#554,1.);
#554 = DIRECTION('',(1.224646799147E-16,1.,-3.890767564419E-33));
#555 = ORIENTED_EDGE('',*,*,#556,.T.);
#556 = EDGE_CURVE('',#549,#533,#557,.T.);
#557 = LINE('',#558,#559);
#558 = CARTESIAN_POINT('',(2.5,-1.2,5.E-02));
#559 = VECTOR('',#560,1.);
#560 = DIRECTION('',(0.,0.,1.));
#561 = PLANE('',#562);
#562 = AXIS2_PLACEMENT_3D('',#563,#564,#565);
#563 = CARTESIAN_POINT('',(2.5,-2.5,0.1));
#564 = DIRECTION('',(-1.,1.224646799147E-16,0.));
#565 = DIRECTION('',(1.224646799147E-16,1.,0.));
#566 = ADVANCED_FACE('',(#567,#617,#651),#685,.F.);
#567 = FACE_BOUND('',#568,.F.);
#568 = EDGE_LOOP('',(#569,#577,#578,#579,#587,#595,#603,#611));
#569 = ORIENTED_EDGE('',*,*,#570,.T.);
#570 = EDGE_CURVE('',#571,#302,#573,.T.);
#571 = VERTEX_POINT('',#572);
#572 = CARTESIAN_POINT('',(-2.5,2.5,0.1));
#573 = LINE('',#574,#575);
#574 = CARTESIAN_POINT('',(-2.5,2.5,0.1));
#575 = VECTOR('',#576,1.);
#576 = DIRECTION('',(0.,0.,1.));
#577 = ORIENTED_EDGE('',*,*,#301,.T.);
#578 = ORIENTED_EDGE('',*,*,#424,.F.);
#579 = ORIENTED_EDGE('',*,*,#580,.F.);
#580 = EDGE_CURVE('',#581,#417,#583,.T.);
#581 = VERTEX_POINT('',#582);
#582 = CARTESIAN_POINT('',(-2.5,-2.1,0.1));
#583 = LINE('',#584,#585);
#584 = CARTESIAN_POINT('',(-2.5,2.5,0.1));
#585 = VECTOR('',#586,1.);
#586 = DIRECTION('',(-1.224646799147E-16,-1.,0.));
#587 = ORIENTED_EDGE('',*,*,#588,.F.);
#588 = EDGE_CURVE('',#589,#581,#591,.T.);
#589 = VERTEX_POINT('',#590);
#590 = CARTESIAN_POINT('',(-2.5,-1.2,0.1));
#591 = LINE('',#592,#593);
#592 = CARTESIAN_POINT('',(-2.5,2.5,0.1));
#593 = VECTOR('',#594,1.);
#594 = DIRECTION('',(-1.224646799147E-16,-1.,0.));
#595 = ORIENTED_EDGE('',*,*,#596,.F.);
#596 = EDGE_CURVE('',#597,#589,#599,.T.);
#597 = VERTEX_POINT('',#598);
#598 = CARTESIAN_POINT('',(-2.5,1.2,0.1));
#599 = LINE('',#600,#601);
#600 = CARTESIAN_POINT('',(-2.5,2.5,0.1));
#601 = VECTOR('',#602,1.);
#602 = DIRECTION('',(-1.224646799147E-16,-1.,0.));
#603 = ORIENTED_EDGE('',*,*,#604,.F.);
#604 = EDGE_CURVE('',#605,#597,#607,.T.);
#605 = VERTEX_POINT('',#606);
#606 = CARTESIAN_POINT('',(-2.5,2.1,0.1));
#607 = LINE('',#608,#609);
#608 = CARTESIAN_POINT('',(-2.5,2.5,0.1));
#609 = VECTOR('',#610,1.);
#610 = DIRECTION('',(-1.224646799147E-16,-1.,0.));
#611 = ORIENTED_EDGE('',*,*,#612,.F.);
#612 = EDGE_CURVE('',#571,#605,#613,.T.);
#613 = LINE('',#614,#615);
#614 = CARTESIAN_POINT('',(-2.5,2.5,0.1));
#615 = VECTOR('',#616,1.);
#616 = DIRECTION('',(-1.224646799147E-16,-1.,0.));
#617 = FACE_BOUND('',#618,.F.);
#618 = EDGE_LOOP('',(#619,#629,#637,#645));
#619 = ORIENTED_EDGE('',*,*,#620,.F.);
#620 = EDGE_CURVE('',#621,#623,#625,.T.);
#621 = VERTEX_POINT('',#622);
#622 = CARTESIAN_POINT('',(-2.5,-1.2,1.));
#623 = VERTEX_POINT('',#624);
#624 = CARTESIAN_POINT('',(-2.5,-2.1,1.));
#625 = LINE('',#626,#627);
#626 = CARTESIAN_POINT('',(-2.5,0.425,1.));
#627 = VECTOR('',#628,1.);
#628 = DIRECTION('',(-1.224646799147E-16,-1.,0.));
#629 = ORIENTED_EDGE('',*,*,#630,.T.);
#630 = EDGE_CURVE('',#621,#631,#633,.T.);
#631 = VERTEX_POINT('',#632);
#632 = CARTESIAN_POINT('',(-2.5,-1.2,0.9));
#633 = LINE('',#634,#635);
#634 = CARTESIAN_POINT('',(-2.5,-1.2,5.E-02));
#635 = VECTOR('',#636,1.);
#636 = DIRECTION('',(-0.,0.,-1.));
#637 = ORIENTED_EDGE('',*,*,#638,.T.);
#638 = EDGE_CURVE('',#631,#639,#641,.T.);
#639 = VERTEX_POINT('',#640);
#640 = CARTESIAN_POINT('',(-2.5,-2.1,0.9));
#641 = LINE('',#642,#643);
#642 = CARTESIAN_POINT('',(-2.5,0.425,0.9));
#643 = VECTOR('',#644,1.);
#644 = DIRECTION('',(-1.224646799147E-16,-1.,3.890767564419E-33));
#645 = ORIENTED_EDGE('',*,*,#646,.T.);
#646 = EDGE_CURVE('',#639,#623,#647,.T.);
#647 = LINE('',#648,#649);
#648 = CARTESIAN_POINT('',(-2.5,-2.1,5.E-02));
#649 = VECTOR('',#650,1.);
#650 = DIRECTION('',(0.,0.,1.));
#651 = FACE_BOUND('',#652,.F.);
#652 = EDGE_LOOP('',(#653,#663,#671,#679));
#653 = ORIENTED_EDGE('',*,*,#654,.F.);
#654 = EDGE_CURVE('',#655,#657,#659,.T.);
#655 = VERTEX_POINT('',#656);
#656 = CARTESIAN_POINT('',(-2.5,2.1,1.));
#657 = VERTEX_POINT('',#658);
#658 = CARTESIAN_POINT('',(-2.5,1.2,1.));
#659 = LINE('',#660,#661);
#660 = CARTESIAN_POINT('',(-2.5,2.075,1.));
#661 = VECTOR('',#662,1.);
#662 = DIRECTION('',(-1.224646799147E-16,-1.,0.));
#663 = ORIENTED_EDGE('',*,*,#664,.T.);
#664 = EDGE_CURVE('',#655,#665,#667,.T.);
#665 = VERTEX_POINT('',#666);
#666 = CARTESIAN_POINT('',(-2.5,2.1,0.9));
#667 = LINE('',#668,#669);
#668 = CARTESIAN_POINT('',(-2.5,2.1,5.E-02));
#669 = VECTOR('',#670,1.);
#670 = DIRECTION('',(-0.,0.,-1.));
#671 = ORIENTED_EDGE('',*,*,#672,.T.);
#672 = EDGE_CURVE('',#665,#673,#675,.T.);
#673 = VERTEX_POINT('',#674);
#674 = CARTESIAN_POINT('',(-2.5,1.2,0.9));
#675 = LINE('',#676,#677);
#676 = CARTESIAN_POINT('',(-2.5,2.075,0.9));
#677 = VECTOR('',#678,1.);
#678 = DIRECTION('',(-1.224646799147E-16,-1.,1.556307025767E-32));
#679 = ORIENTED_EDGE('',*,*,#680,.T.);
#680 = EDGE_CURVE('',#673,#657,#681,.T.);
#681 = LINE('',#682,#683);
#682 = CARTESIAN_POINT('',(-2.5,1.2,5.E-02));
#683 = VECTOR('',#684,1.);
#684 = DIRECTION('',(0.,0.,1.));
#685 = PLANE('',#686);
#686 = AXIS2_PLACEMENT_3D('',#687,#688,#689);
#687 = CARTESIAN_POINT('',(-2.5,2.5,0.1));
#688 = DIRECTION('',(1.,-1.224646799147E-16,0.));
#689 = DIRECTION('',(-1.224646799147E-16,-1.,0.));
#690 = ADVANCED_FACE('',(#691),#702,.F.);
#691 = FACE_BOUND('',#692,.F.);
#692 = EDGE_LOOP('',(#693,#694,#695,#696));
#693 = ORIENTED_EDGE('',*,*,#439,.T.);
#694 = ORIENTED_EDGE('',*,*,#326,.T.);
#695 = ORIENTED_EDGE('',*,*,#570,.F.);
#696 = ORIENTED_EDGE('',*,*,#697,.F.);
#697 = EDGE_CURVE('',#440,#571,#698,.T.);
#698 = LINE('',#699,#700);
#699 = CARTESIAN_POINT('',(2.5,2.5,0.1));
#700 = VECTOR('',#701,1.);
#701 = DIRECTION('',(-1.,1.224646799147E-16,0.));
#702 = PLANE('',#703);
#703 = AXIS2_PLACEMENT_3D('',#704,#705,#706);
#704 = CARTESIAN_POINT('',(2.5,2.5,0.1));
#705 = DIRECTION('',(-1.224646799147E-16,-1.,0.));
#706 = DIRECTION('',(-1.,1.224646799147E-16,0.));
#707 = ADVANCED_FACE('',(#708),#711,.T.);
#708 = FACE_BOUND('',#709,.T.);
#709 = EDGE_LOOP('',(#710));
#710 = ORIENTED_EDGE('',*,*,#353,.T.);
#711 = PLANE('',#712);
#712 = AXIS2_PLACEMENT_3D('',#713,#714,#715);
#713 = CARTESIAN_POINT('',(1.538370149107E-16,-1.370800865949E-16,1.225)
  );
#714 = DIRECTION('',(0.,0.,1.));
#715 = DIRECTION('',(-1.,1.224646799147E-16,0.));
#716 = ADVANCED_FACE('',(#717),#722,.T.);
#717 = FACE_BOUND('',#718,.T.);
#718 = EDGE_LOOP('',(#719,#720,#721));
#719 = ORIENTED_EDGE('',*,*,#486,.T.);
#720 = ORIENTED_EDGE('',*,*,#376,.T.);
#721 = ORIENTED_EDGE('',*,*,#400,.T.);
#722 = PLANE('',#723);
#723 = AXIS2_PLACEMENT_3D('',#724,#725,#726);
#724 = CARTESIAN_POINT('',(3.75,-3.75,1.3));
#725 = DIRECTION('',(0.,0.,1.));
#726 = DIRECTION('',(-0.707106781187,-0.707106781187,0.));
#727 = ADVANCED_FACE('',(#728),#890,.F.);
#728 = FACE_BOUND('',#729,.F.);
#729 = EDGE_LOOP('',(#730,#731,#732,#733,#741,#749,#757,#765,#771,#772,
    #780,#788,#796,#804,#810,#811,#812,#813,#821,#829,#837,#845,#851,
    #852,#860,#868,#876,#884));
#730 = ORIENTED_EDGE('',*,*,#447,.T.);
#731 = ORIENTED_EDGE('',*,*,#697,.T.);
#732 = ORIENTED_EDGE('',*,*,#612,.T.);
#733 = ORIENTED_EDGE('',*,*,#734,.F.);
#734 = EDGE_CURVE('',#735,#605,#737,.T.);
#735 = VERTEX_POINT('',#736);
#736 = CARTESIAN_POINT('',(-1.95,2.1,0.1));
#737 = LINE('',#738,#739);
#738 = CARTESIAN_POINT('',(-2.025,2.1,0.1));
#739 = VECTOR('',#740,1.);
#740 = DIRECTION('',(-1.,1.224646799147E-16,-4.996063166392E-32));
#741 = ORIENTED_EDGE('',*,*,#742,.T.);
#742 = EDGE_CURVE('',#735,#743,#745,.T.);
#743 = VERTEX_POINT('',#744);
#744 = CARTESIAN_POINT('',(-1.8,2.1,0.1));
#745 = LINE('',#746,#747);
#746 = CARTESIAN_POINT('',(-0.9,2.1,0.1));
#747 = VECTOR('',#748,1.);
#748 = DIRECTION('',(1.,-1.224646799147E-16,0.));
#749 = ORIENTED_EDGE('',*,*,#750,.T.);
#750 = EDGE_CURVE('',#743,#751,#753,.T.);
#751 = VERTEX_POINT('',#752);
#752 = CARTESIAN_POINT('',(-1.8,1.2,0.1));
#753 = LINE('',#754,#755);
#754 = CARTESIAN_POINT('',(-1.8,0.6,0.1));
#755 = VECTOR('',#756,1.);
#756 = DIRECTION('',(-1.224646799147E-16,-1.,0.));
#757 = ORIENTED_EDGE('',*,*,#758,.T.);
#758 = EDGE_CURVE('',#751,#759,#761,.T.);
#759 = VERTEX_POINT('',#760);
#760 = CARTESIAN_POINT('',(-1.95,1.2,0.1));
#761 = LINE('',#762,#763);
#762 = CARTESIAN_POINT('',(-1.35,1.2,0.1));
#763 = VECTOR('',#764,1.);
#764 = DIRECTION('',(-1.,1.224646799147E-16,0.));
#765 = ORIENTED_EDGE('',*,*,#766,.F.);
#766 = EDGE_CURVE('',#597,#759,#767,.T.);
#767 = LINE('',#768,#769);
#768 = CARTESIAN_POINT('',(-2.475,1.2,0.1));
#769 = VECTOR('',#770,1.);
#770 = DIRECTION('',(1.,-1.224646799147E-16,4.996063166392E-32));
#771 = ORIENTED_EDGE('',*,*,#596,.T.);
#772 = ORIENTED_EDGE('',*,*,#773,.F.);
#773 = EDGE_CURVE('',#774,#589,#776,.T.);
#774 = VERTEX_POINT('',#775);
#775 = CARTESIAN_POINT('',(-1.95,-1.2,0.1));
#776 = LINE('',#777,#778);
#777 = CARTESIAN_POINT('',(-2.025,-1.2,0.1));
#778 = VECTOR('',#779,1.);
#779 = DIRECTION('',(-1.,1.224646799147E-16,-4.996063166392E-32));
#780 = ORIENTED_EDGE('',*,*,#781,.T.);
#781 = EDGE_CURVE('',#774,#782,#784,.T.);
#782 = VERTEX_POINT('',#783);
#783 = CARTESIAN_POINT('',(-1.8,-1.2,0.1));
#784 = LINE('',#785,#786);
#785 = CARTESIAN_POINT('',(-0.9,-1.2,0.1));
#786 = VECTOR('',#787,1.);
#787 = DIRECTION('',(1.,-1.224646799147E-16,0.));
#788 = ORIENTED_EDGE('',*,*,#789,.T.);
#789 = EDGE_CURVE('',#782,#790,#792,.T.);
#790 = VERTEX_POINT('',#791);
#791 = CARTESIAN_POINT('',(-1.8,-2.1,0.1));
#792 = LINE('',#793,#794);
#793 = CARTESIAN_POINT('',(-1.8,-1.05,0.1));
#794 = VECTOR('',#795,1.);
#795 = DIRECTION('',(-1.224646799147E-16,-1.,0.));
#796 = ORIENTED_EDGE('',*,*,#797,.T.);
#797 = EDGE_CURVE('',#790,#798,#800,.T.);
#798 = VERTEX_POINT('',#799);
#799 = CARTESIAN_POINT('',(-1.95,-2.1,0.1));
#800 = LINE('',#801,#802);
#801 = CARTESIAN_POINT('',(-1.35,-2.1,0.1));
#802 = VECTOR('',#803,1.);
#803 = DIRECTION('',(-1.,1.224646799147E-16,0.));
#804 = ORIENTED_EDGE('',*,*,#805,.F.);
#805 = EDGE_CURVE('',#581,#798,#806,.T.);
#806 = LINE('',#807,#808);
#807 = CARTESIAN_POINT('',(-2.475,-2.1,0.1));
#808 = VECTOR('',#809,1.);
#809 = DIRECTION('',(1.,-1.224646799147E-16,4.996063166392E-32));
#810 = ORIENTED_EDGE('',*,*,#580,.T.);
#811 = ORIENTED_EDGE('',*,*,#416,.T.);
#812 = ORIENTED_EDGE('',*,*,#479,.T.);
#813 = ORIENTED_EDGE('',*,*,#814,.F.);
#814 = EDGE_CURVE('',#815,#472,#817,.T.);
#815 = VERTEX_POINT('',#816);
#816 = CARTESIAN_POINT('',(1.95,-2.1,0.1));
#817 = LINE('',#818,#819);
#818 = CARTESIAN_POINT('',(2.025,-2.1,0.1));
#819 = VECTOR('',#820,1.);
#820 = DIRECTION('',(1.,-1.224646799147E-16,-4.996063166392E-32));
#821 = ORIENTED_EDGE('',*,*,#822,.T.);
#822 = EDGE_CURVE('',#815,#823,#825,.T.);
#823 = VERTEX_POINT('',#824);
#824 = CARTESIAN_POINT('',(1.8,-2.1,0.1));
#825 = LINE('',#826,#827);
#826 = CARTESIAN_POINT('',(0.9,-2.1,0.1));
#827 = VECTOR('',#828,1.);
#828 = DIRECTION('',(-1.,1.224646799147E-16,0.));
#829 = ORIENTED_EDGE('',*,*,#830,.T.);
#830 = EDGE_CURVE('',#823,#831,#833,.T.);
#831 = VERTEX_POINT('',#832);
#832 = CARTESIAN_POINT('',(1.8,-1.2,0.1));
#833 = LINE('',#834,#835);
#834 = CARTESIAN_POINT('',(1.8,-0.6,0.1));
#835 = VECTOR('',#836,1.);
#836 = DIRECTION('',(1.224646799147E-16,1.,0.));
#837 = ORIENTED_EDGE('',*,*,#838,.T.);
#838 = EDGE_CURVE('',#831,#839,#841,.T.);
#839 = VERTEX_POINT('',#840);
#840 = CARTESIAN_POINT('',(1.95,-1.2,0.1));
#841 = LINE('',#842,#843);
#842 = CARTESIAN_POINT('',(1.35,-1.2,0.1));
#843 = VECTOR('',#844,1.);
#844 = DIRECTION('',(1.,-1.224646799147E-16,0.));
#845 = ORIENTED_EDGE('',*,*,#846,.F.);
#846 = EDGE_CURVE('',#464,#839,#847,.T.);
#847 = LINE('',#848,#849);
#848 = CARTESIAN_POINT('',(2.475,-1.2,0.1));
#849 = VECTOR('',#850,1.);
#850 = DIRECTION('',(-1.,1.224646799147E-16,4.996063166392E-32));
#851 = ORIENTED_EDGE('',*,*,#463,.T.);
#852 = ORIENTED_EDGE('',*,*,#853,.F.);
#853 = EDGE_CURVE('',#854,#456,#856,.T.);
#854 = VERTEX_POINT('',#855);
#855 = CARTESIAN_POINT('',(1.95,1.2,0.1));
#856 = LINE('',#857,#858);
#857 = CARTESIAN_POINT('',(2.025,1.2,0.1));
#858 = VECTOR('',#859,1.);
#859 = DIRECTION('',(1.,-1.224646799147E-16,-4.996063166392E-32));
#860 = ORIENTED_EDGE('',*,*,#861,.T.);
#861 = EDGE_CURVE('',#854,#862,#864,.T.);
#862 = VERTEX_POINT('',#863);
#863 = CARTESIAN_POINT('',(1.8,1.2,0.1));
#864 = LINE('',#865,#866);
#865 = CARTESIAN_POINT('',(0.9,1.2,0.1));
#866 = VECTOR('',#867,1.);
#867 = DIRECTION('',(-1.,1.224646799147E-16,0.));
#868 = ORIENTED_EDGE('',*,*,#869,.T.);
#869 = EDGE_CURVE('',#862,#870,#872,.T.);
#870 = VERTEX_POINT('',#871);
#871 = CARTESIAN_POINT('',(1.8,2.1,0.1));
#872 = LINE('',#873,#874);
#873 = CARTESIAN_POINT('',(1.8,1.05,0.1));
#874 = VECTOR('',#875,1.);
#875 = DIRECTION('',(1.224646799147E-16,1.,0.));
#876 = ORIENTED_EDGE('',*,*,#877,.T.);
#877 = EDGE_CURVE('',#870,#878,#880,.T.);
#878 = VERTEX_POINT('',#879);
#879 = CARTESIAN_POINT('',(1.95,2.1,0.1));
#880 = LINE('',#881,#882);
#881 = CARTESIAN_POINT('',(1.35,2.1,0.1));
#882 = VECTOR('',#883,1.);
#883 = DIRECTION('',(1.,-1.224646799147E-16,0.));
#884 = ORIENTED_EDGE('',*,*,#885,.F.);
#885 = EDGE_CURVE('',#448,#878,#886,.T.);
#886 = LINE('',#887,#888);
#887 = CARTESIAN_POINT('',(2.475,2.1,0.1));
#888 = VECTOR('',#889,1.);
#889 = DIRECTION('',(-1.,1.224646799147E-16,4.996063166392E-32));
#890 = PLANE('',#891);
#891 = AXIS2_PLACEMENT_3D('',#892,#893,#894);
#892 = CARTESIAN_POINT('',(0.,0.,0.1));
#893 = DIRECTION('',(0.,0.,1.));
#894 = DIRECTION('',(-1.,1.224646799147E-16,0.));
#895 = ADVANCED_FACE('',(#896),#921,.T.);
#896 = FACE_BOUND('',#897,.T.);
#897 = EDGE_LOOP('',(#898,#908,#914,#915));
#898 = ORIENTED_EDGE('',*,*,#899,.T.);
#899 = EDGE_CURVE('',#900,#902,#904,.T.);
#900 = VERTEX_POINT('',#901);
#901 = CARTESIAN_POINT('',(2.55,1.2,0.1));
#902 = VERTEX_POINT('',#903);
#903 = CARTESIAN_POINT('',(2.55,2.1,0.1));
#904 = LINE('',#905,#906);
#905 = CARTESIAN_POINT('',(2.55,1.1,0.1));
#906 = VECTOR('',#907,1.);
#907 = DIRECTION('',(1.224646799147E-16,1.,0.));
#908 = ORIENTED_EDGE('',*,*,#909,.T.);
#909 = EDGE_CURVE('',#902,#448,#910,.T.);
#910 = LINE('',#911,#912);
#911 = CARTESIAN_POINT('',(2.475,2.1,0.1));
#912 = VECTOR('',#913,1.);
#913 = DIRECTION('',(-1.,1.224646799147E-16,4.996063166392E-32));
#914 = ORIENTED_EDGE('',*,*,#455,.F.);
#915 = ORIENTED_EDGE('',*,*,#916,.T.);
#916 = EDGE_CURVE('',#456,#900,#917,.T.);
#917 = LINE('',#918,#919);
#918 = CARTESIAN_POINT('',(2.025,1.2,0.1));
#919 = VECTOR('',#920,1.);
#920 = DIRECTION('',(1.,-1.224646799147E-16,-4.996063166392E-32));
#921 = PLANE('',#922);
#922 = AXIS2_PLACEMENT_3D('',#923,#924,#925);
#923 = CARTESIAN_POINT('',(2.25,1.65,0.1));
#924 = DIRECTION('',(4.996063166392E-32,1.556307025767E-32,1.));
#925 = DIRECTION('',(-1.,1.224646799147E-16,4.996063166392E-32));
#926 = ADVANCED_FACE('',(#927),#952,.T.);
#927 = FACE_BOUND('',#928,.T.);
#928 = EDGE_LOOP('',(#929,#939,#945,#946));
#929 = ORIENTED_EDGE('',*,*,#930,.T.);
#930 = EDGE_CURVE('',#931,#933,#935,.T.);
#931 = VERTEX_POINT('',#932);
#932 = CARTESIAN_POINT('',(2.55,-2.1,0.1));
#933 = VERTEX_POINT('',#934);
#934 = CARTESIAN_POINT('',(2.55,-1.2,0.1));
#935 = LINE('',#936,#937);
#936 = CARTESIAN_POINT('',(2.55,-2.2,0.1));
#937 = VECTOR('',#938,1.);
#938 = DIRECTION('',(1.224646799147E-16,1.,0.));
#939 = ORIENTED_EDGE('',*,*,#940,.T.);
#940 = EDGE_CURVE('',#933,#464,#941,.T.);
#941 = LINE('',#942,#943);
#942 = CARTESIAN_POINT('',(2.475,-1.2,0.1));
#943 = VECTOR('',#944,1.);
#944 = DIRECTION('',(-1.,1.224646799147E-16,4.996063166392E-32));
#945 = ORIENTED_EDGE('',*,*,#471,.F.);
#946 = ORIENTED_EDGE('',*,*,#947,.T.);
#947 = EDGE_CURVE('',#472,#931,#948,.T.);
#948 = LINE('',#949,#950);
#949 = CARTESIAN_POINT('',(2.025,-2.1,0.1));
#950 = VECTOR('',#951,1.);
#951 = DIRECTION('',(1.,-1.224646799147E-16,-4.996063166392E-32));
#952 = PLANE('',#953);
#953 = AXIS2_PLACEMENT_3D('',#954,#955,#956);
#954 = CARTESIAN_POINT('',(2.25,-1.65,0.1));
#955 = DIRECTION('',(4.996063166392E-32,3.890767564419E-33,1.));
#956 = DIRECTION('',(-1.,1.224646799147E-16,4.996063166392E-32));
#957 = ADVANCED_FACE('',(#958),#983,.F.);
#958 = FACE_BOUND('',#959,.F.);
#959 = EDGE_LOOP('',(#960,#970,#976,#977));
#960 = ORIENTED_EDGE('',*,*,#961,.T.);
#961 = EDGE_CURVE('',#962,#964,#966,.T.);
#962 = VERTEX_POINT('',#963);
#963 = CARTESIAN_POINT('',(2.55,1.2,0.9));
#964 = VERTEX_POINT('',#965);
#965 = CARTESIAN_POINT('',(2.55,2.1,0.9));
#966 = LINE('',#967,#968);
#967 = CARTESIAN_POINT('',(2.55,1.1,0.9));
#968 = VECTOR('',#969,1.);
#969 = DIRECTION('',(1.224646799147E-16,1.,0.));
#970 = ORIENTED_EDGE('',*,*,#971,.T.);
#971 = EDGE_CURVE('',#964,#499,#972,.T.);
#972 = LINE('',#973,#974);
#973 = CARTESIAN_POINT('',(2.475,2.1,0.9));
#974 = VECTOR('',#975,1.);
#975 = DIRECTION('',(-1.,1.224646799147E-16,4.996063166392E-32));
#976 = ORIENTED_EDGE('',*,*,#496,.F.);
#977 = ORIENTED_EDGE('',*,*,#978,.T.);
#978 = EDGE_CURVE('',#497,#962,#979,.T.);
#979 = LINE('',#980,#981);
#980 = CARTESIAN_POINT('',(2.025,1.2,0.9));
#981 = VECTOR('',#982,1.);
#982 = DIRECTION('',(1.,-1.224646799147E-16,-4.996063166392E-32));
#983 = PLANE('',#984);
#984 = AXIS2_PLACEMENT_3D('',#985,#986,#987);
#985 = CARTESIAN_POINT('',(2.25,1.65,0.9));
#986 = DIRECTION('',(4.996063166392E-32,1.556307025767E-32,1.));
#987 = DIRECTION('',(-1.,1.224646799147E-16,4.996063166392E-32));
#988 = ADVANCED_FACE('',(#989),#1068,.F.);
#989 = FACE_BOUND('',#990,.F.);
#990 = EDGE_LOOP('',(#991,#1001,#1010,#1018,#1024,#1025,#1026,#1027,
    #1036,#1044,#1051,#1052,#1053,#1061));
#991 = ORIENTED_EDGE('',*,*,#992,.F.);
#992 = EDGE_CURVE('',#993,#995,#997,.T.);
#993 = VERTEX_POINT('',#994);
#994 = CARTESIAN_POINT('',(2.7,1.2,5.E-02));
#995 = VERTEX_POINT('',#996);
#996 = CARTESIAN_POINT('',(2.7,1.2,0.95));
#997 = LINE('',#998,#999);
#998 = CARTESIAN_POINT('',(2.7,1.2,0.));
#999 = VECTOR('',#1000,1.);
#1000 = DIRECTION('',(0.,0.,1.));
#1001 = ORIENTED_EDGE('',*,*,#1002,.T.);
#1002 = EDGE_CURVE('',#993,#1003,#1005,.T.);
#1003 = VERTEX_POINT('',#1004);
#1004 = CARTESIAN_POINT('',(2.65,1.2,-6.938893903907E-18));
#1005 = CIRCLE('',#1006,5.E-02);
#1006 = AXIS2_PLACEMENT_3D('',#1007,#1008,#1009);
#1007 = CARTESIAN_POINT('',(2.65,1.2,5.E-02));
#1008 = DIRECTION('',(1.224646799147E-16,1.,0.));
#1009 = DIRECTION('',(0.,0.,-1.));
#1010 = ORIENTED_EDGE('',*,*,#1011,.F.);
#1011 = EDGE_CURVE('',#1012,#1003,#1014,.T.);
#1012 = VERTEX_POINT('',#1013);
#1013 = CARTESIAN_POINT('',(1.8,1.2,0.));
#1014 = LINE('',#1015,#1016);
#1015 = CARTESIAN_POINT('',(1.8,1.2,0.));
#1016 = VECTOR('',#1017,1.);
#1017 = DIRECTION('',(1.,-1.224646799147E-16,0.));
#1018 = ORIENTED_EDGE('',*,*,#1019,.T.);
#1019 = EDGE_CURVE('',#1012,#862,#1020,.T.);
#1020 = LINE('',#1021,#1022);
#1021 = CARTESIAN_POINT('',(1.8,1.2,0.));
#1022 = VECTOR('',#1023,1.);
#1023 = DIRECTION('',(0.,0.,1.));
#1024 = ORIENTED_EDGE('',*,*,#861,.F.);
#1025 = ORIENTED_EDGE('',*,*,#853,.T.);
#1026 = ORIENTED_EDGE('',*,*,#916,.T.);
#1027 = ORIENTED_EDGE('',*,*,#1028,.F.);
#1028 = EDGE_CURVE('',#1029,#900,#1031,.T.);
#1029 = VERTEX_POINT('',#1030);
#1030 = CARTESIAN_POINT('',(2.6,1.2,0.15));
#1031 = CIRCLE('',#1032,5.E-02);
#1032 = AXIS2_PLACEMENT_3D('',#1033,#1034,#1035);
#1033 = CARTESIAN_POINT('',(2.55,1.2,0.15));
#1034 = DIRECTION('',(1.224646799147E-16,1.,0.));
#1035 = DIRECTION('',(1.,-1.224646799147E-16,0.));
#1036 = ORIENTED_EDGE('',*,*,#1037,.T.);
#1037 = EDGE_CURVE('',#1029,#1038,#1040,.T.);
#1038 = VERTEX_POINT('',#1039);
#1039 = CARTESIAN_POINT('',(2.6,1.2,0.85));
#1040 = LINE('',#1041,#1042);
#1041 = CARTESIAN_POINT('',(2.6,1.2,5.E-02));
#1042 = VECTOR('',#1043,1.);
#1043 = DIRECTION('',(0.,0.,1.));
#1044 = ORIENTED_EDGE('',*,*,#1045,.F.);
#1045 = EDGE_CURVE('',#962,#1038,#1046,.T.);
#1046 = CIRCLE('',#1047,5.E-02);
#1047 = AXIS2_PLACEMENT_3D('',#1048,#1049,#1050);
#1048 = CARTESIAN_POINT('',(2.55,1.2,0.85));
#1049 = DIRECTION('',(1.224646799147E-16,1.,0.));
#1050 = DIRECTION('',(1.,-1.224646799147E-16,0.));
#1051 = ORIENTED_EDGE('',*,*,#978,.F.);
#1052 = ORIENTED_EDGE('',*,*,#522,.F.);
#1053 = ORIENTED_EDGE('',*,*,#1054,.T.);
#1054 = EDGE_CURVE('',#515,#1055,#1057,.T.);
#1055 = VERTEX_POINT('',#1056);
#1056 = CARTESIAN_POINT('',(2.65,1.2,1.));
#1057 = LINE('',#1058,#1059);
#1058 = CARTESIAN_POINT('',(1.8,1.2,1.));
#1059 = VECTOR('',#1060,1.);
#1060 = DIRECTION('',(1.,-1.224646799147E-16,0.));
#1061 = ORIENTED_EDGE('',*,*,#1062,.F.);
#1062 = EDGE_CURVE('',#995,#1055,#1063,.T.);
#1063 = CIRCLE('',#1064,5.E-02);
#1064 = AXIS2_PLACEMENT_3D('',#1065,#1066,#1067);
#1065 = CARTESIAN_POINT('',(2.65,1.2,0.95));
#1066 = DIRECTION('',(-1.224646799147E-16,-1.,0.));
#1067 = DIRECTION('',(-0.,0.,-1.));
#1068 = PLANE('',#1069);
#1069 = AXIS2_PLACEMENT_3D('',#1070,#1071,#1072);
#1070 = CARTESIAN_POINT('',(1.8,1.2,0.));
#1071 = DIRECTION('',(1.224646799147E-16,1.,0.));
#1072 = DIRECTION('',(1.,-1.224646799147E-16,0.));
#1073 = ADVANCED_FACE('',(#1074),#1092,.T.);
#1074 = FACE_BOUND('',#1075,.T.);
#1075 = EDGE_LOOP('',(#1076,#1084,#1090,#1091));
#1076 = ORIENTED_EDGE('',*,*,#1077,.T.);
#1077 = EDGE_CURVE('',#1055,#1078,#1080,.T.);
#1078 = VERTEX_POINT('',#1079);
#1079 = CARTESIAN_POINT('',(2.65,2.1,1.));
#1080 = LINE('',#1081,#1082);
#1081 = CARTESIAN_POINT('',(2.65,1.2,1.));
#1082 = VECTOR('',#1083,1.);
#1083 = DIRECTION('',(1.224646799147E-16,1.,0.));
#1084 = ORIENTED_EDGE('',*,*,#1085,.T.);
#1085 = EDGE_CURVE('',#1078,#507,#1086,.T.);
#1086 = LINE('',#1087,#1088);
#1087 = CARTESIAN_POINT('',(2.7,2.1,1.));
#1088 = VECTOR('',#1089,1.);
#1089 = DIRECTION('',(-1.,1.224646799147E-16,0.));
#1090 = ORIENTED_EDGE('',*,*,#514,.F.);
#1091 = ORIENTED_EDGE('',*,*,#1054,.T.);
#1092 = PLANE('',#1093);
#1093 = AXIS2_PLACEMENT_3D('',#1094,#1095,#1096);
#1094 = CARTESIAN_POINT('',(2.25,1.65,1.));
#1095 = DIRECTION('',(0.,0.,1.));
#1096 = DIRECTION('',(-1.,1.224646799147E-16,0.));
#1097 = ADVANCED_FACE('',(#1098),#1170,.F.);
#1098 = FACE_BOUND('',#1099,.F.);
#1099 = EDGE_LOOP('',(#1100,#1111,#1119,#1126,#1127,#1128,#1129,#1138,
    #1146,#1153,#1154,#1155,#1156,#1164));
#1100 = ORIENTED_EDGE('',*,*,#1101,.F.);
#1101 = EDGE_CURVE('',#1102,#1104,#1106,.T.);
#1102 = VERTEX_POINT('',#1103);
#1103 = CARTESIAN_POINT('',(2.7,2.1,5.E-02));
#1104 = VERTEX_POINT('',#1105);
#1105 = CARTESIAN_POINT('',(2.65,2.1,-6.938893903907E-18));
#1106 = CIRCLE('',#1107,5.E-02);
#1107 = AXIS2_PLACEMENT_3D('',#1108,#1109,#1110);
#1108 = CARTESIAN_POINT('',(2.65,2.1,5.E-02));
#1109 = DIRECTION('',(1.224646799147E-16,1.,0.));
#1110 = DIRECTION('',(0.,0.,-1.));
#1111 = ORIENTED_EDGE('',*,*,#1112,.T.);
#1112 = EDGE_CURVE('',#1102,#1113,#1115,.T.);
#1113 = VERTEX_POINT('',#1114);
#1114 = CARTESIAN_POINT('',(2.7,2.1,0.95));
#1115 = LINE('',#1116,#1117);
#1116 = CARTESIAN_POINT('',(2.7,2.1,0.));
#1117 = VECTOR('',#1118,1.);
#1118 = DIRECTION('',(0.,0.,1.));
#1119 = ORIENTED_EDGE('',*,*,#1120,.T.);
#1120 = EDGE_CURVE('',#1113,#1078,#1121,.T.);
#1121 = CIRCLE('',#1122,5.E-02);
#1122 = AXIS2_PLACEMENT_3D('',#1123,#1124,#1125);
#1123 = CARTESIAN_POINT('',(2.65,2.1,0.95));
#1124 = DIRECTION('',(-1.224646799147E-16,-1.,0.));
#1125 = DIRECTION('',(-0.,0.,-1.));
#1126 = ORIENTED_EDGE('',*,*,#1085,.T.);
#1127 = ORIENTED_EDGE('',*,*,#506,.F.);
#1128 = ORIENTED_EDGE('',*,*,#971,.F.);
#1129 = ORIENTED_EDGE('',*,*,#1130,.T.);
#1130 = EDGE_CURVE('',#964,#1131,#1133,.T.);
#1131 = VERTEX_POINT('',#1132);
#1132 = CARTESIAN_POINT('',(2.6,2.1,0.85));
#1133 = CIRCLE('',#1134,5.E-02);
#1134 = AXIS2_PLACEMENT_3D('',#1135,#1136,#1137);
#1135 = CARTESIAN_POINT('',(2.55,2.1,0.85));
#1136 = DIRECTION('',(1.224646799147E-16,1.,0.));
#1137 = DIRECTION('',(1.,-1.224646799147E-16,0.));
#1138 = ORIENTED_EDGE('',*,*,#1139,.T.);
#1139 = EDGE_CURVE('',#1131,#1140,#1142,.T.);
#1140 = VERTEX_POINT('',#1141);
#1141 = CARTESIAN_POINT('',(2.6,2.1,0.15));
#1142 = LINE('',#1143,#1144);
#1143 = CARTESIAN_POINT('',(2.6,2.1,5.E-02));
#1144 = VECTOR('',#1145,1.);
#1145 = DIRECTION('',(0.,-0.,-1.));
#1146 = ORIENTED_EDGE('',*,*,#1147,.T.);
#1147 = EDGE_CURVE('',#1140,#902,#1148,.T.);
#1148 = CIRCLE('',#1149,5.E-02);
#1149 = AXIS2_PLACEMENT_3D('',#1150,#1151,#1152);
#1150 = CARTESIAN_POINT('',(2.55,2.1,0.15));
#1151 = DIRECTION('',(1.224646799147E-16,1.,0.));
#1152 = DIRECTION('',(1.,-1.224646799147E-16,0.));
#1153 = ORIENTED_EDGE('',*,*,#909,.T.);
#1154 = ORIENTED_EDGE('',*,*,#885,.T.);
#1155 = ORIENTED_EDGE('',*,*,#877,.F.);
#1156 = ORIENTED_EDGE('',*,*,#1157,.F.);
#1157 = EDGE_CURVE('',#1158,#870,#1160,.T.);
#1158 = VERTEX_POINT('',#1159);
#1159 = CARTESIAN_POINT('',(1.8,2.1,0.));
#1160 = LINE('',#1161,#1162);
#1161 = CARTESIAN_POINT('',(1.8,2.1,0.));
#1162 = VECTOR('',#1163,1.);
#1163 = DIRECTION('',(0.,0.,1.));
#1164 = ORIENTED_EDGE('',*,*,#1165,.F.);
#1165 = EDGE_CURVE('',#1104,#1158,#1166,.T.);
#1166 = LINE('',#1167,#1168);
#1167 = CARTESIAN_POINT('',(2.7,2.1,0.));
#1168 = VECTOR('',#1169,1.);
#1169 = DIRECTION('',(-1.,1.224646799147E-16,0.));
#1170 = PLANE('',#1171);
#1171 = AXIS2_PLACEMENT_3D('',#1172,#1173,#1174);
#1172 = CARTESIAN_POINT('',(2.7,2.1,0.));
#1173 = DIRECTION('',(-1.224646799147E-16,-1.,0.));
#1174 = DIRECTION('',(-1.,1.224646799147E-16,0.));
#1175 = ADVANCED_FACE('',(#1176),#1201,.T.);
#1176 = FACE_BOUND('',#1177,.T.);
#1177 = EDGE_LOOP('',(#1178,#1188,#1194,#1195));
#1178 = ORIENTED_EDGE('',*,*,#1179,.T.);
#1179 = EDGE_CURVE('',#1180,#1182,#1184,.T.);
#1180 = VERTEX_POINT('',#1181);
#1181 = CARTESIAN_POINT('',(2.65,-2.1,1.));
#1182 = VERTEX_POINT('',#1183);
#1183 = CARTESIAN_POINT('',(2.65,-1.2,1.));
#1184 = LINE('',#1185,#1186);
#1185 = CARTESIAN_POINT('',(2.65,-2.1,1.));
#1186 = VECTOR('',#1187,1.);
#1187 = DIRECTION('',(1.224646799147E-16,1.,0.));
#1188 = ORIENTED_EDGE('',*,*,#1189,.T.);
#1189 = EDGE_CURVE('',#1182,#533,#1190,.T.);
#1190 = LINE('',#1191,#1192);
#1191 = CARTESIAN_POINT('',(2.7,-1.2,1.));
#1192 = VECTOR('',#1193,1.);
#1193 = DIRECTION('',(-1.,1.224646799147E-16,0.));
#1194 = ORIENTED_EDGE('',*,*,#530,.F.);
#1195 = ORIENTED_EDGE('',*,*,#1196,.T.);
#1196 = EDGE_CURVE('',#531,#1180,#1197,.T.);
#1197 = LINE('',#1198,#1199);
#1198 = CARTESIAN_POINT('',(1.8,-2.1,1.));
#1199 = VECTOR('',#1200,1.);
#1200 = DIRECTION('',(1.,-1.224646799147E-16,0.));
#1201 = PLANE('',#1202);
#1202 = AXIS2_PLACEMENT_3D('',#1203,#1204,#1205);
#1203 = CARTESIAN_POINT('',(2.25,-1.65,1.));
#1204 = DIRECTION('',(0.,0.,1.));
#1205 = DIRECTION('',(-1.,1.224646799147E-16,0.));
#1206 = ADVANCED_FACE('',(#1207),#1286,.F.);
#1207 = FACE_BOUND('',#1208,.F.);
#1208 = EDGE_LOOP('',(#1209,#1220,#1228,#1235,#1236,#1237,#1245,#1254,
    #1262,#1269,#1270,#1271,#1272,#1280));
#1209 = ORIENTED_EDGE('',*,*,#1210,.F.);
#1210 = EDGE_CURVE('',#1211,#1213,#1215,.T.);
#1211 = VERTEX_POINT('',#1212);
#1212 = CARTESIAN_POINT('',(2.7,-1.2,5.E-02));
#1213 = VERTEX_POINT('',#1214);
#1214 = CARTESIAN_POINT('',(2.65,-1.2,-6.938893903907E-18));
#1215 = CIRCLE('',#1216,5.E-02);
#1216 = AXIS2_PLACEMENT_3D('',#1217,#1218,#1219);
#1217 = CARTESIAN_POINT('',(2.65,-1.2,5.E-02));
#1218 = DIRECTION('',(1.224646799147E-16,1.,0.));
#1219 = DIRECTION('',(0.,0.,-1.));
#1220 = ORIENTED_EDGE('',*,*,#1221,.T.);
#1221 = EDGE_CURVE('',#1211,#1222,#1224,.T.);
#1222 = VERTEX_POINT('',#1223);
#1223 = CARTESIAN_POINT('',(2.7,-1.2,0.95));
#1224 = LINE('',#1225,#1226);
#1225 = CARTESIAN_POINT('',(2.7,-1.2,0.));
#1226 = VECTOR('',#1227,1.);
#1227 = DIRECTION('',(0.,0.,1.));
#1228 = ORIENTED_EDGE('',*,*,#1229,.T.);
#1229 = EDGE_CURVE('',#1222,#1182,#1230,.T.);
#1230 = CIRCLE('',#1231,5.E-02);
#1231 = AXIS2_PLACEMENT_3D('',#1232,#1233,#1234);
#1232 = CARTESIAN_POINT('',(2.65,-1.2,0.95));
#1233 = DIRECTION('',(-1.224646799147E-16,-1.,0.));
#1234 = DIRECTION('',(-0.,0.,-1.));
#1235 = ORIENTED_EDGE('',*,*,#1189,.T.);
#1236 = ORIENTED_EDGE('',*,*,#556,.F.);
#1237 = ORIENTED_EDGE('',*,*,#1238,.F.);
#1238 = EDGE_CURVE('',#1239,#549,#1241,.T.);
#1239 = VERTEX_POINT('',#1240);
#1240 = CARTESIAN_POINT('',(2.55,-1.2,0.9));
#1241 = LINE('',#1242,#1243);
#1242 = CARTESIAN_POINT('',(2.475,-1.2,0.9));
#1243 = VECTOR('',#1244,1.);
#1244 = DIRECTION('',(-1.,1.224646799147E-16,4.996063166392E-32));
#1245 = ORIENTED_EDGE('',*,*,#1246,.T.);
#1246 = EDGE_CURVE('',#1239,#1247,#1249,.T.);
#1247 = VERTEX_POINT('',#1248);
#1248 = CARTESIAN_POINT('',(2.6,-1.2,0.85));
#1249 = CIRCLE('',#1250,5.E-02);
#1250 = AXIS2_PLACEMENT_3D('',#1251,#1252,#1253);
#1251 = CARTESIAN_POINT('',(2.55,-1.2,0.85));
#1252 = DIRECTION('',(1.224646799147E-16,1.,0.));
#1253 = DIRECTION('',(1.,-1.224646799147E-16,0.));
#1254 = ORIENTED_EDGE('',*,*,#1255,.T.);
#1255 = EDGE_CURVE('',#1247,#1256,#1258,.T.);
#1256 = VERTEX_POINT('',#1257);
#1257 = CARTESIAN_POINT('',(2.6,-1.2,0.15));
#1258 = LINE('',#1259,#1260);
#1259 = CARTESIAN_POINT('',(2.6,-1.2,5.E-02));
#1260 = VECTOR('',#1261,1.);
#1261 = DIRECTION('',(0.,-0.,-1.));
#1262 = ORIENTED_EDGE('',*,*,#1263,.T.);
#1263 = EDGE_CURVE('',#1256,#933,#1264,.T.);
#1264 = CIRCLE('',#1265,5.E-02);
#1265 = AXIS2_PLACEMENT_3D('',#1266,#1267,#1268);
#1266 = CARTESIAN_POINT('',(2.55,-1.2,0.15));
#1267 = DIRECTION('',(1.224646799147E-16,1.,0.));
#1268 = DIRECTION('',(1.,-1.224646799147E-16,0.));
#1269 = ORIENTED_EDGE('',*,*,#940,.T.);
#1270 = ORIENTED_EDGE('',*,*,#846,.T.);
#1271 = ORIENTED_EDGE('',*,*,#838,.F.);
#1272 = ORIENTED_EDGE('',*,*,#1273,.F.);
#1273 = EDGE_CURVE('',#1274,#831,#1276,.T.);
#1274 = VERTEX_POINT('',#1275);
#1275 = CARTESIAN_POINT('',(1.8,-1.2,0.));
#1276 = LINE('',#1277,#1278);
#1277 = CARTESIAN_POINT('',(1.8,-1.2,0.));
#1278 = VECTOR('',#1279,1.);
#1279 = DIRECTION('',(0.,0.,1.));
#1280 = ORIENTED_EDGE('',*,*,#1281,.F.);
#1281 = EDGE_CURVE('',#1213,#1274,#1282,.T.);
#1282 = LINE('',#1283,#1284);
#1283 = CARTESIAN_POINT('',(2.7,-1.2,0.));
#1284 = VECTOR('',#1285,1.);
#1285 = DIRECTION('',(-1.,1.224646799147E-16,0.));
#1286 = PLANE('',#1287);
#1287 = AXIS2_PLACEMENT_3D('',#1288,#1289,#1290);
#1288 = CARTESIAN_POINT('',(2.7,-1.2,0.));
#1289 = DIRECTION('',(-1.224646799147E-16,-1.,0.));
#1290 = DIRECTION('',(-1.,1.224646799147E-16,0.));
#1291 = ADVANCED_FACE('',(#1292),#1310,.F.);
#1292 = FACE_BOUND('',#1293,.F.);
#1293 = EDGE_LOOP('',(#1294,#1302,#1303,#1304));
#1294 = ORIENTED_EDGE('',*,*,#1295,.T.);
#1295 = EDGE_CURVE('',#1296,#1239,#1298,.T.);
#1296 = VERTEX_POINT('',#1297);
#1297 = CARTESIAN_POINT('',(2.55,-2.1,0.9));
#1298 = LINE('',#1299,#1300);
#1299 = CARTESIAN_POINT('',(2.55,-2.2,0.9));
#1300 = VECTOR('',#1301,1.);
#1301 = DIRECTION('',(1.224646799147E-16,1.,0.));
#1302 = ORIENTED_EDGE('',*,*,#1238,.T.);
#1303 = ORIENTED_EDGE('',*,*,#548,.F.);
#1304 = ORIENTED_EDGE('',*,*,#1305,.T.);
#1305 = EDGE_CURVE('',#541,#1296,#1306,.T.);
#1306 = LINE('',#1307,#1308);
#1307 = CARTESIAN_POINT('',(2.025,-2.1,0.9));
#1308 = VECTOR('',#1309,1.);
#1309 = DIRECTION('',(1.,-1.224646799147E-16,-4.996063166392E-32));
#1310 = PLANE('',#1311);
#1311 = AXIS2_PLACEMENT_3D('',#1312,#1313,#1314);
#1312 = CARTESIAN_POINT('',(2.25,-1.65,0.9));
#1313 = DIRECTION('',(4.996063166392E-32,3.890767564419E-33,1.));
#1314 = DIRECTION('',(-1.,1.224646799147E-16,4.996063166392E-32));
#1315 = ADVANCED_FACE('',(#1316),#1388,.F.);
#1316 = FACE_BOUND('',#1317,.F.);
#1317 = EDGE_LOOP('',(#1318,#1328,#1337,#1345,#1351,#1352,#1353,#1354,
    #1363,#1371,#1378,#1379,#1380,#1381));
#1318 = ORIENTED_EDGE('',*,*,#1319,.F.);
#1319 = EDGE_CURVE('',#1320,#1322,#1324,.T.);
#1320 = VERTEX_POINT('',#1321);
#1321 = CARTESIAN_POINT('',(2.7,-2.1,5.E-02));
#1322 = VERTEX_POINT('',#1323);
#1323 = CARTESIAN_POINT('',(2.7,-2.1,0.95));
#1324 = LINE('',#1325,#1326);
#1325 = CARTESIAN_POINT('',(2.7,-2.1,0.));
#1326 = VECTOR('',#1327,1.);
#1327 = DIRECTION('',(0.,0.,1.));
#1328 = ORIENTED_EDGE('',*,*,#1329,.T.);
#1329 = EDGE_CURVE('',#1320,#1330,#1332,.T.);
#1330 = VERTEX_POINT('',#1331);
#1331 = CARTESIAN_POINT('',(2.65,-2.1,-6.938893903907E-18));
#1332 = CIRCLE('',#1333,5.E-02);
#1333 = AXIS2_PLACEMENT_3D('',#1334,#1335,#1336);
#1334 = CARTESIAN_POINT('',(2.65,-2.1,5.E-02));
#1335 = DIRECTION('',(1.224646799147E-16,1.,0.));
#1336 = DIRECTION('',(0.,0.,-1.));
#1337 = ORIENTED_EDGE('',*,*,#1338,.F.);
#1338 = EDGE_CURVE('',#1339,#1330,#1341,.T.);
#1339 = VERTEX_POINT('',#1340);
#1340 = CARTESIAN_POINT('',(1.8,-2.1,0.));
#1341 = LINE('',#1342,#1343);
#1342 = CARTESIAN_POINT('',(1.8,-2.1,0.));
#1343 = VECTOR('',#1344,1.);
#1344 = DIRECTION('',(1.,-1.224646799147E-16,0.));
#1345 = ORIENTED_EDGE('',*,*,#1346,.T.);
#1346 = EDGE_CURVE('',#1339,#823,#1347,.T.);
#1347 = LINE('',#1348,#1349);
#1348 = CARTESIAN_POINT('',(1.8,-2.1,0.));
#1349 = VECTOR('',#1350,1.);
#1350 = DIRECTION('',(0.,0.,1.));
#1351 = ORIENTED_EDGE('',*,*,#822,.F.);
#1352 = ORIENTED_EDGE('',*,*,#814,.T.);
#1353 = ORIENTED_EDGE('',*,*,#947,.T.);
#1354 = ORIENTED_EDGE('',*,*,#1355,.F.);
#1355 = EDGE_CURVE('',#1356,#931,#1358,.T.);
#1356 = VERTEX_POINT('',#1357);
#1357 = CARTESIAN_POINT('',(2.6,-2.1,0.15));
#1358 = CIRCLE('',#1359,5.E-02);
#1359 = AXIS2_PLACEMENT_3D('',#1360,#1361,#1362);
#1360 = CARTESIAN_POINT('',(2.55,-2.1,0.15));
#1361 = DIRECTION('',(1.224646799147E-16,1.,0.));
#1362 = DIRECTION('',(1.,-1.224646799147E-16,0.));
#1363 = ORIENTED_EDGE('',*,*,#1364,.T.);
#1364 = EDGE_CURVE('',#1356,#1365,#1367,.T.);
#1365 = VERTEX_POINT('',#1366);
#1366 = CARTESIAN_POINT('',(2.6,-2.1,0.85));
#1367 = LINE('',#1368,#1369);
#1368 = CARTESIAN_POINT('',(2.6,-2.1,5.E-02));
#1369 = VECTOR('',#1370,1.);
#1370 = DIRECTION('',(0.,0.,1.));
#1371 = ORIENTED_EDGE('',*,*,#1372,.F.);
#1372 = EDGE_CURVE('',#1296,#1365,#1373,.T.);
#1373 = CIRCLE('',#1374,5.E-02);
#1374 = AXIS2_PLACEMENT_3D('',#1375,#1376,#1377);
#1375 = CARTESIAN_POINT('',(2.55,-2.1,0.85));
#1376 = DIRECTION('',(1.224646799147E-16,1.,0.));
#1377 = DIRECTION('',(1.,-1.224646799147E-16,0.));
#1378 = ORIENTED_EDGE('',*,*,#1305,.F.);
#1379 = ORIENTED_EDGE('',*,*,#540,.F.);
#1380 = ORIENTED_EDGE('',*,*,#1196,.T.);
#1381 = ORIENTED_EDGE('',*,*,#1382,.F.);
#1382 = EDGE_CURVE('',#1322,#1180,#1383,.T.);
#1383 = CIRCLE('',#1384,5.E-02);
#1384 = AXIS2_PLACEMENT_3D('',#1385,#1386,#1387);
#1385 = CARTESIAN_POINT('',(2.65,-2.1,0.95));
#1386 = DIRECTION('',(-1.224646799147E-16,-1.,0.));
#1387 = DIRECTION('',(-0.,0.,-1.));
#1388 = PLANE('',#1389);
#1389 = AXIS2_PLACEMENT_3D('',#1390,#1391,#1392);
#1390 = CARTESIAN_POINT('',(1.8,-2.1,0.));
#1391 = DIRECTION('',(1.224646799147E-16,1.,0.));
#1392 = DIRECTION('',(1.,-1.224646799147E-16,0.));
#1393 = ADVANCED_FACE('',(#1394),#1419,.T.);
#1394 = FACE_BOUND('',#1395,.T.);
#1395 = EDGE_LOOP('',(#1396,#1397,#1405,#1413));
#1396 = ORIENTED_EDGE('',*,*,#604,.F.);
#1397 = ORIENTED_EDGE('',*,*,#1398,.T.);
#1398 = EDGE_CURVE('',#605,#1399,#1401,.T.);
#1399 = VERTEX_POINT('',#1400);
#1400 = CARTESIAN_POINT('',(-2.55,2.1,0.1));
#1401 = LINE('',#1402,#1403);
#1402 = CARTESIAN_POINT('',(-2.025,2.1,0.1));
#1403 = VECTOR('',#1404,1.);
#1404 = DIRECTION('',(-1.,1.224646799147E-16,-4.996063166392E-32));
#1405 = ORIENTED_EDGE('',*,*,#1406,.T.);
#1406 = EDGE_CURVE('',#1399,#1407,#1409,.T.);
#1407 = VERTEX_POINT('',#1408);
#1408 = CARTESIAN_POINT('',(-2.55,1.2,0.1));
#1409 = LINE('',#1410,#1411);
#1410 = CARTESIAN_POINT('',(-2.55,2.2,0.1));
#1411 = VECTOR('',#1412,1.);
#1412 = DIRECTION('',(-1.224646799147E-16,-1.,0.));
#1413 = ORIENTED_EDGE('',*,*,#1414,.T.);
#1414 = EDGE_CURVE('',#1407,#597,#1415,.T.);
#1415 = LINE('',#1416,#1417);
#1416 = CARTESIAN_POINT('',(-2.475,1.2,0.1));
#1417 = VECTOR('',#1418,1.);
#1418 = DIRECTION('',(1.,-1.224646799147E-16,4.996063166392E-32));
#1419 = PLANE('',#1420);
#1420 = AXIS2_PLACEMENT_3D('',#1421,#1422,#1423);
#1421 = CARTESIAN_POINT('',(-2.25,1.65,0.1));
#1422 = DIRECTION('',(-4.996063166392E-32,1.556307025767E-32,1.));
#1423 = DIRECTION('',(-1.,1.224646799147E-16,-4.996063166392E-32));
#1424 = ADVANCED_FACE('',(#1425),#1450,.T.);
#1425 = FACE_BOUND('',#1426,.T.);
#1426 = EDGE_LOOP('',(#1427,#1428,#1436,#1444));
#1427 = ORIENTED_EDGE('',*,*,#588,.F.);
#1428 = ORIENTED_EDGE('',*,*,#1429,.T.);
#1429 = EDGE_CURVE('',#589,#1430,#1432,.T.);
#1430 = VERTEX_POINT('',#1431);
#1431 = CARTESIAN_POINT('',(-2.55,-1.2,0.1));
#1432 = LINE('',#1433,#1434);
#1433 = CARTESIAN_POINT('',(-2.025,-1.2,0.1));
#1434 = VECTOR('',#1435,1.);
#1435 = DIRECTION('',(-1.,1.224646799147E-16,-4.996063166392E-32));
#1436 = ORIENTED_EDGE('',*,*,#1437,.T.);
#1437 = EDGE_CURVE('',#1430,#1438,#1440,.T.);
#1438 = VERTEX_POINT('',#1439);
#1439 = CARTESIAN_POINT('',(-2.55,-2.1,0.1));
#1440 = LINE('',#1441,#1442);
#1441 = CARTESIAN_POINT('',(-2.55,-1.1,0.1));
#1442 = VECTOR('',#1443,1.);
#1443 = DIRECTION('',(-1.224646799147E-16,-1.,0.));
#1444 = ORIENTED_EDGE('',*,*,#1445,.T.);
#1445 = EDGE_CURVE('',#1438,#581,#1446,.T.);
#1446 = LINE('',#1447,#1448);
#1447 = CARTESIAN_POINT('',(-2.475,-2.1,0.1));
#1448 = VECTOR('',#1449,1.);
#1449 = DIRECTION('',(1.,-1.224646799147E-16,4.996063166392E-32));
#1450 = PLANE('',#1451);
#1451 = AXIS2_PLACEMENT_3D('',#1452,#1453,#1454);
#1452 = CARTESIAN_POINT('',(-2.25,-1.65,0.1));
#1453 = DIRECTION('',(-4.996063166392E-32,3.890767564419E-33,1.));
#1454 = DIRECTION('',(-1.,1.224646799147E-16,-4.996063166392E-32));
#1455 = ADVANCED_FACE('',(#1456),#1481,.T.);
#1456 = FACE_BOUND('',#1457,.T.);
#1457 = EDGE_LOOP('',(#1458,#1459,#1467,#1475));
#1458 = ORIENTED_EDGE('',*,*,#620,.F.);
#1459 = ORIENTED_EDGE('',*,*,#1460,.T.);
#1460 = EDGE_CURVE('',#621,#1461,#1463,.T.);
#1461 = VERTEX_POINT('',#1462);
#1462 = CARTESIAN_POINT('',(-2.65,-1.2,1.));
#1463 = LINE('',#1464,#1465);
#1464 = CARTESIAN_POINT('',(-1.8,-1.2,1.));
#1465 = VECTOR('',#1466,1.);
#1466 = DIRECTION('',(-1.,1.224646799147E-16,0.));
#1467 = ORIENTED_EDGE('',*,*,#1468,.T.);
#1468 = EDGE_CURVE('',#1461,#1469,#1471,.T.);
#1469 = VERTEX_POINT('',#1470);
#1470 = CARTESIAN_POINT('',(-2.65,-2.1,1.));
#1471 = LINE('',#1472,#1473);
#1472 = CARTESIAN_POINT('',(-2.65,-1.2,1.));
#1473 = VECTOR('',#1474,1.);
#1474 = DIRECTION('',(-1.224646799147E-16,-1.,0.));
#1475 = ORIENTED_EDGE('',*,*,#1476,.T.);
#1476 = EDGE_CURVE('',#1469,#623,#1477,.T.);
#1477 = LINE('',#1478,#1479);
#1478 = CARTESIAN_POINT('',(-2.7,-2.1,1.));
#1479 = VECTOR('',#1480,1.);
#1480 = DIRECTION('',(1.,-1.224646799147E-16,0.));
#1481 = PLANE('',#1482);
#1482 = AXIS2_PLACEMENT_3D('',#1483,#1484,#1485);
#1483 = CARTESIAN_POINT('',(-2.25,-1.65,1.));
#1484 = DIRECTION('',(0.,0.,1.));
#1485 = DIRECTION('',(-1.,1.224646799147E-16,0.));
#1486 = ADVANCED_FACE('',(#1487),#1566,.F.);
#1487 = FACE_BOUND('',#1488,.F.);
#1488 = EDGE_LOOP('',(#1489,#1500,#1508,#1515,#1516,#1517,#1525,#1534,
    #1542,#1549,#1550,#1551,#1552,#1560));
#1489 = ORIENTED_EDGE('',*,*,#1490,.F.);
#1490 = EDGE_CURVE('',#1491,#1493,#1495,.T.);
#1491 = VERTEX_POINT('',#1492);
#1492 = CARTESIAN_POINT('',(-2.7,-2.1,5.E-02));
#1493 = VERTEX_POINT('',#1494);
#1494 = CARTESIAN_POINT('',(-2.65,-2.1,-6.938893903907E-18));
#1495 = CIRCLE('',#1496,5.E-02);
#1496 = AXIS2_PLACEMENT_3D('',#1497,#1498,#1499);
#1497 = CARTESIAN_POINT('',(-2.65,-2.1,5.E-02));
#1498 = DIRECTION('',(-1.224646799147E-16,-1.,0.));
#1499 = DIRECTION('',(0.,0.,1.));
#1500 = ORIENTED_EDGE('',*,*,#1501,.T.);
#1501 = EDGE_CURVE('',#1491,#1502,#1504,.T.);
#1502 = VERTEX_POINT('',#1503);
#1503 = CARTESIAN_POINT('',(-2.7,-2.1,0.95));
#1504 = LINE('',#1505,#1506);
#1505 = CARTESIAN_POINT('',(-2.7,-2.1,0.));
#1506 = VECTOR('',#1507,1.);
#1507 = DIRECTION('',(0.,0.,1.));
#1508 = ORIENTED_EDGE('',*,*,#1509,.F.);
#1509 = EDGE_CURVE('',#1469,#1502,#1510,.T.);
#1510 = CIRCLE('',#1511,5.E-02);
#1511 = AXIS2_PLACEMENT_3D('',#1512,#1513,#1514);
#1512 = CARTESIAN_POINT('',(-2.65,-2.1,0.95));
#1513 = DIRECTION('',(-1.224646799147E-16,-1.,0.));
#1514 = DIRECTION('',(0.,0.,1.));
#1515 = ORIENTED_EDGE('',*,*,#1476,.T.);
#1516 = ORIENTED_EDGE('',*,*,#646,.F.);
#1517 = ORIENTED_EDGE('',*,*,#1518,.F.);
#1518 = EDGE_CURVE('',#1519,#639,#1521,.T.);
#1519 = VERTEX_POINT('',#1520);
#1520 = CARTESIAN_POINT('',(-2.55,-2.1,0.9));
#1521 = LINE('',#1522,#1523);
#1522 = CARTESIAN_POINT('',(-2.475,-2.1,0.9));
#1523 = VECTOR('',#1524,1.);
#1524 = DIRECTION('',(1.,-1.224646799147E-16,4.996063166392E-32));
#1525 = ORIENTED_EDGE('',*,*,#1526,.T.);
#1526 = EDGE_CURVE('',#1519,#1527,#1529,.T.);
#1527 = VERTEX_POINT('',#1528);
#1528 = CARTESIAN_POINT('',(-2.6,-2.1,0.85));
#1529 = CIRCLE('',#1530,5.E-02);
#1530 = AXIS2_PLACEMENT_3D('',#1531,#1532,#1533);
#1531 = CARTESIAN_POINT('',(-2.55,-2.1,0.85));
#1532 = DIRECTION('',(-1.224646799147E-16,-1.,0.));
#1533 = DIRECTION('',(-1.,1.224646799147E-16,0.));
#1534 = ORIENTED_EDGE('',*,*,#1535,.T.);
#1535 = EDGE_CURVE('',#1527,#1536,#1538,.T.);
#1536 = VERTEX_POINT('',#1537);
#1537 = CARTESIAN_POINT('',(-2.6,-2.1,0.15));
#1538 = LINE('',#1539,#1540);
#1539 = CARTESIAN_POINT('',(-2.6,-2.1,5.E-02));
#1540 = VECTOR('',#1541,1.);
#1541 = DIRECTION('',(0.,0.,-1.));
#1542 = ORIENTED_EDGE('',*,*,#1543,.T.);
#1543 = EDGE_CURVE('',#1536,#1438,#1544,.T.);
#1544 = CIRCLE('',#1545,5.E-02);
#1545 = AXIS2_PLACEMENT_3D('',#1546,#1547,#1548);
#1546 = CARTESIAN_POINT('',(-2.55,-2.1,0.15));
#1547 = DIRECTION('',(-1.224646799147E-16,-1.,0.));
#1548 = DIRECTION('',(4.996063166392E-32,-6.118412765058E-48,-1.));
#1549 = ORIENTED_EDGE('',*,*,#1445,.T.);
#1550 = ORIENTED_EDGE('',*,*,#805,.T.);
#1551 = ORIENTED_EDGE('',*,*,#797,.F.);
#1552 = ORIENTED_EDGE('',*,*,#1553,.F.);
#1553 = EDGE_CURVE('',#1554,#790,#1556,.T.);
#1554 = VERTEX_POINT('',#1555);
#1555 = CARTESIAN_POINT('',(-1.8,-2.1,0.));
#1556 = LINE('',#1557,#1558);
#1557 = CARTESIAN_POINT('',(-1.8,-2.1,0.));
#1558 = VECTOR('',#1559,1.);
#1559 = DIRECTION('',(0.,0.,1.));
#1560 = ORIENTED_EDGE('',*,*,#1561,.F.);
#1561 = EDGE_CURVE('',#1493,#1554,#1562,.T.);
#1562 = LINE('',#1563,#1564);
#1563 = CARTESIAN_POINT('',(-2.7,-2.1,0.));
#1564 = VECTOR('',#1565,1.);
#1565 = DIRECTION('',(1.,-1.224646799147E-16,0.));
#1566 = PLANE('',#1567);
#1567 = AXIS2_PLACEMENT_3D('',#1568,#1569,#1570);
#1568 = CARTESIAN_POINT('',(-2.7,-2.1,0.));
#1569 = DIRECTION('',(1.224646799147E-16,1.,0.));
#1570 = DIRECTION('',(1.,-1.224646799147E-16,0.));
#1571 = ADVANCED_FACE('',(#1572),#1590,.F.);
#1572 = FACE_BOUND('',#1573,.F.);
#1573 = EDGE_LOOP('',(#1574,#1575,#1583,#1589));
#1574 = ORIENTED_EDGE('',*,*,#638,.F.);
#1575 = ORIENTED_EDGE('',*,*,#1576,.T.);
#1576 = EDGE_CURVE('',#631,#1577,#1579,.T.);
#1577 = VERTEX_POINT('',#1578);
#1578 = CARTESIAN_POINT('',(-2.55,-1.2,0.9));
#1579 = LINE('',#1580,#1581);
#1580 = CARTESIAN_POINT('',(-2.025,-1.2,0.9));
#1581 = VECTOR('',#1582,1.);
#1582 = DIRECTION('',(-1.,1.224646799147E-16,-4.996063166392E-32));
#1583 = ORIENTED_EDGE('',*,*,#1584,.T.);
#1584 = EDGE_CURVE('',#1577,#1519,#1585,.T.);
#1585 = LINE('',#1586,#1587);
#1586 = CARTESIAN_POINT('',(-2.55,-1.1,0.9));
#1587 = VECTOR('',#1588,1.);
#1588 = DIRECTION('',(-1.224646799147E-16,-1.,0.));
#1589 = ORIENTED_EDGE('',*,*,#1518,.T.);
#1590 = PLANE('',#1591);
#1591 = AXIS2_PLACEMENT_3D('',#1592,#1593,#1594);
#1592 = CARTESIAN_POINT('',(-2.25,-1.65,0.9));
#1593 = DIRECTION('',(-4.996063166392E-32,3.890767564419E-33,1.));
#1594 = DIRECTION('',(-1.,1.224646799147E-16,-4.996063166392E-32));
#1595 = ADVANCED_FACE('',(#1596),#1668,.F.);
#1596 = FACE_BOUND('',#1597,.F.);
#1597 = EDGE_LOOP('',(#1598,#1608,#1617,#1625,#1631,#1632,#1633,#1634,
    #1643,#1651,#1658,#1659,#1660,#1661));
#1598 = ORIENTED_EDGE('',*,*,#1599,.F.);
#1599 = EDGE_CURVE('',#1600,#1602,#1604,.T.);
#1600 = VERTEX_POINT('',#1601);
#1601 = CARTESIAN_POINT('',(-2.7,-1.2,5.E-02));
#1602 = VERTEX_POINT('',#1603);
#1603 = CARTESIAN_POINT('',(-2.7,-1.2,0.95));
#1604 = LINE('',#1605,#1606);
#1605 = CARTESIAN_POINT('',(-2.7,-1.2,0.));
#1606 = VECTOR('',#1607,1.);
#1607 = DIRECTION('',(0.,0.,1.));
#1608 = ORIENTED_EDGE('',*,*,#1609,.T.);
#1609 = EDGE_CURVE('',#1600,#1610,#1612,.T.);
#1610 = VERTEX_POINT('',#1611);
#1611 = CARTESIAN_POINT('',(-2.65,-1.2,-6.938893903907E-18));
#1612 = CIRCLE('',#1613,5.E-02);
#1613 = AXIS2_PLACEMENT_3D('',#1614,#1615,#1616);
#1614 = CARTESIAN_POINT('',(-2.65,-1.2,5.E-02));
#1615 = DIRECTION('',(-1.224646799147E-16,-1.,0.));
#1616 = DIRECTION('',(0.,0.,1.));
#1617 = ORIENTED_EDGE('',*,*,#1618,.F.);
#1618 = EDGE_CURVE('',#1619,#1610,#1621,.T.);
#1619 = VERTEX_POINT('',#1620);
#1620 = CARTESIAN_POINT('',(-1.8,-1.2,0.));
#1621 = LINE('',#1622,#1623);
#1622 = CARTESIAN_POINT('',(-1.8,-1.2,0.));
#1623 = VECTOR('',#1624,1.);
#1624 = DIRECTION('',(-1.,1.224646799147E-16,0.));
#1625 = ORIENTED_EDGE('',*,*,#1626,.T.);
#1626 = EDGE_CURVE('',#1619,#782,#1627,.T.);
#1627 = LINE('',#1628,#1629);
#1628 = CARTESIAN_POINT('',(-1.8,-1.2,0.));
#1629 = VECTOR('',#1630,1.);
#1630 = DIRECTION('',(0.,0.,1.));
#1631 = ORIENTED_EDGE('',*,*,#781,.F.);
#1632 = ORIENTED_EDGE('',*,*,#773,.T.);
#1633 = ORIENTED_EDGE('',*,*,#1429,.T.);
#1634 = ORIENTED_EDGE('',*,*,#1635,.F.);
#1635 = EDGE_CURVE('',#1636,#1430,#1638,.T.);
#1636 = VERTEX_POINT('',#1637);
#1637 = CARTESIAN_POINT('',(-2.6,-1.2,0.15));
#1638 = CIRCLE('',#1639,5.E-02);
#1639 = AXIS2_PLACEMENT_3D('',#1640,#1641,#1642);
#1640 = CARTESIAN_POINT('',(-2.55,-1.2,0.15));
#1641 = DIRECTION('',(-1.224646799147E-16,-1.,0.));
#1642 = DIRECTION('',(4.996063166392E-32,-6.118412765058E-48,-1.));
#1643 = ORIENTED_EDGE('',*,*,#1644,.T.);
#1644 = EDGE_CURVE('',#1636,#1645,#1647,.T.);
#1645 = VERTEX_POINT('',#1646);
#1646 = CARTESIAN_POINT('',(-2.6,-1.2,0.85));
#1647 = LINE('',#1648,#1649);
#1648 = CARTESIAN_POINT('',(-2.6,-1.2,5.E-02));
#1649 = VECTOR('',#1650,1.);
#1650 = DIRECTION('',(0.,0.,1.));
#1651 = ORIENTED_EDGE('',*,*,#1652,.F.);
#1652 = EDGE_CURVE('',#1577,#1645,#1653,.T.);
#1653 = CIRCLE('',#1654,5.E-02);
#1654 = AXIS2_PLACEMENT_3D('',#1655,#1656,#1657);
#1655 = CARTESIAN_POINT('',(-2.55,-1.2,0.85));
#1656 = DIRECTION('',(-1.224646799147E-16,-1.,0.));
#1657 = DIRECTION('',(-1.,1.224646799147E-16,0.));
#1658 = ORIENTED_EDGE('',*,*,#1576,.F.);
#1659 = ORIENTED_EDGE('',*,*,#630,.F.);
#1660 = ORIENTED_EDGE('',*,*,#1460,.T.);
#1661 = ORIENTED_EDGE('',*,*,#1662,.T.);
#1662 = EDGE_CURVE('',#1461,#1602,#1663,.T.);
#1663 = CIRCLE('',#1664,5.E-02);
#1664 = AXIS2_PLACEMENT_3D('',#1665,#1666,#1667);
#1665 = CARTESIAN_POINT('',(-2.65,-1.2,0.95));
#1666 = DIRECTION('',(-1.224646799147E-16,-1.,0.));
#1667 = DIRECTION('',(0.,0.,1.));
#1668 = PLANE('',#1669);
#1669 = AXIS2_PLACEMENT_3D('',#1670,#1671,#1672);
#1670 = CARTESIAN_POINT('',(-1.8,-1.2,0.));
#1671 = DIRECTION('',(-1.224646799147E-16,-1.,0.));
#1672 = DIRECTION('',(-1.,1.224646799147E-16,0.));
#1673 = ADVANCED_FACE('',(#1674),#1699,.T.);
#1674 = FACE_BOUND('',#1675,.T.);
#1675 = EDGE_LOOP('',(#1676,#1677,#1685,#1693));
#1676 = ORIENTED_EDGE('',*,*,#654,.F.);
#1677 = ORIENTED_EDGE('',*,*,#1678,.T.);
#1678 = EDGE_CURVE('',#655,#1679,#1681,.T.);
#1679 = VERTEX_POINT('',#1680);
#1680 = CARTESIAN_POINT('',(-2.65,2.1,1.));
#1681 = LINE('',#1682,#1683);
#1682 = CARTESIAN_POINT('',(-1.8,2.1,1.));
#1683 = VECTOR('',#1684,1.);
#1684 = DIRECTION('',(-1.,1.224646799147E-16,0.));
#1685 = ORIENTED_EDGE('',*,*,#1686,.T.);
#1686 = EDGE_CURVE('',#1679,#1687,#1689,.T.);
#1687 = VERTEX_POINT('',#1688);
#1688 = CARTESIAN_POINT('',(-2.65,1.2,1.));
#1689 = LINE('',#1690,#1691);
#1690 = CARTESIAN_POINT('',(-2.65,2.1,1.));
#1691 = VECTOR('',#1692,1.);
#1692 = DIRECTION('',(-1.224646799147E-16,-1.,0.));
#1693 = ORIENTED_EDGE('',*,*,#1694,.T.);
#1694 = EDGE_CURVE('',#1687,#657,#1695,.T.);
#1695 = LINE('',#1696,#1697);
#1696 = CARTESIAN_POINT('',(-2.7,1.2,1.));
#1697 = VECTOR('',#1698,1.);
#1698 = DIRECTION('',(1.,-1.224646799147E-16,0.));
#1699 = PLANE('',#1700);
#1700 = AXIS2_PLACEMENT_3D('',#1701,#1702,#1703);
#1701 = CARTESIAN_POINT('',(-2.25,1.65,1.));
#1702 = DIRECTION('',(0.,0.,1.));
#1703 = DIRECTION('',(-1.,1.224646799147E-16,0.));
#1704 = ADVANCED_FACE('',(#1705),#1784,.F.);
#1705 = FACE_BOUND('',#1706,.F.);
#1706 = EDGE_LOOP('',(#1707,#1718,#1726,#1733,#1734,#1735,#1743,#1752,
    #1760,#1767,#1768,#1769,#1770,#1778));
#1707 = ORIENTED_EDGE('',*,*,#1708,.F.);
#1708 = EDGE_CURVE('',#1709,#1711,#1713,.T.);
#1709 = VERTEX_POINT('',#1710);
#1710 = CARTESIAN_POINT('',(-2.7,1.2,5.E-02));
#1711 = VERTEX_POINT('',#1712);
#1712 = CARTESIAN_POINT('',(-2.65,1.2,-6.938893903907E-18));
#1713 = CIRCLE('',#1714,5.E-02);
#1714 = AXIS2_PLACEMENT_3D('',#1715,#1716,#1717);
#1715 = CARTESIAN_POINT('',(-2.65,1.2,5.E-02));
#1716 = DIRECTION('',(-1.224646799147E-16,-1.,0.));
#1717 = DIRECTION('',(0.,0.,1.));
#1718 = ORIENTED_EDGE('',*,*,#1719,.T.);
#1719 = EDGE_CURVE('',#1709,#1720,#1722,.T.);
#1720 = VERTEX_POINT('',#1721);
#1721 = CARTESIAN_POINT('',(-2.7,1.2,0.95));
#1722 = LINE('',#1723,#1724);
#1723 = CARTESIAN_POINT('',(-2.7,1.2,0.));
#1724 = VECTOR('',#1725,1.);
#1725 = DIRECTION('',(0.,0.,1.));
#1726 = ORIENTED_EDGE('',*,*,#1727,.F.);
#1727 = EDGE_CURVE('',#1687,#1720,#1728,.T.);
#1728 = CIRCLE('',#1729,5.E-02);
#1729 = AXIS2_PLACEMENT_3D('',#1730,#1731,#1732);
#1730 = CARTESIAN_POINT('',(-2.65,1.2,0.95));
#1731 = DIRECTION('',(-1.224646799147E-16,-1.,0.));
#1732 = DIRECTION('',(0.,0.,1.));
#1733 = ORIENTED_EDGE('',*,*,#1694,.T.);
#1734 = ORIENTED_EDGE('',*,*,#680,.F.);
#1735 = ORIENTED_EDGE('',*,*,#1736,.F.);
#1736 = EDGE_CURVE('',#1737,#673,#1739,.T.);
#1737 = VERTEX_POINT('',#1738);
#1738 = CARTESIAN_POINT('',(-2.55,1.2,0.9));
#1739 = LINE('',#1740,#1741);
#1740 = CARTESIAN_POINT('',(-2.475,1.2,0.9));
#1741 = VECTOR('',#1742,1.);
#1742 = DIRECTION('',(1.,-1.224646799147E-16,4.996063166392E-32));
#1743 = ORIENTED_EDGE('',*,*,#1744,.T.);
#1744 = EDGE_CURVE('',#1737,#1745,#1747,.T.);
#1745 = VERTEX_POINT('',#1746);
#1746 = CARTESIAN_POINT('',(-2.6,1.2,0.85));
#1747 = CIRCLE('',#1748,5.E-02);
#1748 = AXIS2_PLACEMENT_3D('',#1749,#1750,#1751);
#1749 = CARTESIAN_POINT('',(-2.55,1.2,0.85));
#1750 = DIRECTION('',(-1.224646799147E-16,-1.,0.));
#1751 = DIRECTION('',(-1.,1.224646799147E-16,0.));
#1752 = ORIENTED_EDGE('',*,*,#1753,.T.);
#1753 = EDGE_CURVE('',#1745,#1754,#1756,.T.);
#1754 = VERTEX_POINT('',#1755);
#1755 = CARTESIAN_POINT('',(-2.6,1.2,0.15));
#1756 = LINE('',#1757,#1758);
#1757 = CARTESIAN_POINT('',(-2.6,1.2,5.E-02));
#1758 = VECTOR('',#1759,1.);
#1759 = DIRECTION('',(0.,0.,-1.));
#1760 = ORIENTED_EDGE('',*,*,#1761,.T.);
#1761 = EDGE_CURVE('',#1754,#1407,#1762,.T.);
#1762 = CIRCLE('',#1763,5.E-02);
#1763 = AXIS2_PLACEMENT_3D('',#1764,#1765,#1766);
#1764 = CARTESIAN_POINT('',(-2.55,1.2,0.15));
#1765 = DIRECTION('',(-1.224646799147E-16,-1.,0.));
#1766 = DIRECTION('',(4.996063166392E-32,-6.118412765058E-48,-1.));
#1767 = ORIENTED_EDGE('',*,*,#1414,.T.);
#1768 = ORIENTED_EDGE('',*,*,#766,.T.);
#1769 = ORIENTED_EDGE('',*,*,#758,.F.);
#1770 = ORIENTED_EDGE('',*,*,#1771,.F.);
#1771 = EDGE_CURVE('',#1772,#751,#1774,.T.);
#1772 = VERTEX_POINT('',#1773);
#1773 = CARTESIAN_POINT('',(-1.8,1.2,0.));
#1774 = LINE('',#1775,#1776);
#1775 = CARTESIAN_POINT('',(-1.8,1.2,0.));
#1776 = VECTOR('',#1777,1.);
#1777 = DIRECTION('',(0.,0.,1.));
#1778 = ORIENTED_EDGE('',*,*,#1779,.F.);
#1779 = EDGE_CURVE('',#1711,#1772,#1780,.T.);
#1780 = LINE('',#1781,#1782);
#1781 = CARTESIAN_POINT('',(-2.7,1.2,0.));
#1782 = VECTOR('',#1783,1.);
#1783 = DIRECTION('',(1.,-1.224646799147E-16,0.));
#1784 = PLANE('',#1785);
#1785 = AXIS2_PLACEMENT_3D('',#1786,#1787,#1788);
#1786 = CARTESIAN_POINT('',(-2.7,1.2,0.));
#1787 = DIRECTION('',(1.224646799147E-16,1.,0.));
#1788 = DIRECTION('',(1.,-1.224646799147E-16,0.));
#1789 = ADVANCED_FACE('',(#1790),#1808,.F.);
#1790 = FACE_BOUND('',#1791,.F.);
#1791 = EDGE_LOOP('',(#1792,#1793,#1801,#1807));
#1792 = ORIENTED_EDGE('',*,*,#672,.F.);
#1793 = ORIENTED_EDGE('',*,*,#1794,.T.);
#1794 = EDGE_CURVE('',#665,#1795,#1797,.T.);
#1795 = VERTEX_POINT('',#1796);
#1796 = CARTESIAN_POINT('',(-2.55,2.1,0.9));
#1797 = LINE('',#1798,#1799);
#1798 = CARTESIAN_POINT('',(-2.025,2.1,0.9));
#1799 = VECTOR('',#1800,1.);
#1800 = DIRECTION('',(-1.,1.224646799147E-16,-4.996063166392E-32));
#1801 = ORIENTED_EDGE('',*,*,#1802,.T.);
#1802 = EDGE_CURVE('',#1795,#1737,#1803,.T.);
#1803 = LINE('',#1804,#1805);
#1804 = CARTESIAN_POINT('',(-2.55,2.2,0.9));
#1805 = VECTOR('',#1806,1.);
#1806 = DIRECTION('',(-1.224646799147E-16,-1.,0.));
#1807 = ORIENTED_EDGE('',*,*,#1736,.T.);
#1808 = PLANE('',#1809);
#1809 = AXIS2_PLACEMENT_3D('',#1810,#1811,#1812);
#1810 = CARTESIAN_POINT('',(-2.25,1.65,0.9));
#1811 = DIRECTION('',(-4.996063166392E-32,1.556307025767E-32,1.));
#1812 = DIRECTION('',(-1.,1.224646799147E-16,-4.996063166392E-32));
#1813 = ADVANCED_FACE('',(#1814),#1886,.F.);
#1814 = FACE_BOUND('',#1815,.F.);
#1815 = EDGE_LOOP('',(#1816,#1826,#1835,#1843,#1849,#1850,#1851,#1852,
    #1861,#1869,#1876,#1877,#1878,#1879));
#1816 = ORIENTED_EDGE('',*,*,#1817,.F.);
#1817 = EDGE_CURVE('',#1818,#1820,#1822,.T.);
#1818 = VERTEX_POINT('',#1819);
#1819 = CARTESIAN_POINT('',(-2.7,2.1,5.E-02));
#1820 = VERTEX_POINT('',#1821);
#1821 = CARTESIAN_POINT('',(-2.7,2.1,0.95));
#1822 = LINE('',#1823,#1824);
#1823 = CARTESIAN_POINT('',(-2.7,2.1,0.));
#1824 = VECTOR('',#1825,1.);
#1825 = DIRECTION('',(0.,0.,1.));
#1826 = ORIENTED_EDGE('',*,*,#1827,.T.);
#1827 = EDGE_CURVE('',#1818,#1828,#1830,.T.);
#1828 = VERTEX_POINT('',#1829);
#1829 = CARTESIAN_POINT('',(-2.65,2.1,-6.938893903907E-18));
#1830 = CIRCLE('',#1831,5.E-02);
#1831 = AXIS2_PLACEMENT_3D('',#1832,#1833,#1834);
#1832 = CARTESIAN_POINT('',(-2.65,2.1,5.E-02));
#1833 = DIRECTION('',(-1.224646799147E-16,-1.,0.));
#1834 = DIRECTION('',(0.,0.,1.));
#1835 = ORIENTED_EDGE('',*,*,#1836,.F.);
#1836 = EDGE_CURVE('',#1837,#1828,#1839,.T.);
#1837 = VERTEX_POINT('',#1838);
#1838 = CARTESIAN_POINT('',(-1.8,2.1,0.));
#1839 = LINE('',#1840,#1841);
#1840 = CARTESIAN_POINT('',(-1.8,2.1,0.));
#1841 = VECTOR('',#1842,1.);
#1842 = DIRECTION('',(-1.,1.224646799147E-16,0.));
#1843 = ORIENTED_EDGE('',*,*,#1844,.T.);
#1844 = EDGE_CURVE('',#1837,#743,#1845,.T.);
#1845 = LINE('',#1846,#1847);
#1846 = CARTESIAN_POINT('',(-1.8,2.1,0.));
#1847 = VECTOR('',#1848,1.);
#1848 = DIRECTION('',(0.,0.,1.));
#1849 = ORIENTED_EDGE('',*,*,#742,.F.);
#1850 = ORIENTED_EDGE('',*,*,#734,.T.);
#1851 = ORIENTED_EDGE('',*,*,#1398,.T.);
#1852 = ORIENTED_EDGE('',*,*,#1853,.F.);
#1853 = EDGE_CURVE('',#1854,#1399,#1856,.T.);
#1854 = VERTEX_POINT('',#1855);
#1855 = CARTESIAN_POINT('',(-2.6,2.1,0.15));
#1856 = CIRCLE('',#1857,5.E-02);
#1857 = AXIS2_PLACEMENT_3D('',#1858,#1859,#1860);
#1858 = CARTESIAN_POINT('',(-2.55,2.1,0.15));
#1859 = DIRECTION('',(-1.224646799147E-16,-1.,0.));
#1860 = DIRECTION('',(4.996063166392E-32,-6.118412765058E-48,-1.));
#1861 = ORIENTED_EDGE('',*,*,#1862,.T.);
#1862 = EDGE_CURVE('',#1854,#1863,#1865,.T.);
#1863 = VERTEX_POINT('',#1864);
#1864 = CARTESIAN_POINT('',(-2.6,2.1,0.85));
#1865 = LINE('',#1866,#1867);
#1866 = CARTESIAN_POINT('',(-2.6,2.1,5.E-02));
#1867 = VECTOR('',#1868,1.);
#1868 = DIRECTION('',(0.,0.,1.));
#1869 = ORIENTED_EDGE('',*,*,#1870,.F.);
#1870 = EDGE_CURVE('',#1795,#1863,#1871,.T.);
#1871 = CIRCLE('',#1872,5.E-02);
#1872 = AXIS2_PLACEMENT_3D('',#1873,#1874,#1875);
#1873 = CARTESIAN_POINT('',(-2.55,2.1,0.85));
#1874 = DIRECTION('',(-1.224646799147E-16,-1.,0.));
#1875 = DIRECTION('',(-1.,1.224646799147E-16,0.));
#1876 = ORIENTED_EDGE('',*,*,#1794,.F.);
#1877 = ORIENTED_EDGE('',*,*,#664,.F.);
#1878 = ORIENTED_EDGE('',*,*,#1678,.T.);
#1879 = ORIENTED_EDGE('',*,*,#1880,.T.);
#1880 = EDGE_CURVE('',#1679,#1820,#1881,.T.);
#1881 = CIRCLE('',#1882,5.E-02);
#1882 = AXIS2_PLACEMENT_3D('',#1883,#1884,#1885);
#1883 = CARTESIAN_POINT('',(-2.65,2.1,0.95));
#1884 = DIRECTION('',(-1.224646799147E-16,-1.,0.));
#1885 = DIRECTION('',(0.,0.,1.));
#1886 = PLANE('',#1887);
#1887 = AXIS2_PLACEMENT_3D('',#1888,#1889,#1890);
#1888 = CARTESIAN_POINT('',(-1.8,2.1,0.));
#1889 = DIRECTION('',(-1.224646799147E-16,-1.,0.));
#1890 = DIRECTION('',(-1.,1.224646799147E-16,0.));
#1891 = ADVANCED_FACE('',(#1892),#1903,.F.);
#1892 = FACE_BOUND('',#1893,.F.);
#1893 = EDGE_LOOP('',(#1894,#1900,#1901,#1902));
#1894 = ORIENTED_EDGE('',*,*,#1895,.F.);
#1895 = EDGE_CURVE('',#1158,#1012,#1896,.T.);
#1896 = LINE('',#1897,#1898);
#1897 = CARTESIAN_POINT('',(1.8,2.1,0.));
#1898 = VECTOR('',#1899,1.);
#1899 = DIRECTION('',(-1.224646799147E-16,-1.,0.));
#1900 = ORIENTED_EDGE('',*,*,#1157,.T.);
#1901 = ORIENTED_EDGE('',*,*,#869,.F.);
#1902 = ORIENTED_EDGE('',*,*,#1019,.F.);
#1903 = PLANE('',#1904);
#1904 = AXIS2_PLACEMENT_3D('',#1905,#1906,#1907);
#1905 = CARTESIAN_POINT('',(1.8,2.1,0.));
#1906 = DIRECTION('',(1.,-1.224646799147E-16,0.));
#1907 = DIRECTION('',(-1.224646799147E-16,-1.,0.));
#1908 = ADVANCED_FACE('',(#1909),#1920,.F.);
#1909 = FACE_BOUND('',#1910,.F.);
#1910 = EDGE_LOOP('',(#1911,#1917,#1918,#1919));
#1911 = ORIENTED_EDGE('',*,*,#1912,.F.);
#1912 = EDGE_CURVE('',#1274,#1339,#1913,.T.);
#1913 = LINE('',#1914,#1915);
#1914 = CARTESIAN_POINT('',(1.8,-1.2,0.));
#1915 = VECTOR('',#1916,1.);
#1916 = DIRECTION('',(-1.224646799147E-16,-1.,0.));
#1917 = ORIENTED_EDGE('',*,*,#1273,.T.);
#1918 = ORIENTED_EDGE('',*,*,#830,.F.);
#1919 = ORIENTED_EDGE('',*,*,#1346,.F.);
#1920 = PLANE('',#1921);
#1921 = AXIS2_PLACEMENT_3D('',#1922,#1923,#1924);
#1922 = CARTESIAN_POINT('',(1.8,-1.2,0.));
#1923 = DIRECTION('',(1.,-1.224646799147E-16,0.));
#1924 = DIRECTION('',(-1.224646799147E-16,-1.,0.));
#1925 = ADVANCED_FACE('',(#1926),#1937,.F.);
#1926 = FACE_BOUND('',#1927,.F.);
#1927 = EDGE_LOOP('',(#1928,#1934,#1935,#1936));
#1928 = ORIENTED_EDGE('',*,*,#1929,.F.);
#1929 = EDGE_CURVE('',#1554,#1619,#1930,.T.);
#1930 = LINE('',#1931,#1932);
#1931 = CARTESIAN_POINT('',(-1.8,-2.1,0.));
#1932 = VECTOR('',#1933,1.);
#1933 = DIRECTION('',(1.224646799147E-16,1.,0.));
#1934 = ORIENTED_EDGE('',*,*,#1553,.T.);
#1935 = ORIENTED_EDGE('',*,*,#789,.F.);
#1936 = ORIENTED_EDGE('',*,*,#1626,.F.);
#1937 = PLANE('',#1938);
#1938 = AXIS2_PLACEMENT_3D('',#1939,#1940,#1941);
#1939 = CARTESIAN_POINT('',(-1.8,-2.1,0.));
#1940 = DIRECTION('',(-1.,1.224646799147E-16,0.));
#1941 = DIRECTION('',(1.224646799147E-16,1.,0.));
#1942 = ADVANCED_FACE('',(#1943),#1954,.F.);
#1943 = FACE_BOUND('',#1944,.F.);
#1944 = EDGE_LOOP('',(#1945,#1951,#1952,#1953));
#1945 = ORIENTED_EDGE('',*,*,#1946,.F.);
#1946 = EDGE_CURVE('',#1772,#1837,#1947,.T.);
#1947 = LINE('',#1948,#1949);
#1948 = CARTESIAN_POINT('',(-1.8,1.2,0.));
#1949 = VECTOR('',#1950,1.);
#1950 = DIRECTION('',(1.224646799147E-16,1.,0.));
#1951 = ORIENTED_EDGE('',*,*,#1771,.T.);
#1952 = ORIENTED_EDGE('',*,*,#750,.F.);
#1953 = ORIENTED_EDGE('',*,*,#1844,.F.);
#1954 = PLANE('',#1955);
#1955 = AXIS2_PLACEMENT_3D('',#1956,#1957,#1958);
#1956 = CARTESIAN_POINT('',(-1.8,1.2,0.));
#1957 = DIRECTION('',(-1.,1.224646799147E-16,0.));
#1958 = DIRECTION('',(1.224646799147E-16,1.,0.));
#1959 = ADVANCED_FACE('',(#1960),#1971,.F.);
#1960 = FACE_BOUND('',#1961,.F.);
#1961 = EDGE_LOOP('',(#1962,#1963,#1964,#1965));
#1962 = ORIENTED_EDGE('',*,*,#1028,.T.);
#1963 = ORIENTED_EDGE('',*,*,#899,.T.);
#1964 = ORIENTED_EDGE('',*,*,#1147,.F.);
#1965 = ORIENTED_EDGE('',*,*,#1966,.F.);
#1966 = EDGE_CURVE('',#1029,#1140,#1967,.T.);
#1967 = LINE('',#1968,#1969);
#1968 = CARTESIAN_POINT('',(2.6,1.1,0.15));
#1969 = VECTOR('',#1970,1.);
#1970 = DIRECTION('',(1.224646799147E-16,1.,0.));
#1971 = CYLINDRICAL_SURFACE('',#1972,5.E-02);
#1972 = AXIS2_PLACEMENT_3D('',#1973,#1974,#1975);
#1973 = CARTESIAN_POINT('',(2.55,1.1,0.15));
#1974 = DIRECTION('',(1.224646799147E-16,1.,0.));
#1975 = DIRECTION('',(1.,-1.224646799147E-16,0.));
#1976 = ADVANCED_FACE('',(#1977),#1988,.F.);
#1977 = FACE_BOUND('',#1978,.F.);
#1978 = EDGE_LOOP('',(#1979,#1980,#1981,#1982));
#1979 = ORIENTED_EDGE('',*,*,#1355,.T.);
#1980 = ORIENTED_EDGE('',*,*,#930,.T.);
#1981 = ORIENTED_EDGE('',*,*,#1263,.F.);
#1982 = ORIENTED_EDGE('',*,*,#1983,.F.);
#1983 = EDGE_CURVE('',#1356,#1256,#1984,.T.);
#1984 = LINE('',#1985,#1986);
#1985 = CARTESIAN_POINT('',(2.6,-2.2,0.15));
#1986 = VECTOR('',#1987,1.);
#1987 = DIRECTION('',(1.224646799147E-16,1.,0.));
#1988 = CYLINDRICAL_SURFACE('',#1989,5.E-02);
#1989 = AXIS2_PLACEMENT_3D('',#1990,#1991,#1992);
#1990 = CARTESIAN_POINT('',(2.55,-2.2,0.15));
#1991 = DIRECTION('',(1.224646799147E-16,1.,0.));
#1992 = DIRECTION('',(1.,-1.224646799147E-16,0.));
#1993 = ADVANCED_FACE('',(#1994),#2005,.F.);
#1994 = FACE_BOUND('',#1995,.F.);
#1995 = EDGE_LOOP('',(#1996,#2002,#2003,#2004));
#1996 = ORIENTED_EDGE('',*,*,#1997,.T.);
#1997 = EDGE_CURVE('',#1038,#1131,#1998,.T.);
#1998 = LINE('',#1999,#2000);
#1999 = CARTESIAN_POINT('',(2.6,1.1,0.85));
#2000 = VECTOR('',#2001,1.);
#2001 = DIRECTION('',(1.224646799147E-16,1.,0.));
#2002 = ORIENTED_EDGE('',*,*,#1130,.F.);
#2003 = ORIENTED_EDGE('',*,*,#961,.F.);
#2004 = ORIENTED_EDGE('',*,*,#1045,.T.);
#2005 = CYLINDRICAL_SURFACE('',#2006,5.E-02);
#2006 = AXIS2_PLACEMENT_3D('',#2007,#2008,#2009);
#2007 = CARTESIAN_POINT('',(2.55,1.1,0.85));
#2008 = DIRECTION('',(1.224646799147E-16,1.,0.));
#2009 = DIRECTION('',(1.,-1.224646799147E-16,0.));
#2010 = ADVANCED_FACE('',(#2011),#2027,.F.);
#2011 = FACE_BOUND('',#2012,.F.);
#2012 = EDGE_LOOP('',(#2013,#2014,#2020,#2021));
#2013 = ORIENTED_EDGE('',*,*,#992,.T.);
#2014 = ORIENTED_EDGE('',*,*,#2015,.T.);
#2015 = EDGE_CURVE('',#995,#1113,#2016,.T.);
#2016 = LINE('',#2017,#2018);
#2017 = CARTESIAN_POINT('',(2.7,1.2,0.95));
#2018 = VECTOR('',#2019,1.);
#2019 = DIRECTION('',(1.224646799147E-16,1.,0.));
#2020 = ORIENTED_EDGE('',*,*,#1112,.F.);
#2021 = ORIENTED_EDGE('',*,*,#2022,.F.);
#2022 = EDGE_CURVE('',#993,#1102,#2023,.T.);
#2023 = LINE('',#2024,#2025);
#2024 = CARTESIAN_POINT('',(2.7,1.2,5.E-02));
#2025 = VECTOR('',#2026,1.);
#2026 = DIRECTION('',(1.224646799147E-16,1.,0.));
#2027 = PLANE('',#2028);
#2028 = AXIS2_PLACEMENT_3D('',#2029,#2030,#2031);
#2029 = CARTESIAN_POINT('',(2.7,1.2,0.));
#2030 = DIRECTION('',(-1.,1.224646799147E-16,0.));
#2031 = DIRECTION('',(1.224646799147E-16,1.,0.));
#2032 = ADVANCED_FACE('',(#2033),#2039,.T.);
#2033 = FACE_BOUND('',#2034,.T.);
#2034 = EDGE_LOOP('',(#2035,#2036,#2037,#2038));
#2035 = ORIENTED_EDGE('',*,*,#2015,.T.);
#2036 = ORIENTED_EDGE('',*,*,#1120,.T.);
#2037 = ORIENTED_EDGE('',*,*,#1077,.F.);
#2038 = ORIENTED_EDGE('',*,*,#1062,.F.);
#2039 = CYLINDRICAL_SURFACE('',#2040,5.E-02);
#2040 = AXIS2_PLACEMENT_3D('',#2041,#2042,#2043);
#2041 = CARTESIAN_POINT('',(2.65,1.2,0.95));
#2042 = DIRECTION('',(1.224646799147E-16,1.,0.));
#2043 = DIRECTION('',(1.,-1.224646799147E-16,0.));
#2044 = ADVANCED_FACE('',(#2045),#2051,.T.);
#2045 = FACE_BOUND('',#2046,.T.);
#2046 = EDGE_LOOP('',(#2047,#2048,#2049,#2050));
#2047 = ORIENTED_EDGE('',*,*,#1966,.F.);
#2048 = ORIENTED_EDGE('',*,*,#1037,.T.);
#2049 = ORIENTED_EDGE('',*,*,#1997,.T.);
#2050 = ORIENTED_EDGE('',*,*,#1139,.T.);
#2051 = PLANE('',#2052);
#2052 = AXIS2_PLACEMENT_3D('',#2053,#2054,#2055);
#2053 = CARTESIAN_POINT('',(2.6,1.1,0.1));
#2054 = DIRECTION('',(-1.,1.224646799147E-16,0.));
#2055 = DIRECTION('',(1.224646799147E-16,1.,0.));
#2056 = ADVANCED_FACE('',(#2057),#2068,.F.);
#2057 = FACE_BOUND('',#2058,.F.);
#2058 = EDGE_LOOP('',(#2059,#2060,#2061,#2062));
#2059 = ORIENTED_EDGE('',*,*,#1165,.T.);
#2060 = ORIENTED_EDGE('',*,*,#1895,.T.);
#2061 = ORIENTED_EDGE('',*,*,#1011,.T.);
#2062 = ORIENTED_EDGE('',*,*,#2063,.T.);
#2063 = EDGE_CURVE('',#1003,#1104,#2064,.T.);
#2064 = LINE('',#2065,#2066);
#2065 = CARTESIAN_POINT('',(2.65,1.2,-6.938893903907E-18));
#2066 = VECTOR('',#2067,1.);
#2067 = DIRECTION('',(1.224646799147E-16,1.,0.));
#2068 = PLANE('',#2069);
#2069 = AXIS2_PLACEMENT_3D('',#2070,#2071,#2072);
#2070 = CARTESIAN_POINT('',(2.25,1.65,0.));
#2071 = DIRECTION('',(0.,0.,1.));
#2072 = DIRECTION('',(-1.,1.224646799147E-16,0.));
#2073 = ADVANCED_FACE('',(#2074),#2080,.T.);
#2074 = FACE_BOUND('',#2075,.T.);
#2075 = EDGE_LOOP('',(#2076,#2077,#2078,#2079));
#2076 = ORIENTED_EDGE('',*,*,#1002,.T.);
#2077 = ORIENTED_EDGE('',*,*,#2063,.T.);
#2078 = ORIENTED_EDGE('',*,*,#1101,.F.);
#2079 = ORIENTED_EDGE('',*,*,#2022,.F.);
#2080 = CYLINDRICAL_SURFACE('',#2081,5.E-02);
#2081 = AXIS2_PLACEMENT_3D('',#2082,#2083,#2084);
#2082 = CARTESIAN_POINT('',(2.65,1.2,5.E-02));
#2083 = DIRECTION('',(1.224646799147E-16,1.,0.));
#2084 = DIRECTION('',(1.,-1.224646799147E-16,0.));
#2085 = ADVANCED_FACE('',(#2086),#2097,.T.);
#2086 = FACE_BOUND('',#2087,.T.);
#2087 = EDGE_LOOP('',(#2088,#2094,#2095,#2096));
#2088 = ORIENTED_EDGE('',*,*,#2089,.T.);
#2089 = EDGE_CURVE('',#1322,#1222,#2090,.T.);
#2090 = LINE('',#2091,#2092);
#2091 = CARTESIAN_POINT('',(2.7,-2.1,0.95));
#2092 = VECTOR('',#2093,1.);
#2093 = DIRECTION('',(1.224646799147E-16,1.,0.));
#2094 = ORIENTED_EDGE('',*,*,#1229,.T.);
#2095 = ORIENTED_EDGE('',*,*,#1179,.F.);
#2096 = ORIENTED_EDGE('',*,*,#1382,.F.);
#2097 = CYLINDRICAL_SURFACE('',#2098,5.E-02);
#2098 = AXIS2_PLACEMENT_3D('',#2099,#2100,#2101);
#2099 = CARTESIAN_POINT('',(2.65,-2.1,0.95));
#2100 = DIRECTION('',(1.224646799147E-16,1.,0.));
#2101 = DIRECTION('',(1.,-1.224646799147E-16,0.));
#2102 = ADVANCED_FACE('',(#2103),#2119,.T.);
#2103 = FACE_BOUND('',#2104,.T.);
#2104 = EDGE_LOOP('',(#2105,#2106,#2112,#2113));
#2105 = ORIENTED_EDGE('',*,*,#1329,.T.);
#2106 = ORIENTED_EDGE('',*,*,#2107,.T.);
#2107 = EDGE_CURVE('',#1330,#1213,#2108,.T.);
#2108 = LINE('',#2109,#2110);
#2109 = CARTESIAN_POINT('',(2.65,-2.1,-6.938893903907E-18));
#2110 = VECTOR('',#2111,1.);
#2111 = DIRECTION('',(1.224646799147E-16,1.,0.));
#2112 = ORIENTED_EDGE('',*,*,#1210,.F.);
#2113 = ORIENTED_EDGE('',*,*,#2114,.F.);
#2114 = EDGE_CURVE('',#1320,#1211,#2115,.T.);
#2115 = LINE('',#2116,#2117);
#2116 = CARTESIAN_POINT('',(2.7,-2.1,5.E-02));
#2117 = VECTOR('',#2118,1.);
#2118 = DIRECTION('',(1.224646799147E-16,1.,0.));
#2119 = CYLINDRICAL_SURFACE('',#2120,5.E-02);
#2120 = AXIS2_PLACEMENT_3D('',#2121,#2122,#2123);
#2121 = CARTESIAN_POINT('',(2.65,-2.1,5.E-02));
#2122 = DIRECTION('',(1.224646799147E-16,1.,0.));
#2123 = DIRECTION('',(1.,-1.224646799147E-16,0.));
#2124 = ADVANCED_FACE('',(#2125),#2131,.F.);
#2125 = FACE_BOUND('',#2126,.F.);
#2126 = EDGE_LOOP('',(#2127,#2128,#2129,#2130));
#2127 = ORIENTED_EDGE('',*,*,#1281,.T.);
#2128 = ORIENTED_EDGE('',*,*,#1912,.T.);
#2129 = ORIENTED_EDGE('',*,*,#1338,.T.);
#2130 = ORIENTED_EDGE('',*,*,#2107,.T.);
#2131 = PLANE('',#2132);
#2132 = AXIS2_PLACEMENT_3D('',#2133,#2134,#2135);
#2133 = CARTESIAN_POINT('',(2.25,-1.65,0.));
#2134 = DIRECTION('',(0.,0.,1.));
#2135 = DIRECTION('',(-1.,1.224646799147E-16,0.));
#2136 = ADVANCED_FACE('',(#2137),#2148,.T.);
#2137 = FACE_BOUND('',#2138,.T.);
#2138 = EDGE_LOOP('',(#2139,#2140,#2141,#2147));
#2139 = ORIENTED_EDGE('',*,*,#1983,.F.);
#2140 = ORIENTED_EDGE('',*,*,#1364,.T.);
#2141 = ORIENTED_EDGE('',*,*,#2142,.T.);
#2142 = EDGE_CURVE('',#1365,#1247,#2143,.T.);
#2143 = LINE('',#2144,#2145);
#2144 = CARTESIAN_POINT('',(2.6,-2.2,0.85));
#2145 = VECTOR('',#2146,1.);
#2146 = DIRECTION('',(1.224646799147E-16,1.,0.));
#2147 = ORIENTED_EDGE('',*,*,#1255,.T.);
#2148 = PLANE('',#2149);
#2149 = AXIS2_PLACEMENT_3D('',#2150,#2151,#2152);
#2150 = CARTESIAN_POINT('',(2.6,-2.2,0.1));
#2151 = DIRECTION('',(-1.,1.224646799147E-16,0.));
#2152 = DIRECTION('',(1.224646799147E-16,1.,0.));
#2153 = ADVANCED_FACE('',(#2154),#2160,.F.);
#2154 = FACE_BOUND('',#2155,.F.);
#2155 = EDGE_LOOP('',(#2156,#2157,#2158,#2159));
#2156 = ORIENTED_EDGE('',*,*,#2142,.T.);
#2157 = ORIENTED_EDGE('',*,*,#1246,.F.);
#2158 = ORIENTED_EDGE('',*,*,#1295,.F.);
#2159 = ORIENTED_EDGE('',*,*,#1372,.T.);
#2160 = CYLINDRICAL_SURFACE('',#2161,5.E-02);
#2161 = AXIS2_PLACEMENT_3D('',#2162,#2163,#2164);
#2162 = CARTESIAN_POINT('',(2.55,-2.2,0.85));
#2163 = DIRECTION('',(1.224646799147E-16,1.,0.));
#2164 = DIRECTION('',(1.,-1.224646799147E-16,0.));
#2165 = ADVANCED_FACE('',(#2166),#2172,.F.);
#2166 = FACE_BOUND('',#2167,.F.);
#2167 = EDGE_LOOP('',(#2168,#2169,#2170,#2171));
#2168 = ORIENTED_EDGE('',*,*,#1319,.T.);
#2169 = ORIENTED_EDGE('',*,*,#2089,.T.);
#2170 = ORIENTED_EDGE('',*,*,#1221,.F.);
#2171 = ORIENTED_EDGE('',*,*,#2114,.F.);
#2172 = PLANE('',#2173);
#2173 = AXIS2_PLACEMENT_3D('',#2174,#2175,#2176);
#2174 = CARTESIAN_POINT('',(2.7,-2.1,0.));
#2175 = DIRECTION('',(-1.,1.224646799147E-16,0.));
#2176 = DIRECTION('',(1.224646799147E-16,1.,0.));
#2177 = ADVANCED_FACE('',(#2178),#2189,.F.);
#2178 = FACE_BOUND('',#2179,.F.);
#2179 = EDGE_LOOP('',(#2180,#2181,#2187,#2188));
#2180 = ORIENTED_EDGE('',*,*,#1761,.F.);
#2181 = ORIENTED_EDGE('',*,*,#2182,.F.);
#2182 = EDGE_CURVE('',#1854,#1754,#2183,.T.);
#2183 = LINE('',#2184,#2185);
#2184 = CARTESIAN_POINT('',(-2.6,2.2,0.15));
#2185 = VECTOR('',#2186,1.);
#2186 = DIRECTION('',(-1.224646799147E-16,-1.,0.));
#2187 = ORIENTED_EDGE('',*,*,#1853,.T.);
#2188 = ORIENTED_EDGE('',*,*,#1406,.T.);
#2189 = CYLINDRICAL_SURFACE('',#2190,5.E-02);
#2190 = AXIS2_PLACEMENT_3D('',#2191,#2192,#2193);
#2191 = CARTESIAN_POINT('',(-2.55,2.2,0.15));
#2192 = DIRECTION('',(-1.224646799147E-16,-1.,0.));
#2193 = DIRECTION('',(4.996063166392E-32,-6.118412765058E-48,-1.));
#2194 = ADVANCED_FACE('',(#2195),#2206,.F.);
#2195 = FACE_BOUND('',#2196,.F.);
#2196 = EDGE_LOOP('',(#2197,#2198,#2204,#2205));
#2197 = ORIENTED_EDGE('',*,*,#1543,.F.);
#2198 = ORIENTED_EDGE('',*,*,#2199,.F.);
#2199 = EDGE_CURVE('',#1636,#1536,#2200,.T.);
#2200 = LINE('',#2201,#2202);
#2201 = CARTESIAN_POINT('',(-2.6,-1.1,0.15));
#2202 = VECTOR('',#2203,1.);
#2203 = DIRECTION('',(-1.224646799147E-16,-1.,0.));
#2204 = ORIENTED_EDGE('',*,*,#1635,.T.);
#2205 = ORIENTED_EDGE('',*,*,#1437,.T.);
#2206 = CYLINDRICAL_SURFACE('',#2207,5.E-02);
#2207 = AXIS2_PLACEMENT_3D('',#2208,#2209,#2210);
#2208 = CARTESIAN_POINT('',(-2.55,-1.1,0.15));
#2209 = DIRECTION('',(-1.224646799147E-16,-1.,0.));
#2210 = DIRECTION('',(4.996063166392E-32,-6.118412765058E-48,-1.));
#2211 = ADVANCED_FACE('',(#2212),#2223,.T.);
#2212 = FACE_BOUND('',#2213,.T.);
#2213 = EDGE_LOOP('',(#2214,#2215,#2221,#2222));
#2214 = ORIENTED_EDGE('',*,*,#1662,.T.);
#2215 = ORIENTED_EDGE('',*,*,#2216,.T.);
#2216 = EDGE_CURVE('',#1602,#1502,#2217,.T.);
#2217 = LINE('',#2218,#2219);
#2218 = CARTESIAN_POINT('',(-2.7,-1.2,0.95));
#2219 = VECTOR('',#2220,1.);
#2220 = DIRECTION('',(-1.224646799147E-16,-1.,0.));
#2221 = ORIENTED_EDGE('',*,*,#1509,.F.);
#2222 = ORIENTED_EDGE('',*,*,#1468,.F.);
#2223 = CYLINDRICAL_SURFACE('',#2224,5.E-02);
#2224 = AXIS2_PLACEMENT_3D('',#2225,#2226,#2227);
#2225 = CARTESIAN_POINT('',(-2.65,-1.2,0.95));
#2226 = DIRECTION('',(-1.224646799147E-16,-1.,0.));
#2227 = DIRECTION('',(0.,0.,1.));
#2228 = ADVANCED_FACE('',(#2229),#2245,.T.);
#2229 = FACE_BOUND('',#2230,.T.);
#2230 = EDGE_LOOP('',(#2231,#2232,#2238,#2239));
#2231 = ORIENTED_EDGE('',*,*,#1609,.T.);
#2232 = ORIENTED_EDGE('',*,*,#2233,.T.);
#2233 = EDGE_CURVE('',#1610,#1493,#2234,.T.);
#2234 = LINE('',#2235,#2236);
#2235 = CARTESIAN_POINT('',(-2.65,-1.2,-6.938893903907E-18));
#2236 = VECTOR('',#2237,1.);
#2237 = DIRECTION('',(-1.224646799147E-16,-1.,0.));
#2238 = ORIENTED_EDGE('',*,*,#1490,.F.);
#2239 = ORIENTED_EDGE('',*,*,#2240,.F.);
#2240 = EDGE_CURVE('',#1600,#1491,#2241,.T.);
#2241 = LINE('',#2242,#2243);
#2242 = CARTESIAN_POINT('',(-2.7,-1.2,5.E-02));
#2243 = VECTOR('',#2244,1.);
#2244 = DIRECTION('',(-1.224646799147E-16,-1.,0.));
#2245 = CYLINDRICAL_SURFACE('',#2246,5.E-02);
#2246 = AXIS2_PLACEMENT_3D('',#2247,#2248,#2249);
#2247 = CARTESIAN_POINT('',(-2.65,-1.2,5.E-02));
#2248 = DIRECTION('',(-1.224646799147E-16,-1.,0.));
#2249 = DIRECTION('',(-1.,1.224646799147E-16,0.));
#2250 = ADVANCED_FACE('',(#2251),#2257,.F.);
#2251 = FACE_BOUND('',#2252,.F.);
#2252 = EDGE_LOOP('',(#2253,#2254,#2255,#2256));
#2253 = ORIENTED_EDGE('',*,*,#1618,.T.);
#2254 = ORIENTED_EDGE('',*,*,#2233,.T.);
#2255 = ORIENTED_EDGE('',*,*,#1561,.T.);
#2256 = ORIENTED_EDGE('',*,*,#1929,.T.);
#2257 = PLANE('',#2258);
#2258 = AXIS2_PLACEMENT_3D('',#2259,#2260,#2261);
#2259 = CARTESIAN_POINT('',(-2.25,-1.65,0.));
#2260 = DIRECTION('',(0.,0.,1.));
#2261 = DIRECTION('',(-1.,1.224646799147E-16,0.));
#2262 = ADVANCED_FACE('',(#2263),#2274,.T.);
#2263 = FACE_BOUND('',#2264,.T.);
#2264 = EDGE_LOOP('',(#2265,#2266,#2267,#2273));
#2265 = ORIENTED_EDGE('',*,*,#2199,.F.);
#2266 = ORIENTED_EDGE('',*,*,#1644,.T.);
#2267 = ORIENTED_EDGE('',*,*,#2268,.T.);
#2268 = EDGE_CURVE('',#1645,#1527,#2269,.T.);
#2269 = LINE('',#2270,#2271);
#2270 = CARTESIAN_POINT('',(-2.6,-1.1,0.85));
#2271 = VECTOR('',#2272,1.);
#2272 = DIRECTION('',(-1.224646799147E-16,-1.,0.));
#2273 = ORIENTED_EDGE('',*,*,#1535,.T.);
#2274 = PLANE('',#2275);
#2275 = AXIS2_PLACEMENT_3D('',#2276,#2277,#2278);
#2276 = CARTESIAN_POINT('',(-2.6,-1.1,0.1));
#2277 = DIRECTION('',(1.,-1.224646799147E-16,0.));
#2278 = DIRECTION('',(-1.224646799147E-16,-1.,0.));
#2279 = ADVANCED_FACE('',(#2280),#2286,.F.);
#2280 = FACE_BOUND('',#2281,.F.);
#2281 = EDGE_LOOP('',(#2282,#2283,#2284,#2285));
#2282 = ORIENTED_EDGE('',*,*,#2268,.T.);
#2283 = ORIENTED_EDGE('',*,*,#1526,.F.);
#2284 = ORIENTED_EDGE('',*,*,#1584,.F.);
#2285 = ORIENTED_EDGE('',*,*,#1652,.T.);
#2286 = CYLINDRICAL_SURFACE('',#2287,5.E-02);
#2287 = AXIS2_PLACEMENT_3D('',#2288,#2289,#2290);
#2288 = CARTESIAN_POINT('',(-2.55,-1.1,0.85));
#2289 = DIRECTION('',(-1.224646799147E-16,-1.,0.));
#2290 = DIRECTION('',(-1.,1.224646799147E-16,0.));
#2291 = ADVANCED_FACE('',(#2292),#2298,.F.);
#2292 = FACE_BOUND('',#2293,.F.);
#2293 = EDGE_LOOP('',(#2294,#2295,#2296,#2297));
#2294 = ORIENTED_EDGE('',*,*,#1599,.T.);
#2295 = ORIENTED_EDGE('',*,*,#2216,.T.);
#2296 = ORIENTED_EDGE('',*,*,#1501,.F.);
#2297 = ORIENTED_EDGE('',*,*,#2240,.F.);
#2298 = PLANE('',#2299);
#2299 = AXIS2_PLACEMENT_3D('',#2300,#2301,#2302);
#2300 = CARTESIAN_POINT('',(-2.7,-1.2,0.));
#2301 = DIRECTION('',(1.,-1.224646799147E-16,0.));
#2302 = DIRECTION('',(-1.224646799147E-16,-1.,0.));
#2303 = ADVANCED_FACE('',(#2304),#2315,.T.);
#2304 = FACE_BOUND('',#2305,.T.);
#2305 = EDGE_LOOP('',(#2306,#2307,#2313,#2314));
#2306 = ORIENTED_EDGE('',*,*,#1880,.T.);
#2307 = ORIENTED_EDGE('',*,*,#2308,.T.);
#2308 = EDGE_CURVE('',#1820,#1720,#2309,.T.);
#2309 = LINE('',#2310,#2311);
#2310 = CARTESIAN_POINT('',(-2.7,2.1,0.95));
#2311 = VECTOR('',#2312,1.);
#2312 = DIRECTION('',(-1.224646799147E-16,-1.,0.));
#2313 = ORIENTED_EDGE('',*,*,#1727,.F.);
#2314 = ORIENTED_EDGE('',*,*,#1686,.F.);
#2315 = CYLINDRICAL_SURFACE('',#2316,5.E-02);
#2316 = AXIS2_PLACEMENT_3D('',#2317,#2318,#2319);
#2317 = CARTESIAN_POINT('',(-2.65,2.1,0.95));
#2318 = DIRECTION('',(-1.224646799147E-16,-1.,0.));
#2319 = DIRECTION('',(0.,0.,1.));
#2320 = ADVANCED_FACE('',(#2321),#2337,.T.);
#2321 = FACE_BOUND('',#2322,.T.);
#2322 = EDGE_LOOP('',(#2323,#2324,#2330,#2331));
#2323 = ORIENTED_EDGE('',*,*,#1827,.T.);
#2324 = ORIENTED_EDGE('',*,*,#2325,.T.);
#2325 = EDGE_CURVE('',#1828,#1711,#2326,.T.);
#2326 = LINE('',#2327,#2328);
#2327 = CARTESIAN_POINT('',(-2.65,2.1,-6.938893903907E-18));
#2328 = VECTOR('',#2329,1.);
#2329 = DIRECTION('',(-1.224646799147E-16,-1.,0.));
#2330 = ORIENTED_EDGE('',*,*,#1708,.F.);
#2331 = ORIENTED_EDGE('',*,*,#2332,.F.);
#2332 = EDGE_CURVE('',#1818,#1709,#2333,.T.);
#2333 = LINE('',#2334,#2335);
#2334 = CARTESIAN_POINT('',(-2.7,2.1,5.E-02));
#2335 = VECTOR('',#2336,1.);
#2336 = DIRECTION('',(-1.224646799147E-16,-1.,0.));
#2337 = CYLINDRICAL_SURFACE('',#2338,5.E-02);
#2338 = AXIS2_PLACEMENT_3D('',#2339,#2340,#2341);
#2339 = CARTESIAN_POINT('',(-2.65,2.1,5.E-02));
#2340 = DIRECTION('',(-1.224646799147E-16,-1.,0.));
#2341 = DIRECTION('',(-1.,1.224646799147E-16,0.));
#2342 = ADVANCED_FACE('',(#2343),#2349,.F.);
#2343 = FACE_BOUND('',#2344,.F.);
#2344 = EDGE_LOOP('',(#2345,#2346,#2347,#2348));
#2345 = ORIENTED_EDGE('',*,*,#1836,.T.);
#2346 = ORIENTED_EDGE('',*,*,#2325,.T.);
#2347 = ORIENTED_EDGE('',*,*,#1779,.T.);
#2348 = ORIENTED_EDGE('',*,*,#1946,.T.);
#2349 = PLANE('',#2350);
#2350 = AXIS2_PLACEMENT_3D('',#2351,#2352,#2353);
#2351 = CARTESIAN_POINT('',(-2.25,1.65,0.));
#2352 = DIRECTION('',(0.,0.,1.));
#2353 = DIRECTION('',(-1.,1.224646799147E-16,0.));
#2354 = ADVANCED_FACE('',(#2355),#2366,.T.);
#2355 = FACE_BOUND('',#2356,.T.);
#2356 = EDGE_LOOP('',(#2357,#2358,#2359,#2365));
#2357 = ORIENTED_EDGE('',*,*,#2182,.F.);
#2358 = ORIENTED_EDGE('',*,*,#1862,.T.);
#2359 = ORIENTED_EDGE('',*,*,#2360,.T.);
#2360 = EDGE_CURVE('',#1863,#1745,#2361,.T.);
#2361 = LINE('',#2362,#2363);
#2362 = CARTESIAN_POINT('',(-2.6,2.2,0.85));
#2363 = VECTOR('',#2364,1.);
#2364 = DIRECTION('',(-1.224646799147E-16,-1.,0.));
#2365 = ORIENTED_EDGE('',*,*,#1753,.T.);
#2366 = PLANE('',#2367);
#2367 = AXIS2_PLACEMENT_3D('',#2368,#2369,#2370);
#2368 = CARTESIAN_POINT('',(-2.6,2.2,0.1));
#2369 = DIRECTION('',(1.,-1.224646799147E-16,0.));
#2370 = DIRECTION('',(-1.224646799147E-16,-1.,0.));
#2371 = ADVANCED_FACE('',(#2372),#2378,.F.);
#2372 = FACE_BOUND('',#2373,.F.);
#2373 = EDGE_LOOP('',(#2374,#2375,#2376,#2377));
#2374 = ORIENTED_EDGE('',*,*,#2360,.T.);
#2375 = ORIENTED_EDGE('',*,*,#1744,.F.);
#2376 = ORIENTED_EDGE('',*,*,#1802,.F.);
#2377 = ORIENTED_EDGE('',*,*,#1870,.T.);
#2378 = CYLINDRICAL_SURFACE('',#2379,5.E-02);
#2379 = AXIS2_PLACEMENT_3D('',#2380,#2381,#2382);
#2380 = CARTESIAN_POINT('',(-2.55,2.2,0.85));
#2381 = DIRECTION('',(-1.224646799147E-16,-1.,0.));
#2382 = DIRECTION('',(-1.,1.224646799147E-16,0.));
#2383 = ADVANCED_FACE('',(#2384),#2390,.F.);
#2384 = FACE_BOUND('',#2385,.F.);
#2385 = EDGE_LOOP('',(#2386,#2387,#2388,#2389));
#2386 = ORIENTED_EDGE('',*,*,#1817,.T.);
#2387 = ORIENTED_EDGE('',*,*,#2308,.T.);
#2388 = ORIENTED_EDGE('',*,*,#1719,.F.);
#2389 = ORIENTED_EDGE('',*,*,#2332,.F.);
#2390 = PLANE('',#2391);
#2391 = AXIS2_PLACEMENT_3D('',#2392,#2393,#2394);
#2392 = CARTESIAN_POINT('',(-2.7,2.1,0.));
#2393 = DIRECTION('',(1.,-1.224646799147E-16,0.));
#2394 = DIRECTION('',(-1.224646799147E-16,-1.,0.));
#2395 = ( GEOMETRIC_REPRESENTATION_CONTEXT(3) 
GLOBAL_UNCERTAINTY_ASSIGNED_CONTEXT((#2399)) 
GLOBAL_UNIT_ASSIGNED_CONTEXT((#2396,#2397,#2398)) REPRESENTATION_CONTEXT
('Context #1','3D Context with UNIT and UNCERTAINTY') );
#2396 = ( LENGTH_UNIT() NAMED_UNIT(*) SI_UNIT(.MILLI.,.METRE.) );
#2397 = ( NAMED_UNIT(*) PLANE_ANGLE_UNIT() SI_UNIT($,.RADIAN.) );
#2398 = ( NAMED_UNIT(*) SI_UNIT($,.STERADIAN.) SOLID_ANGLE_UNIT() );
#2399 = UNCERTAINTY_MEASURE_WITH_UNIT(LENGTH_MEASURE(1.E-07),#2396,
  'distance_accuracy_value','confusion accuracy');
#2400 = CONTEXT_DEPENDENT_SHAPE_REPRESENTATION(#2401,#2403);
#2401 = ( REPRESENTATION_RELATIONSHIP('','',#127,#104) 
REPRESENTATION_RELATIONSHIP_WITH_TRANSFORMATION(#2402) 
SHAPE_REPRESENTATION_RELATIONSHIP() );
#2402 = ITEM_DEFINED_TRANSFORMATION('','',#11,#105);
#2403 = PRODUCT_DEFINITION_SHAPE('Placement','Placement of an item',
  #2404);
#2404 = NEXT_ASSEMBLY_USAGE_OCCURRENCE('1','=>[0:1:1:3]','',#99,#122,$);
#2405 = PRODUCT_RELATED_PRODUCT_CATEGORY('part',$,(#124));
#2406 = CONTEXT_DEPENDENT_SHAPE_REPRESENTATION(#2407,#2409);
#2407 = ( REPRESENTATION_RELATIONSHIP('','',#104,#10) 
REPRESENTATION_RELATIONSHIP_WITH_TRANSFORMATION(#2408) 
SHAPE_REPRESENTATION_RELATIONSHIP() );
#2408 = ITEM_DEFINED_TRANSFORMATION('','',#11,#19);
#2409 = PRODUCT_DEFINITION_SHAPE('Placement','Placement of an item',
  #2410);
#2410 = NEXT_ASSEMBLY_USAGE_OCCURRENCE('3','D12','',#5,#99,$);
#2411 = CONTEXT_DEPENDENT_SHAPE_REPRESENTATION(#2412,#2414);
#2412 = ( REPRESENTATION_RELATIONSHIP('','',#104,#10) 
REPRESENTATION_RELATIONSHIP_WITH_TRANSFORMATION(#2413) 
SHAPE_REPRESENTATION_RELATIONSHIP() );
#2413 = ITEM_DEFINED_TRANSFORMATION('','',#11,#23);
#2414 = PRODUCT_DEFINITION_SHAPE('Placement','Placement of an item',
  #2415);
#2415 = NEXT_ASSEMBLY_USAGE_OCCURRENCE('4','D5','',#5,#99,$);
#2416 = CONTEXT_DEPENDENT_SHAPE_REPRESENTATION(#2417,#2419);
#2417 = ( REPRESENTATION_RELATIONSHIP('','',#104,#10) 
REPRESENTATION_RELATIONSHIP_WITH_TRANSFORMATION(#2418) 
SHAPE_REPRESENTATION_RELATIONSHIP() );
#2418 = ITEM_DEFINED_TRANSFORMATION('','',#11,#27);
#2419 = PRODUCT_DEFINITION_SHAPE('Placement','Placement of an item',
  #2420);
#2420 = NEXT_ASSEMBLY_USAGE_OCCURRENCE('5','D16','',#5,#99,$);
#2421 = CONTEXT_DEPENDENT_SHAPE_REPRESENTATION(#2422,#2424);
#2422 = ( REPRESENTATION_RELATIONSHIP('','',#104,#10) 
REPRESENTATION_RELATIONSHIP_WITH_TRANSFORMATION(#2423) 
SHAPE_REPRESENTATION_RELATIONSHIP() );
#2423 = ITEM_DEFINED_TRANSFORMATION('','',#11,#31);
#2424 = PRODUCT_DEFINITION_SHAPE('Placement','Placement of an item',
  #2425);
#2425 = NEXT_ASSEMBLY_USAGE_OCCURRENCE('6','D14','',#5,#99,$);
#2426 = CONTEXT_DEPENDENT_SHAPE_REPRESENTATION(#2427,#2429);
#2427 = ( REPRESENTATION_RELATIONSHIP('','',#104,#10) 
REPRESENTATION_RELATIONSHIP_WITH_TRANSFORMATION(#2428) 
SHAPE_REPRESENTATION_RELATIONSHIP() );
#2428 = ITEM_DEFINED_TRANSFORMATION('','',#11,#35);
#2429 = PRODUCT_DEFINITION_SHAPE('Placement','Placement of an item',
  #2430);
#2430 = NEXT_ASSEMBLY_USAGE_OCCURRENCE('7','D3','',#5,#99,$);
#2431 = CONTEXT_DEPENDENT_SHAPE_REPRESENTATION(#2432,#2434);
#2432 = ( REPRESENTATION_RELATIONSHIP('','',#104,#10) 
REPRESENTATION_RELATIONSHIP_WITH_TRANSFORMATION(#2433) 
SHAPE_REPRESENTATION_RELATIONSHIP() );
#2433 = ITEM_DEFINED_TRANSFORMATION('','',#11,#39);
#2434 = PRODUCT_DEFINITION_SHAPE('Placement','Placement of an item',
  #2435);
#2435 = NEXT_ASSEMBLY_USAGE_OCCURRENCE('8','D6','',#5,#99,$);
#2436 = CONTEXT_DEPENDENT_SHAPE_REPRESENTATION(#2437,#2439);
#2437 = ( REPRESENTATION_RELATIONSHIP('','',#104,#10) 
REPRESENTATION_RELATIONSHIP_WITH_TRANSFORMATION(#2438) 
SHAPE_REPRESENTATION_RELATIONSHIP() );
#2438 = ITEM_DEFINED_TRANSFORMATION('','',#11,#43);
#2439 = PRODUCT_DEFINITION_SHAPE('Placement','Placement of an item',
  #2440);
#2440 = NEXT_ASSEMBLY_USAGE_OCCURRENCE('9','D11','',#5,#99,$);
#2441 = CONTEXT_DEPENDENT_SHAPE_REPRESENTATION(#2442,#2444);
#2442 = ( REPRESENTATION_RELATIONSHIP('','',#104,#10) 
REPRESENTATION_RELATIONSHIP_WITH_TRANSFORMATION(#2443) 
SHAPE_REPRESENTATION_RELATIONSHIP() );
#2443 = ITEM_DEFINED_TRANSFORMATION('','',#11,#47);
#2444 = PRODUCT_DEFINITION_SHAPE('Placement','Placement of an item',
  #2445);
#2445 = NEXT_ASSEMBLY_USAGE_OCCURRENCE('10','D13','',#5,#99,$);
#2446 = CONTEXT_DEPENDENT_SHAPE_REPRESENTATION(#2447,#2449);
#2447 = ( REPRESENTATION_RELATIONSHIP('','',#104,#10) 
REPRESENTATION_RELATIONSHIP_WITH_TRANSFORMATION(#2448) 
SHAPE_REPRESENTATION_RELATIONSHIP() );
#2448 = ITEM_DEFINED_TRANSFORMATION('','',#11,#51);
#2449 = PRODUCT_DEFINITION_SHAPE('Placement','Placement of an item',
  #2450);
#2450 = NEXT_ASSEMBLY_USAGE_OCCURRENCE('11','D1','',#5,#99,$);
#2451 = SHAPE_DEFINITION_REPRESENTATION(#2452,#2458);
#2452 = PRODUCT_DEFINITION_SHAPE('','',#2453);
#2453 = PRODUCT_DEFINITION('design','',#2454,#2457);
#2454 = PRODUCT_DEFINITION_FORMATION('','',#2455);
#2455 = PRODUCT('WaterCoolingRack-Light Gaurd',
  'WaterCoolingRack-Light Gaurd','',(#2456));
#2456 = PRODUCT_CONTEXT('',#2,'mechanical');
#2457 = PRODUCT_DEFINITION_CONTEXT('part definition',#2,'design');
#2458 = SHAPE_REPRESENTATION('',(#11,#2459),#2463);
#2459 = AXIS2_PLACEMENT_3D('',#2460,#2461,#2462);
#2460 = CARTESIAN_POINT('',(0.,0.,0.));
#2461 = DIRECTION('',(0.,0.,1.));
#2462 = DIRECTION('',(1.,0.,-0.));
#2463 = ( GEOMETRIC_REPRESENTATION_CONTEXT(3) 
GLOBAL_UNCERTAINTY_ASSIGNED_CONTEXT((#2467)) 
GLOBAL_UNIT_ASSIGNED_CONTEXT((#2464,#2465,#2466)) REPRESENTATION_CONTEXT
('Context #1','3D Context with UNIT and UNCERTAINTY') );
#2464 = ( LENGTH_UNIT() NAMED_UNIT(*) SI_UNIT(.MILLI.,.METRE.) );
#2465 = ( NAMED_UNIT(*) PLANE_ANGLE_UNIT() SI_UNIT($,.RADIAN.) );
#2466 = ( NAMED_UNIT(*) SI_UNIT($,.STERADIAN.) SOLID_ANGLE_UNIT() );
#2467 = UNCERTAINTY_MEASURE_WITH_UNIT(LENGTH_MEASURE(1.E-07),#2464,
  'distance_accuracy_value','confusion accuracy');
#2468 = CONTEXT_DEPENDENT_SHAPE_REPRESENTATION(#2469,#2471);
#2469 = ( REPRESENTATION_RELATIONSHIP('','',#2458,#10) 
REPRESENTATION_RELATIONSHIP_WITH_TRANSFORMATION(#2470) 
SHAPE_REPRESENTATION_RELATIONSHIP() );
#2470 = ITEM_DEFINED_TRANSFORMATION('','',#11,#55);
#2471 = PRODUCT_DEFINITION_SHAPE('Placement','Placement of an item',
  #2472);
#2472 = NEXT_ASSEMBLY_USAGE_OCCURRENCE('13','D1','',#5,#2453,$);
#2473 = PRODUCT_RELATED_PRODUCT_CATEGORY('part',$,(#2455));
#2474 = SHAPE_DEFINITION_REPRESENTATION(#2475,#2481);
#2475 = PRODUCT_DEFINITION_SHAPE('','',#2476);
#2476 = PRODUCT_DEFINITION('design','',#2477,#2480);
#2477 = PRODUCT_DEFINITION_FORMATION('','',#2478);
#2478 = PRODUCT('Light Gaurd','Light Gaurd','',(#2479));
#2479 = PRODUCT_CONTEXT('',#2,'mechanical');
#2480 = PRODUCT_DEFINITION_CONTEXT('part definition',#2,'design');
#2481 = ADVANCED_BREP_SHAPE_REPRESENTATION('',(#11,#2482),#5480);
#2482 = MANIFOLD_SOLID_BREP('',#2483);
#2483 = CLOSED_SHELL('',(#2484,#2524,#2555,#2586,#2619,#2652,#2683,#2714
    ,#2747,#2778,#2841,#2872,#2903,#2925,#2956,#2968,#2992,#3676,#3705,
    #3741,#3764,#3786,#3806,#3830,#3859,#3888,#3918,#3948,#3964,#3984,
    #4013,#4049,#4072,#4094,#4114,#4138,#4167,#4197,#4227,#4243,#4263,
    #4292,#4321,#4357,#4380,#4402,#4422,#4446,#4475,#4505,#4535,#4551,
    #4571,#4600,#4629,#4665,#4688,#4710,#4730,#4754,#4783,#4813,#4843,
    #4859,#4879,#4908,#4953,#4998,#5043,#5088,#5272,#5285,#5298,#5311,
    #5324,#5337,#5350,#5363,#5376,#5389,#5402,#5415,#5428,#5441,#5454,
    #5467));
#2484 = ADVANCED_FACE('',(#2485),#2519,.F.);
#2485 = FACE_BOUND('',#2486,.F.);
#2486 = EDGE_LOOP('',(#2487,#2497,#2505,#2513));
#2487 = ORIENTED_EDGE('',*,*,#2488,.T.);
#2488 = EDGE_CURVE('',#2489,#2491,#2493,.T.);
#2489 = VERTEX_POINT('',#2490);
#2490 = CARTESIAN_POINT('',(-38.1,0.,-50.8));
#2491 = VERTEX_POINT('',#2492);
#2492 = CARTESIAN_POINT('',(-38.1,-38.1,-50.8));
#2493 = LINE('',#2494,#2495);
#2494 = CARTESIAN_POINT('',(-38.1,-1.128E-14,-50.8));
#2495 = VECTOR('',#2496,1.);
#2496 = DIRECTION('',(0.,-1.,2.2E-16));
#2497 = ORIENTED_EDGE('',*,*,#2498,.T.);
#2498 = EDGE_CURVE('',#2491,#2499,#2501,.T.);
#2499 = VERTEX_POINT('',#2500);
#2500 = CARTESIAN_POINT('',(38.1,-38.1,-50.8));
#2501 = LINE('',#2502,#2503);
#2502 = CARTESIAN_POINT('',(-38.1,-38.1,-50.8));
#2503 = VECTOR('',#2504,1.);
#2504 = DIRECTION('',(1.,0.,0.));
#2505 = ORIENTED_EDGE('',*,*,#2506,.F.);
#2506 = EDGE_CURVE('',#2507,#2499,#2509,.T.);
#2507 = VERTEX_POINT('',#2508);
#2508 = CARTESIAN_POINT('',(38.1,0.,-50.8));
#2509 = LINE('',#2510,#2511);
#2510 = CARTESIAN_POINT('',(38.1,-1.128E-14,-50.8));
#2511 = VECTOR('',#2512,1.);
#2512 = DIRECTION('',(0.,-1.,2.2E-16));
#2513 = ORIENTED_EDGE('',*,*,#2514,.F.);
#2514 = EDGE_CURVE('',#2489,#2507,#2515,.T.);
#2515 = LINE('',#2516,#2517);
#2516 = CARTESIAN_POINT('',(-38.1,0.,-50.8));
#2517 = VECTOR('',#2518,1.);
#2518 = DIRECTION('',(1.,0.,0.));
#2519 = PLANE('',#2520);
#2520 = AXIS2_PLACEMENT_3D('',#2521,#2522,#2523);
#2521 = CARTESIAN_POINT('',(-38.1,-1.128E-14,-50.8));
#2522 = DIRECTION('',(0.,2.2E-16,1.));
#2523 = DIRECTION('',(1.,0.,-0.));
#2524 = ADVANCED_FACE('',(#2525),#2550,.F.);
#2525 = FACE_BOUND('',#2526,.F.);
#2526 = EDGE_LOOP('',(#2527,#2535,#2543,#2549));
#2527 = ORIENTED_EDGE('',*,*,#2528,.F.);
#2528 = EDGE_CURVE('',#2529,#2489,#2531,.T.);
#2529 = VERTEX_POINT('',#2530);
#2530 = CARTESIAN_POINT('',(-38.1,-1.1E-14,-31.75));
#2531 = LINE('',#2532,#2533);
#2532 = CARTESIAN_POINT('',(-38.1,0.,50.8));
#2533 = VECTOR('',#2534,1.);
#2534 = DIRECTION('',(0.,0.,-1.));
#2535 = ORIENTED_EDGE('',*,*,#2536,.F.);
#2536 = EDGE_CURVE('',#2537,#2529,#2539,.T.);
#2537 = VERTEX_POINT('',#2538);
#2538 = CARTESIAN_POINT('',(-38.1,-38.1,-31.75));
#2539 = LINE('',#2540,#2541);
#2540 = CARTESIAN_POINT('',(-38.1,-38.1,-31.75));
#2541 = VECTOR('',#2542,1.);
#2542 = DIRECTION('',(0.,1.,-2.2E-16));
#2543 = ORIENTED_EDGE('',*,*,#2544,.T.);
#2544 = EDGE_CURVE('',#2537,#2491,#2545,.T.);
#2545 = LINE('',#2546,#2547);
#2546 = CARTESIAN_POINT('',(-38.1,-38.1,50.8));
#2547 = VECTOR('',#2548,1.);
#2548 = DIRECTION('',(0.,0.,-1.));
#2549 = ORIENTED_EDGE('',*,*,#2488,.F.);
#2550 = PLANE('',#2551);
#2551 = AXIS2_PLACEMENT_3D('',#2552,#2553,#2554);
#2552 = CARTESIAN_POINT('',(-38.1,1.128E-14,50.8));
#2553 = DIRECTION('',(1.,0.,0.));
#2554 = DIRECTION('',(0.,-2.2E-16,-1.));
#2555 = ADVANCED_FACE('',(#2556),#2581,.F.);
#2556 = FACE_BOUND('',#2557,.F.);
#2557 = EDGE_LOOP('',(#2558,#2566,#2567,#2575));
#2558 = ORIENTED_EDGE('',*,*,#2559,.F.);
#2559 = EDGE_CURVE('',#2507,#2560,#2562,.T.);
#2560 = VERTEX_POINT('',#2561);
#2561 = CARTESIAN_POINT('',(38.1,-1.1E-14,-31.75));
#2562 = LINE('',#2563,#2564);
#2563 = CARTESIAN_POINT('',(38.1,0.,-50.8));
#2564 = VECTOR('',#2565,1.);
#2565 = DIRECTION('',(0.,0.,1.));
#2566 = ORIENTED_EDGE('',*,*,#2506,.T.);
#2567 = ORIENTED_EDGE('',*,*,#2568,.T.);
#2568 = EDGE_CURVE('',#2499,#2569,#2571,.T.);
#2569 = VERTEX_POINT('',#2570);
#2570 = CARTESIAN_POINT('',(38.1,-38.1,-31.75));
#2571 = LINE('',#2572,#2573);
#2572 = CARTESIAN_POINT('',(38.1,-38.1,-50.8));
#2573 = VECTOR('',#2574,1.);
#2574 = DIRECTION('',(0.,0.,1.));
#2575 = ORIENTED_EDGE('',*,*,#2576,.T.);
#2576 = EDGE_CURVE('',#2569,#2560,#2577,.T.);
#2577 = LINE('',#2578,#2579);
#2578 = CARTESIAN_POINT('',(38.1,-38.1,-31.75));
#2579 = VECTOR('',#2580,1.);
#2580 = DIRECTION('',(0.,1.,-2.2E-16));
#2581 = PLANE('',#2582);
#2582 = AXIS2_PLACEMENT_3D('',#2583,#2584,#2585);
#2583 = CARTESIAN_POINT('',(38.1,-1.128E-14,-50.8));
#2584 = DIRECTION('',(-1.,0.,0.));
#2585 = DIRECTION('',(0.,2.2E-16,1.));
#2586 = ADVANCED_FACE('',(#2587),#2614,.T.);
#2587 = FACE_BOUND('',#2588,.T.);
#2588 = EDGE_LOOP('',(#2589,#2598,#2606,#2613));
#2589 = ORIENTED_EDGE('',*,*,#2590,.F.);
#2590 = EDGE_CURVE('',#2591,#2537,#2593,.T.);
#2591 = VERTEX_POINT('',#2592);
#2592 = CARTESIAN_POINT('',(-38.1,-38.1,-19.05));
#2593 = CIRCLE('',#2594,6.35);
#2594 = AXIS2_PLACEMENT_3D('',#2595,#2596,#2597);
#2595 = CARTESIAN_POINT('',(-38.1,-38.1,-25.4));
#2596 = DIRECTION('',(0.,-1.,0.));
#2597 = DIRECTION('',(1.,0.,0.));
#2598 = ORIENTED_EDGE('',*,*,#2599,.T.);
#2599 = EDGE_CURVE('',#2591,#2600,#2602,.T.);
#2600 = VERTEX_POINT('',#2601);
#2601 = CARTESIAN_POINT('',(-38.1,-1.1E-14,-19.05));
#2602 = LINE('',#2603,#2604);
#2603 = CARTESIAN_POINT('',(-38.1,-38.1,-19.05));
#2604 = VECTOR('',#2605,1.);
#2605 = DIRECTION('',(0.,1.,-2.2E-16));
#2606 = ORIENTED_EDGE('',*,*,#2607,.T.);
#2607 = EDGE_CURVE('',#2600,#2529,#2608,.T.);
#2608 = CIRCLE('',#2609,6.35);
#2609 = AXIS2_PLACEMENT_3D('',#2610,#2611,#2612);
#2610 = CARTESIAN_POINT('',(-38.1,-1.1E-14,-25.4));
#2611 = DIRECTION('',(0.,-1.,2.2E-16));
#2612 = DIRECTION('',(1.,0.,0.));
#2613 = ORIENTED_EDGE('',*,*,#2536,.F.);
#2614 = CYLINDRICAL_SURFACE('',#2615,6.35);
#2615 = AXIS2_PLACEMENT_3D('',#2616,#2617,#2618);
#2616 = CARTESIAN_POINT('',(-38.1,-38.1,-25.4));
#2617 = DIRECTION('',(0.,-1.,2.2E-16));
#2618 = DIRECTION('',(1.,0.,0.));
#2619 = ADVANCED_FACE('',(#2620),#2647,.T.);
#2620 = FACE_BOUND('',#2621,.T.);
#2621 = EDGE_LOOP('',(#2622,#2623,#2632,#2640));
#2622 = ORIENTED_EDGE('',*,*,#2576,.T.);
#2623 = ORIENTED_EDGE('',*,*,#2624,.F.);
#2624 = EDGE_CURVE('',#2625,#2560,#2627,.T.);
#2625 = VERTEX_POINT('',#2626);
#2626 = CARTESIAN_POINT('',(38.1,-1.1E-14,-19.05));
#2627 = CIRCLE('',#2628,6.35);
#2628 = AXIS2_PLACEMENT_3D('',#2629,#2630,#2631);
#2629 = CARTESIAN_POINT('',(38.1,-1.128E-14,-25.4));
#2630 = DIRECTION('',(0.,1.,-2.2E-16));
#2631 = DIRECTION('',(-1.,0.,0.));
#2632 = ORIENTED_EDGE('',*,*,#2633,.F.);
#2633 = EDGE_CURVE('',#2634,#2625,#2636,.T.);
#2634 = VERTEX_POINT('',#2635);
#2635 = CARTESIAN_POINT('',(38.1,-38.1,-19.05));
#2636 = LINE('',#2637,#2638);
#2637 = CARTESIAN_POINT('',(38.1,-38.1,-19.05));
#2638 = VECTOR('',#2639,1.);
#2639 = DIRECTION('',(0.,1.,-2.2E-16));
#2640 = ORIENTED_EDGE('',*,*,#2641,.T.);
#2641 = EDGE_CURVE('',#2634,#2569,#2642,.T.);
#2642 = CIRCLE('',#2643,6.35);
#2643 = AXIS2_PLACEMENT_3D('',#2644,#2645,#2646);
#2644 = CARTESIAN_POINT('',(38.1,-38.1,-25.4));
#2645 = DIRECTION('',(0.,1.,-0.));
#2646 = DIRECTION('',(-1.,0.,-0.));
#2647 = CYLINDRICAL_SURFACE('',#2648,6.35);
#2648 = AXIS2_PLACEMENT_3D('',#2649,#2650,#2651);
#2649 = CARTESIAN_POINT('',(38.1,-38.1,-25.4));
#2650 = DIRECTION('',(0.,-1.,2.2E-16));
#2651 = DIRECTION('',(-1.,0.,0.));
#2652 = ADVANCED_FACE('',(#2653),#2678,.F.);
#2653 = FACE_BOUND('',#2654,.F.);
#2654 = EDGE_LOOP('',(#2655,#2663,#2664,#2672));
#2655 = ORIENTED_EDGE('',*,*,#2656,.F.);
#2656 = EDGE_CURVE('',#2625,#2657,#2659,.T.);
#2657 = VERTEX_POINT('',#2658);
#2658 = CARTESIAN_POINT('',(38.1,0.,19.05));
#2659 = LINE('',#2660,#2661);
#2660 = CARTESIAN_POINT('',(38.1,0.,-50.8));
#2661 = VECTOR('',#2662,1.);
#2662 = DIRECTION('',(0.,0.,1.));
#2663 = ORIENTED_EDGE('',*,*,#2633,.F.);
#2664 = ORIENTED_EDGE('',*,*,#2665,.T.);
#2665 = EDGE_CURVE('',#2634,#2666,#2668,.T.);
#2666 = VERTEX_POINT('',#2667);
#2667 = CARTESIAN_POINT('',(38.1,-38.1,19.05));
#2668 = LINE('',#2669,#2670);
#2669 = CARTESIAN_POINT('',(38.1,-38.1,-50.8));
#2670 = VECTOR('',#2671,1.);
#2671 = DIRECTION('',(0.,0.,1.));
#2672 = ORIENTED_EDGE('',*,*,#2673,.T.);
#2673 = EDGE_CURVE('',#2666,#2657,#2674,.T.);
#2674 = LINE('',#2675,#2676);
#2675 = CARTESIAN_POINT('',(38.1,-38.1,19.05));
#2676 = VECTOR('',#2677,1.);
#2677 = DIRECTION('',(0.,1.,-2.2E-16));
#2678 = PLANE('',#2679);
#2679 = AXIS2_PLACEMENT_3D('',#2680,#2681,#2682);
#2680 = CARTESIAN_POINT('',(38.1,-1.128E-14,-50.8));
#2681 = DIRECTION('',(-1.,0.,0.));
#2682 = DIRECTION('',(0.,2.2E-16,1.));
#2683 = ADVANCED_FACE('',(#2684),#2709,.F.);
#2684 = FACE_BOUND('',#2685,.F.);
#2685 = EDGE_LOOP('',(#2686,#2694,#2702,#2708));
#2686 = ORIENTED_EDGE('',*,*,#2687,.F.);
#2687 = EDGE_CURVE('',#2688,#2600,#2690,.T.);
#2688 = VERTEX_POINT('',#2689);
#2689 = CARTESIAN_POINT('',(-38.1,0.,19.05));
#2690 = LINE('',#2691,#2692);
#2691 = CARTESIAN_POINT('',(-38.1,0.,50.8));
#2692 = VECTOR('',#2693,1.);
#2693 = DIRECTION('',(0.,0.,-1.));
#2694 = ORIENTED_EDGE('',*,*,#2695,.F.);
#2695 = EDGE_CURVE('',#2696,#2688,#2698,.T.);
#2696 = VERTEX_POINT('',#2697);
#2697 = CARTESIAN_POINT('',(-38.1,-38.1,19.05));
#2698 = LINE('',#2699,#2700);
#2699 = CARTESIAN_POINT('',(-38.1,-38.1,19.05));
#2700 = VECTOR('',#2701,1.);
#2701 = DIRECTION('',(0.,1.,-2.2E-16));
#2702 = ORIENTED_EDGE('',*,*,#2703,.T.);
#2703 = EDGE_CURVE('',#2696,#2591,#2704,.T.);
#2704 = LINE('',#2705,#2706);
#2705 = CARTESIAN_POINT('',(-38.1,-38.1,50.8));
#2706 = VECTOR('',#2707,1.);
#2707 = DIRECTION('',(0.,0.,-1.));
#2708 = ORIENTED_EDGE('',*,*,#2599,.T.);
#2709 = PLANE('',#2710);
#2710 = AXIS2_PLACEMENT_3D('',#2711,#2712,#2713);
#2711 = CARTESIAN_POINT('',(-38.1,1.128E-14,50.8));
#2712 = DIRECTION('',(1.,0.,0.));
#2713 = DIRECTION('',(0.,-2.2E-16,-1.));
#2714 = ADVANCED_FACE('',(#2715),#2742,.T.);
#2715 = FACE_BOUND('',#2716,.T.);
#2716 = EDGE_LOOP('',(#2717,#2718,#2727,#2735));
#2717 = ORIENTED_EDGE('',*,*,#2673,.T.);
#2718 = ORIENTED_EDGE('',*,*,#2719,.F.);
#2719 = EDGE_CURVE('',#2720,#2657,#2722,.T.);
#2720 = VERTEX_POINT('',#2721);
#2721 = CARTESIAN_POINT('',(38.1,0.,31.75));
#2722 = CIRCLE('',#2723,6.35);
#2723 = AXIS2_PLACEMENT_3D('',#2724,#2725,#2726);
#2724 = CARTESIAN_POINT('',(38.1,0.,25.4));
#2725 = DIRECTION('',(0.,1.,-2.2E-16));
#2726 = DIRECTION('',(-1.,0.,0.));
#2727 = ORIENTED_EDGE('',*,*,#2728,.F.);
#2728 = EDGE_CURVE('',#2729,#2720,#2731,.T.);
#2729 = VERTEX_POINT('',#2730);
#2730 = CARTESIAN_POINT('',(38.1,-38.1,31.75));
#2731 = LINE('',#2732,#2733);
#2732 = CARTESIAN_POINT('',(38.1,-38.1,31.75));
#2733 = VECTOR('',#2734,1.);
#2734 = DIRECTION('',(0.,1.,-2.2E-16));
#2735 = ORIENTED_EDGE('',*,*,#2736,.T.);
#2736 = EDGE_CURVE('',#2729,#2666,#2737,.T.);
#2737 = CIRCLE('',#2738,6.35);
#2738 = AXIS2_PLACEMENT_3D('',#2739,#2740,#2741);
#2739 = CARTESIAN_POINT('',(38.1,-38.1,25.4));
#2740 = DIRECTION('',(0.,1.,-0.));
#2741 = DIRECTION('',(-1.,0.,-0.));
#2742 = CYLINDRICAL_SURFACE('',#2743,6.35);
#2743 = AXIS2_PLACEMENT_3D('',#2744,#2745,#2746);
#2744 = CARTESIAN_POINT('',(38.1,-38.1,25.4));
#2745 = DIRECTION('',(0.,-1.,2.2E-16));
#2746 = DIRECTION('',(-1.,0.,0.));
#2747 = ADVANCED_FACE('',(#2748),#2773,.F.);
#2748 = FACE_BOUND('',#2749,.F.);
#2749 = EDGE_LOOP('',(#2750,#2758,#2759,#2767));
#2750 = ORIENTED_EDGE('',*,*,#2751,.F.);
#2751 = EDGE_CURVE('',#2720,#2752,#2754,.T.);
#2752 = VERTEX_POINT('',#2753);
#2753 = CARTESIAN_POINT('',(38.1,0.,50.8));
#2754 = LINE('',#2755,#2756);
#2755 = CARTESIAN_POINT('',(38.1,0.,-50.8));
#2756 = VECTOR('',#2757,1.);
#2757 = DIRECTION('',(0.,0.,1.));
#2758 = ORIENTED_EDGE('',*,*,#2728,.F.);
#2759 = ORIENTED_EDGE('',*,*,#2760,.T.);
#2760 = EDGE_CURVE('',#2729,#2761,#2763,.T.);
#2761 = VERTEX_POINT('',#2762);
#2762 = CARTESIAN_POINT('',(38.1,-38.1,50.8));
#2763 = LINE('',#2764,#2765);
#2764 = CARTESIAN_POINT('',(38.1,-38.1,-50.8));
#2765 = VECTOR('',#2766,1.);
#2766 = DIRECTION('',(0.,0.,1.));
#2767 = ORIENTED_EDGE('',*,*,#2768,.F.);
#2768 = EDGE_CURVE('',#2752,#2761,#2769,.T.);
#2769 = LINE('',#2770,#2771);
#2770 = CARTESIAN_POINT('',(38.1,1.128E-14,50.8));
#2771 = VECTOR('',#2772,1.);
#2772 = DIRECTION('',(0.,-1.,2.2E-16));
#2773 = PLANE('',#2774);
#2774 = AXIS2_PLACEMENT_3D('',#2775,#2776,#2777);
#2775 = CARTESIAN_POINT('',(38.1,-1.128E-14,-50.8));
#2776 = DIRECTION('',(-1.,0.,0.));
#2777 = DIRECTION('',(0.,2.2E-16,1.));
#2778 = ADVANCED_FACE('',(#2779),#2836,.F.);
#2779 = FACE_BOUND('',#2780,.F.);
#2780 = EDGE_LOOP('',(#2781,#2789,#2790,#2798,#2806,#2814,#2822,#2830));
#2781 = ORIENTED_EDGE('',*,*,#2782,.F.);
#2782 = EDGE_CURVE('',#2752,#2783,#2785,.T.);
#2783 = VERTEX_POINT('',#2784);
#2784 = CARTESIAN_POINT('',(5.08,1.127986593019E-14,50.8));
#2785 = LINE('',#2786,#2787);
#2786 = CARTESIAN_POINT('',(38.1,0.,50.8));
#2787 = VECTOR('',#2788,1.);
#2788 = DIRECTION('',(-1.,0.,0.));
#2789 = ORIENTED_EDGE('',*,*,#2768,.T.);
#2790 = ORIENTED_EDGE('',*,*,#2791,.T.);
#2791 = EDGE_CURVE('',#2761,#2792,#2794,.T.);
#2792 = VERTEX_POINT('',#2793);
#2793 = CARTESIAN_POINT('',(-38.1,-38.1,50.8));
#2794 = LINE('',#2795,#2796);
#2795 = CARTESIAN_POINT('',(38.1,-38.1,50.8));
#2796 = VECTOR('',#2797,1.);
#2797 = DIRECTION('',(-1.,0.,0.));
#2798 = ORIENTED_EDGE('',*,*,#2799,.F.);
#2799 = EDGE_CURVE('',#2800,#2792,#2802,.T.);
#2800 = VERTEX_POINT('',#2801);
#2801 = CARTESIAN_POINT('',(-38.1,0.,50.8));
#2802 = LINE('',#2803,#2804);
#2803 = CARTESIAN_POINT('',(-38.1,1.128E-14,50.8));
#2804 = VECTOR('',#2805,1.);
#2805 = DIRECTION('',(0.,-1.,2.2E-16));
#2806 = ORIENTED_EDGE('',*,*,#2807,.F.);
#2807 = EDGE_CURVE('',#2808,#2800,#2810,.T.);
#2808 = VERTEX_POINT('',#2809);
#2809 = CARTESIAN_POINT('',(-5.08,1.127986593019E-14,50.8));
#2810 = LINE('',#2811,#2812);
#2811 = CARTESIAN_POINT('',(38.1,0.,50.8));
#2812 = VECTOR('',#2813,1.);
#2813 = DIRECTION('',(-1.,0.,0.));
#2814 = ORIENTED_EDGE('',*,*,#2815,.T.);
#2815 = EDGE_CURVE('',#2808,#2816,#2818,.T.);
#2816 = VERTEX_POINT('',#2817);
#2817 = CARTESIAN_POINT('',(-5.08,-2.54,50.8));
#2818 = LINE('',#2819,#2820);
#2819 = CARTESIAN_POINT('',(-5.08,1.127986593019E-14,50.8));
#2820 = VECTOR('',#2821,1.);
#2821 = DIRECTION('',(0.,-1.,2.22044604925E-16));
#2822 = ORIENTED_EDGE('',*,*,#2823,.T.);
#2823 = EDGE_CURVE('',#2816,#2824,#2826,.T.);
#2824 = VERTEX_POINT('',#2825);
#2825 = CARTESIAN_POINT('',(5.08,-2.54,50.8));
#2826 = LINE('',#2827,#2828);
#2827 = CARTESIAN_POINT('',(-5.08,-2.54,50.8));
#2828 = VECTOR('',#2829,1.);
#2829 = DIRECTION('',(1.,0.,0.));
#2830 = ORIENTED_EDGE('',*,*,#2831,.F.);
#2831 = EDGE_CURVE('',#2783,#2824,#2832,.T.);
#2832 = LINE('',#2833,#2834);
#2833 = CARTESIAN_POINT('',(5.08,1.127986593019E-14,50.8));
#2834 = VECTOR('',#2835,1.);
#2835 = DIRECTION('',(0.,-1.,2.22044604925E-16));
#2836 = PLANE('',#2837);
#2837 = AXIS2_PLACEMENT_3D('',#2838,#2839,#2840);
#2838 = CARTESIAN_POINT('',(38.1,1.128E-14,50.8));
#2839 = DIRECTION('',(-0.,-2.2E-16,-1.));
#2840 = DIRECTION('',(-1.,0.,0.));
#2841 = ADVANCED_FACE('',(#2842),#2867,.F.);
#2842 = FACE_BOUND('',#2843,.F.);
#2843 = EDGE_LOOP('',(#2844,#2845,#2853,#2861));
#2844 = ORIENTED_EDGE('',*,*,#2831,.T.);
#2845 = ORIENTED_EDGE('',*,*,#2846,.T.);
#2846 = EDGE_CURVE('',#2824,#2847,#2849,.T.);
#2847 = VERTEX_POINT('',#2848);
#2848 = CARTESIAN_POINT('',(5.08,-2.54,35.56));
#2849 = LINE('',#2850,#2851);
#2850 = CARTESIAN_POINT('',(5.08,-2.54,50.8));
#2851 = VECTOR('',#2852,1.);
#2852 = DIRECTION('',(0.,-2.22044604925E-16,-1.));
#2853 = ORIENTED_EDGE('',*,*,#2854,.F.);
#2854 = EDGE_CURVE('',#2855,#2847,#2857,.T.);
#2855 = VERTEX_POINT('',#2856);
#2856 = CARTESIAN_POINT('',(5.08,7.895906151134E-15,35.56));
#2857 = LINE('',#2858,#2859);
#2858 = CARTESIAN_POINT('',(5.08,7.895906151134E-15,35.56));
#2859 = VECTOR('',#2860,1.);
#2860 = DIRECTION('',(0.,-1.,2.22044604925E-16));
#2861 = ORIENTED_EDGE('',*,*,#2862,.F.);
#2862 = EDGE_CURVE('',#2783,#2855,#2863,.T.);
#2863 = LINE('',#2864,#2865);
#2864 = CARTESIAN_POINT('',(5.08,1.127986593019E-14,50.8));
#2865 = VECTOR('',#2866,1.);
#2866 = DIRECTION('',(0.,-2.22044604925E-16,-1.));
#2867 = PLANE('',#2868);
#2868 = AXIS2_PLACEMENT_3D('',#2869,#2870,#2871);
#2869 = CARTESIAN_POINT('',(5.08,1.127986593019E-14,50.8));
#2870 = DIRECTION('',(1.,0.,0.));
#2871 = DIRECTION('',(0.,-2.22044604925E-16,-1.));
#2872 = ADVANCED_FACE('',(#2873),#2898,.F.);
#2873 = FACE_BOUND('',#2874,.F.);
#2874 = EDGE_LOOP('',(#2875,#2876,#2884,#2892));
#2875 = ORIENTED_EDGE('',*,*,#2854,.T.);
#2876 = ORIENTED_EDGE('',*,*,#2877,.T.);
#2877 = EDGE_CURVE('',#2847,#2878,#2880,.T.);
#2878 = VERTEX_POINT('',#2879);
#2879 = CARTESIAN_POINT('',(-5.08,-2.54,35.56));
#2880 = LINE('',#2881,#2882);
#2881 = CARTESIAN_POINT('',(5.08,-2.54,35.56));
#2882 = VECTOR('',#2883,1.);
#2883 = DIRECTION('',(-1.,0.,0.));
#2884 = ORIENTED_EDGE('',*,*,#2885,.F.);
#2885 = EDGE_CURVE('',#2886,#2878,#2888,.T.);
#2886 = VERTEX_POINT('',#2887);
#2887 = CARTESIAN_POINT('',(-5.08,7.895906151134E-15,35.56));
#2888 = LINE('',#2889,#2890);
#2889 = CARTESIAN_POINT('',(-5.08,7.895906151134E-15,35.56));
#2890 = VECTOR('',#2891,1.);
#2891 = DIRECTION('',(0.,-1.,2.22044604925E-16));
#2892 = ORIENTED_EDGE('',*,*,#2893,.F.);
#2893 = EDGE_CURVE('',#2855,#2886,#2894,.T.);
#2894 = LINE('',#2895,#2896);
#2895 = CARTESIAN_POINT('',(5.08,7.895906151134E-15,35.56));
#2896 = VECTOR('',#2897,1.);
#2897 = DIRECTION('',(-1.,0.,0.));
#2898 = PLANE('',#2899);
#2899 = AXIS2_PLACEMENT_3D('',#2900,#2901,#2902);
#2900 = CARTESIAN_POINT('',(5.08,7.895906151134E-15,35.56));
#2901 = DIRECTION('',(-0.,-2.22044604925E-16,-1.));
#2902 = DIRECTION('',(-1.,0.,0.));
#2903 = ADVANCED_FACE('',(#2904),#2920,.F.);
#2904 = FACE_BOUND('',#2905,.F.);
#2905 = EDGE_LOOP('',(#2906,#2907,#2913,#2914));
#2906 = ORIENTED_EDGE('',*,*,#2885,.T.);
#2907 = ORIENTED_EDGE('',*,*,#2908,.T.);
#2908 = EDGE_CURVE('',#2878,#2816,#2909,.T.);
#2909 = LINE('',#2910,#2911);
#2910 = CARTESIAN_POINT('',(-5.08,-2.54,35.56));
#2911 = VECTOR('',#2912,1.);
#2912 = DIRECTION('',(0.,2.22044604925E-16,1.));
#2913 = ORIENTED_EDGE('',*,*,#2815,.F.);
#2914 = ORIENTED_EDGE('',*,*,#2915,.F.);
#2915 = EDGE_CURVE('',#2886,#2808,#2916,.T.);
#2916 = LINE('',#2917,#2918);
#2917 = CARTESIAN_POINT('',(-5.08,7.895906151134E-15,35.56));
#2918 = VECTOR('',#2919,1.);
#2919 = DIRECTION('',(0.,2.22044604925E-16,1.));
#2920 = PLANE('',#2921);
#2921 = AXIS2_PLACEMENT_3D('',#2922,#2923,#2924);
#2922 = CARTESIAN_POINT('',(-5.08,7.895906151134E-15,35.56));
#2923 = DIRECTION('',(-1.,0.,0.));
#2924 = DIRECTION('',(0.,2.22044604925E-16,1.));
#2925 = ADVANCED_FACE('',(#2926),#2951,.F.);
#2926 = FACE_BOUND('',#2927,.F.);
#2927 = EDGE_LOOP('',(#2928,#2936,#2937,#2945));
#2928 = ORIENTED_EDGE('',*,*,#2929,.F.);
#2929 = EDGE_CURVE('',#2800,#2930,#2932,.T.);
#2930 = VERTEX_POINT('',#2931);
#2931 = CARTESIAN_POINT('',(-38.1,0.,31.75));
#2932 = LINE('',#2933,#2934);
#2933 = CARTESIAN_POINT('',(-38.1,0.,50.8));
#2934 = VECTOR('',#2935,1.);
#2935 = DIRECTION('',(0.,0.,-1.));
#2936 = ORIENTED_EDGE('',*,*,#2799,.T.);
#2937 = ORIENTED_EDGE('',*,*,#2938,.T.);
#2938 = EDGE_CURVE('',#2792,#2939,#2941,.T.);
#2939 = VERTEX_POINT('',#2940);
#2940 = CARTESIAN_POINT('',(-38.1,-38.1,31.75));
#2941 = LINE('',#2942,#2943);
#2942 = CARTESIAN_POINT('',(-38.1,-38.1,50.8));
#2943 = VECTOR('',#2944,1.);
#2944 = DIRECTION('',(0.,0.,-1.));
#2945 = ORIENTED_EDGE('',*,*,#2946,.T.);
#2946 = EDGE_CURVE('',#2939,#2930,#2947,.T.);
#2947 = LINE('',#2948,#2949);
#2948 = CARTESIAN_POINT('',(-38.1,-38.1,31.75));
#2949 = VECTOR('',#2950,1.);
#2950 = DIRECTION('',(0.,1.,-2.2E-16));
#2951 = PLANE('',#2952);
#2952 = AXIS2_PLACEMENT_3D('',#2953,#2954,#2955);
#2953 = CARTESIAN_POINT('',(-38.1,1.128E-14,50.8));
#2954 = DIRECTION('',(1.,0.,0.));
#2955 = DIRECTION('',(0.,-2.2E-16,-1.));
#2956 = ADVANCED_FACE('',(#2957),#2963,.T.);
#2957 = FACE_BOUND('',#2958,.T.);
#2958 = EDGE_LOOP('',(#2959,#2960,#2961,#2962));
#2959 = ORIENTED_EDGE('',*,*,#2846,.T.);
#2960 = ORIENTED_EDGE('',*,*,#2877,.T.);
#2961 = ORIENTED_EDGE('',*,*,#2908,.T.);
#2962 = ORIENTED_EDGE('',*,*,#2823,.T.);
#2963 = PLANE('',#2964);
#2964 = AXIS2_PLACEMENT_3D('',#2965,#2966,#2967);
#2965 = CARTESIAN_POINT('',(0.,-2.54,43.18));
#2966 = DIRECTION('',(0.,1.,0.));
#2967 = DIRECTION('',(0.,-0.,1.));
#2968 = ADVANCED_FACE('',(#2969),#2987,.T.);
#2969 = FACE_BOUND('',#2970,.T.);
#2970 = EDGE_LOOP('',(#2971,#2978,#2979,#2986));
#2971 = ORIENTED_EDGE('',*,*,#2972,.F.);
#2972 = EDGE_CURVE('',#2939,#2696,#2973,.T.);
#2973 = CIRCLE('',#2974,6.35);
#2974 = AXIS2_PLACEMENT_3D('',#2975,#2976,#2977);
#2975 = CARTESIAN_POINT('',(-38.1,-38.1,25.4));
#2976 = DIRECTION('',(0.,-1.,0.));
#2977 = DIRECTION('',(1.,0.,0.));
#2978 = ORIENTED_EDGE('',*,*,#2946,.T.);
#2979 = ORIENTED_EDGE('',*,*,#2980,.T.);
#2980 = EDGE_CURVE('',#2930,#2688,#2981,.T.);
#2981 = CIRCLE('',#2982,6.35);
#2982 = AXIS2_PLACEMENT_3D('',#2983,#2984,#2985);
#2983 = CARTESIAN_POINT('',(-38.1,0.,25.4));
#2984 = DIRECTION('',(0.,-1.,2.2E-16));
#2985 = DIRECTION('',(1.,0.,0.));
#2986 = ORIENTED_EDGE('',*,*,#2695,.F.);
#2987 = CYLINDRICAL_SURFACE('',#2988,6.35);
#2988 = AXIS2_PLACEMENT_3D('',#2989,#2990,#2991);
#2989 = CARTESIAN_POINT('',(-38.1,-38.1,25.4));
#2990 = DIRECTION('',(0.,-1.,2.2E-16));
#2991 = DIRECTION('',(1.,0.,0.));
#2992 = ADVANCED_FACE('',(#2993,#3011,#3045,#3079,#3113,#3147,#3181,
    #3215,#3249,#3283,#3317,#3351,#3385,#3419,#3453,#3487,#3521,#3555,
    #3584,#3613,#3642),#3671,.T.);
#2993 = FACE_BOUND('',#2994,.T.);
#2994 = EDGE_LOOP('',(#2995,#2996,#2997,#2998,#2999,#3000,#3001,#3002,
    #3003,#3004,#3005,#3006,#3007,#3008,#3009,#3010));
#2995 = ORIENTED_EDGE('',*,*,#2514,.F.);
#2996 = ORIENTED_EDGE('',*,*,#2528,.F.);
#2997 = ORIENTED_EDGE('',*,*,#2607,.F.);
#2998 = ORIENTED_EDGE('',*,*,#2687,.F.);
#2999 = ORIENTED_EDGE('',*,*,#2980,.F.);
#3000 = ORIENTED_EDGE('',*,*,#2929,.F.);
#3001 = ORIENTED_EDGE('',*,*,#2807,.F.);
#3002 = ORIENTED_EDGE('',*,*,#2915,.F.);
#3003 = ORIENTED_EDGE('',*,*,#2893,.F.);
#3004 = ORIENTED_EDGE('',*,*,#2862,.F.);
#3005 = ORIENTED_EDGE('',*,*,#2782,.F.);
#3006 = ORIENTED_EDGE('',*,*,#2751,.F.);
#3007 = ORIENTED_EDGE('',*,*,#2719,.T.);
#3008 = ORIENTED_EDGE('',*,*,#2656,.F.);
#3009 = ORIENTED_EDGE('',*,*,#2624,.T.);
#3010 = ORIENTED_EDGE('',*,*,#2559,.F.);
#3011 = FACE_BOUND('',#3012,.T.);
#3012 = EDGE_LOOP('',(#3013,#3023,#3031,#3039));
#3013 = ORIENTED_EDGE('',*,*,#3014,.T.);
#3014 = EDGE_CURVE('',#3015,#3017,#3019,.T.);
#3015 = VERTEX_POINT('',#3016);
#3016 = CARTESIAN_POINT('',(-28.53511022185,1.6E-14,41.235110221853));
#3017 = VERTEX_POINT('',#3018);
#3018 = CARTESIAN_POINT('',(-28.53511022185,1.5E-14,34.964889778147));
#3019 = LINE('',#3020,#3021);
#3020 = CARTESIAN_POINT('',(-28.53511022185,1.791E-14,48.641));
#3021 = VECTOR('',#3022,1.);
#3022 = DIRECTION('',(0.,-2.2E-16,-1.));
#3023 = ORIENTED_EDGE('',*,*,#3024,.T.);
#3024 = EDGE_CURVE('',#3017,#3025,#3027,.T.);
#3025 = VERTEX_POINT('',#3026);
#3026 = CARTESIAN_POINT('',(-22.26488977814,1.5E-14,34.964889778147));
#3027 = LINE('',#3028,#3029);
#3028 = CARTESIAN_POINT('',(-35.941,1.487E-14,34.964889778147));
#3029 = VECTOR('',#3030,1.);
#3030 = DIRECTION('',(1.,0.,0.));
#3031 = ORIENTED_EDGE('',*,*,#3032,.T.);
#3032 = EDGE_CURVE('',#3025,#3033,#3035,.T.);
#3033 = VERTEX_POINT('',#3034);
#3034 = CARTESIAN_POINT('',(-22.26488977814,1.6E-14,41.235110221853));
#3035 = LINE('',#3036,#3037);
#3036 = CARTESIAN_POINT('',(-22.26488977814,1.322E-14,27.559));
#3037 = VECTOR('',#3038,1.);
#3038 = DIRECTION('',(0.,2.2E-16,1.));
#3039 = ORIENTED_EDGE('',*,*,#3040,.T.);
#3040 = EDGE_CURVE('',#3033,#3015,#3041,.T.);
#3041 = LINE('',#3042,#3043);
#3042 = CARTESIAN_POINT('',(-14.859,1.626E-14,41.235110221853));
#3043 = VECTOR('',#3044,1.);
#3044 = DIRECTION('',(-1.,-0.,-0.));
#3045 = FACE_BOUND('',#3046,.T.);
#3046 = EDGE_LOOP('',(#3047,#3057,#3065,#3073));
#3047 = ORIENTED_EDGE('',*,*,#3048,.F.);
#3048 = EDGE_CURVE('',#3049,#3051,#3053,.T.);
#3049 = VERTEX_POINT('',#3050);
#3050 = CARTESIAN_POINT('',(28.535110221853,1.5E-14,34.964889778147));
#3051 = VERTEX_POINT('',#3052);
#3052 = CARTESIAN_POINT('',(22.264889778147,1.5E-14,34.964889778147));
#3053 = LINE('',#3054,#3055);
#3054 = CARTESIAN_POINT('',(35.941,1.487E-14,34.964889778147));
#3055 = VECTOR('',#3056,1.);
#3056 = DIRECTION('',(-1.,-0.,-0.));
#3057 = ORIENTED_EDGE('',*,*,#3058,.F.);
#3058 = EDGE_CURVE('',#3059,#3049,#3061,.T.);
#3059 = VERTEX_POINT('',#3060);
#3060 = CARTESIAN_POINT('',(28.535110221853,1.6E-14,41.235110221853));
#3061 = LINE('',#3062,#3063);
#3062 = CARTESIAN_POINT('',(28.535110221853,1.791E-14,48.641));
#3063 = VECTOR('',#3064,1.);
#3064 = DIRECTION('',(-0.,-2.2E-16,-1.));
#3065 = ORIENTED_EDGE('',*,*,#3066,.F.);
#3066 = EDGE_CURVE('',#3067,#3059,#3069,.T.);
#3067 = VERTEX_POINT('',#3068);
#3068 = CARTESIAN_POINT('',(22.264889778147,1.6E-14,41.235110221853));
#3069 = LINE('',#3070,#3071);
#3070 = CARTESIAN_POINT('',(14.859,1.626E-14,41.235110221853));
#3071 = VECTOR('',#3072,1.);
#3072 = DIRECTION('',(1.,0.,0.));
#3073 = ORIENTED_EDGE('',*,*,#3074,.F.);
#3074 = EDGE_CURVE('',#3051,#3067,#3075,.T.);
#3075 = LINE('',#3076,#3077);
#3076 = CARTESIAN_POINT('',(22.264889778147,1.322E-14,27.559));
#3077 = VECTOR('',#3078,1.);
#3078 = DIRECTION('',(0.,2.2E-16,1.));
#3079 = FACE_BOUND('',#3080,.T.);
#3080 = EDGE_LOOP('',(#3081,#3091,#3099,#3107));
#3081 = ORIENTED_EDGE('',*,*,#3082,.T.);
#3082 = EDGE_CURVE('',#3083,#3085,#3087,.T.);
#3083 = VERTEX_POINT('',#3084);
#3084 = CARTESIAN_POINT('',(9.564889778147,1.6E-14,41.235110221853));
#3085 = VERTEX_POINT('',#3086);
#3086 = CARTESIAN_POINT('',(9.564889778147,1.5E-14,34.964889778147));
#3087 = LINE('',#3088,#3089);
#3088 = CARTESIAN_POINT('',(9.564889778147,1.791E-14,48.641));
#3089 = VECTOR('',#3090,1.);
#3090 = DIRECTION('',(0.,-2.2E-16,-1.));
#3091 = ORIENTED_EDGE('',*,*,#3092,.T.);
#3092 = EDGE_CURVE('',#3085,#3093,#3095,.T.);
#3093 = VERTEX_POINT('',#3094);
#3094 = CARTESIAN_POINT('',(15.835110221853,1.5E-14,34.964889778147));
#3095 = LINE('',#3096,#3097);
#3096 = CARTESIAN_POINT('',(2.159,1.487E-14,34.964889778147));
#3097 = VECTOR('',#3098,1.);
#3098 = DIRECTION('',(1.,0.,0.));
#3099 = ORIENTED_EDGE('',*,*,#3100,.T.);
#3100 = EDGE_CURVE('',#3093,#3101,#3103,.T.);
#3101 = VERTEX_POINT('',#3102);
#3102 = CARTESIAN_POINT('',(15.835110221853,1.6E-14,41.235110221853));
#3103 = LINE('',#3104,#3105);
#3104 = CARTESIAN_POINT('',(15.835110221853,1.322E-14,27.559));
#3105 = VECTOR('',#3106,1.);
#3106 = DIRECTION('',(0.,2.2E-16,1.));
#3107 = ORIENTED_EDGE('',*,*,#3108,.T.);
#3108 = EDGE_CURVE('',#3101,#3083,#3109,.T.);
#3109 = LINE('',#3110,#3111);
#3110 = CARTESIAN_POINT('',(23.241,1.626E-14,41.235110221853));
#3111 = VECTOR('',#3112,1.);
#3112 = DIRECTION('',(-1.,-0.,-0.));
#3113 = FACE_BOUND('',#3114,.T.);
#3114 = EDGE_LOOP('',(#3115,#3125,#3133,#3141));
#3115 = ORIENTED_EDGE('',*,*,#3116,.F.);
#3116 = EDGE_CURVE('',#3117,#3119,#3121,.T.);
#3117 = VERTEX_POINT('',#3118);
#3118 = CARTESIAN_POINT('',(-9.564889778147,1.5E-14,34.964889778147));
#3119 = VERTEX_POINT('',#3120);
#3120 = CARTESIAN_POINT('',(-15.83511022185,1.5E-14,34.964889778147));
#3121 = LINE('',#3122,#3123);
#3122 = CARTESIAN_POINT('',(-2.159,1.487E-14,34.964889778147));
#3123 = VECTOR('',#3124,1.);
#3124 = DIRECTION('',(-1.,-0.,-0.));
#3125 = ORIENTED_EDGE('',*,*,#3126,.F.);
#3126 = EDGE_CURVE('',#3127,#3117,#3129,.T.);
#3127 = VERTEX_POINT('',#3128);
#3128 = CARTESIAN_POINT('',(-9.564889778147,1.6E-14,41.235110221853));
#3129 = LINE('',#3130,#3131);
#3130 = CARTESIAN_POINT('',(-9.564889778147,1.791E-14,48.641));
#3131 = VECTOR('',#3132,1.);
#3132 = DIRECTION('',(-0.,-2.2E-16,-1.));
#3133 = ORIENTED_EDGE('',*,*,#3134,.F.);
#3134 = EDGE_CURVE('',#3135,#3127,#3137,.T.);
#3135 = VERTEX_POINT('',#3136);
#3136 = CARTESIAN_POINT('',(-15.83511022185,1.6E-14,41.235110221853));
#3137 = LINE('',#3138,#3139);
#3138 = CARTESIAN_POINT('',(-23.241,1.626E-14,41.235110221853));
#3139 = VECTOR('',#3140,1.);
#3140 = DIRECTION('',(1.,0.,0.));
#3141 = ORIENTED_EDGE('',*,*,#3142,.F.);
#3142 = EDGE_CURVE('',#3119,#3135,#3143,.T.);
#3143 = LINE('',#3144,#3145);
#3144 = CARTESIAN_POINT('',(-15.83511022185,1.322E-14,27.559));
#3145 = VECTOR('',#3146,1.);
#3146 = DIRECTION('',(0.,2.2E-16,1.));
#3147 = FACE_BOUND('',#3148,.T.);
#3148 = EDGE_LOOP('',(#3149,#3159,#3167,#3175));
#3149 = ORIENTED_EDGE('',*,*,#3150,.T.);
#3150 = EDGE_CURVE('',#3151,#3153,#3155,.T.);
#3151 = VERTEX_POINT('',#3152);
#3152 = CARTESIAN_POINT('',(-28.53511022185,1.1E-14,15.835110221853));
#3153 = VERTEX_POINT('',#3154);
#3154 = CARTESIAN_POINT('',(-28.53511022185,9.E-15,9.564889778147));
#3155 = LINE('',#3156,#3157);
#3156 = CARTESIAN_POINT('',(-28.53511022185,1.191E-14,23.241));
#3157 = VECTOR('',#3158,1.);
#3158 = DIRECTION('',(0.,-2.2E-16,-1.));
#3159 = ORIENTED_EDGE('',*,*,#3160,.T.);
#3160 = EDGE_CURVE('',#3153,#3161,#3163,.T.);
#3161 = VERTEX_POINT('',#3162);
#3162 = CARTESIAN_POINT('',(-22.26488977814,9.E-15,9.564889778147));
#3163 = LINE('',#3164,#3165);
#3164 = CARTESIAN_POINT('',(-35.941,8.87E-15,9.564889778147));
#3165 = VECTOR('',#3166,1.);
#3166 = DIRECTION('',(1.,0.,0.));
#3167 = ORIENTED_EDGE('',*,*,#3168,.T.);
#3168 = EDGE_CURVE('',#3161,#3169,#3171,.T.);
#3169 = VERTEX_POINT('',#3170);
#3170 = CARTESIAN_POINT('',(-22.26488977814,1.1E-14,15.835110221853));
#3171 = LINE('',#3172,#3173);
#3172 = CARTESIAN_POINT('',(-22.26488977814,7.22E-15,2.159));
#3173 = VECTOR('',#3174,1.);
#3174 = DIRECTION('',(0.,2.2E-16,1.));
#3175 = ORIENTED_EDGE('',*,*,#3176,.T.);
#3176 = EDGE_CURVE('',#3169,#3151,#3177,.T.);
#3177 = LINE('',#3178,#3179);
#3178 = CARTESIAN_POINT('',(-14.859,1.026E-14,15.835110221853));
#3179 = VECTOR('',#3180,1.);
#3180 = DIRECTION('',(-1.,-0.,-0.));
#3181 = FACE_BOUND('',#3182,.T.);
#3182 = EDGE_LOOP('',(#3183,#3193,#3201,#3209));
#3183 = ORIENTED_EDGE('',*,*,#3184,.F.);
#3184 = EDGE_CURVE('',#3185,#3187,#3189,.T.);
#3185 = VERTEX_POINT('',#3186);
#3186 = CARTESIAN_POINT('',(-9.564889778147,9.E-15,9.564889778147));
#3187 = VERTEX_POINT('',#3188);
#3188 = CARTESIAN_POINT('',(-15.83511022185,9.E-15,9.564889778147));
#3189 = LINE('',#3190,#3191);
#3190 = CARTESIAN_POINT('',(-2.159,9.23E-15,9.564889778147));
#3191 = VECTOR('',#3192,1.);
#3192 = DIRECTION('',(-1.,-0.,-0.));
#3193 = ORIENTED_EDGE('',*,*,#3194,.F.);
#3194 = EDGE_CURVE('',#3195,#3185,#3197,.T.);
#3195 = VERTEX_POINT('',#3196);
#3196 = CARTESIAN_POINT('',(-9.564889778147,1.1E-14,15.835110221853));
#3197 = LINE('',#3198,#3199);
#3198 = CARTESIAN_POINT('',(-9.564889778147,1.227E-14,23.241));
#3199 = VECTOR('',#3200,1.);
#3200 = DIRECTION('',(-0.,-2.2E-16,-1.));
#3201 = ORIENTED_EDGE('',*,*,#3202,.F.);
#3202 = EDGE_CURVE('',#3203,#3195,#3205,.T.);
#3203 = VERTEX_POINT('',#3204);
#3204 = CARTESIAN_POINT('',(-15.83511022185,1.1E-14,15.835110221853));
#3205 = LINE('',#3206,#3207);
#3206 = CARTESIAN_POINT('',(-23.241,1.062E-14,15.835110221853));
#3207 = VECTOR('',#3208,1.);
#3208 = DIRECTION('',(1.,0.,0.));
#3209 = ORIENTED_EDGE('',*,*,#3210,.F.);
#3210 = EDGE_CURVE('',#3187,#3203,#3211,.T.);
#3211 = LINE('',#3212,#3213);
#3212 = CARTESIAN_POINT('',(-15.83511022185,7.58E-15,2.159));
#3213 = VECTOR('',#3214,1.);
#3214 = DIRECTION('',(0.,2.2E-16,1.));
#3215 = FACE_BOUND('',#3216,.T.);
#3216 = EDGE_LOOP('',(#3217,#3227,#3235,#3243));
#3217 = ORIENTED_EDGE('',*,*,#3218,.T.);
#3218 = EDGE_CURVE('',#3219,#3221,#3223,.T.);
#3219 = VERTEX_POINT('',#3220);
#3220 = CARTESIAN_POINT('',(9.564889778147,1.1E-14,15.835110221853));
#3221 = VERTEX_POINT('',#3222);
#3222 = CARTESIAN_POINT('',(9.564889778147,9.E-15,9.564889778147));
#3223 = LINE('',#3224,#3225);
#3224 = CARTESIAN_POINT('',(9.564889778147,1.191E-14,23.241));
#3225 = VECTOR('',#3226,1.);
#3226 = DIRECTION('',(0.,-2.2E-16,-1.));
#3227 = ORIENTED_EDGE('',*,*,#3228,.T.);
#3228 = EDGE_CURVE('',#3221,#3229,#3231,.T.);
#3229 = VERTEX_POINT('',#3230);
#3230 = CARTESIAN_POINT('',(15.835110221853,9.E-15,9.564889778147));
#3231 = LINE('',#3232,#3233);
#3232 = CARTESIAN_POINT('',(2.159,8.87E-15,9.564889778147));
#3233 = VECTOR('',#3234,1.);
#3234 = DIRECTION('',(1.,0.,0.));
#3235 = ORIENTED_EDGE('',*,*,#3236,.T.);
#3236 = EDGE_CURVE('',#3229,#3237,#3239,.T.);
#3237 = VERTEX_POINT('',#3238);
#3238 = CARTESIAN_POINT('',(15.835110221853,1.1E-14,15.835110221853));
#3239 = LINE('',#3240,#3241);
#3240 = CARTESIAN_POINT('',(15.835110221853,7.22E-15,2.159));
#3241 = VECTOR('',#3242,1.);
#3242 = DIRECTION('',(0.,2.2E-16,1.));
#3243 = ORIENTED_EDGE('',*,*,#3244,.T.);
#3244 = EDGE_CURVE('',#3237,#3219,#3245,.T.);
#3245 = LINE('',#3246,#3247);
#3246 = CARTESIAN_POINT('',(23.241,1.026E-14,15.835110221853));
#3247 = VECTOR('',#3248,1.);
#3248 = DIRECTION('',(-1.,-0.,-0.));
#3249 = FACE_BOUND('',#3250,.T.);
#3250 = EDGE_LOOP('',(#3251,#3261,#3269,#3277));
#3251 = ORIENTED_EDGE('',*,*,#3252,.F.);
#3252 = EDGE_CURVE('',#3253,#3255,#3257,.T.);
#3253 = VERTEX_POINT('',#3254);
#3254 = CARTESIAN_POINT('',(28.535110221853,9.E-15,9.564889778147));
#3255 = VERTEX_POINT('',#3256);
#3256 = CARTESIAN_POINT('',(22.264889778147,9.E-15,9.564889778147));
#3257 = LINE('',#3258,#3259);
#3258 = CARTESIAN_POINT('',(35.941,9.23E-15,9.564889778147));
#3259 = VECTOR('',#3260,1.);
#3260 = DIRECTION('',(-1.,-0.,-0.));
#3261 = ORIENTED_EDGE('',*,*,#3262,.F.);
#3262 = EDGE_CURVE('',#3263,#3253,#3265,.T.);
#3263 = VERTEX_POINT('',#3264);
#3264 = CARTESIAN_POINT('',(28.535110221853,1.1E-14,15.835110221853));
#3265 = LINE('',#3266,#3267);
#3266 = CARTESIAN_POINT('',(28.535110221853,1.227E-14,23.241));
#3267 = VECTOR('',#3268,1.);
#3268 = DIRECTION('',(-0.,-2.2E-16,-1.));
#3269 = ORIENTED_EDGE('',*,*,#3270,.F.);
#3270 = EDGE_CURVE('',#3271,#3263,#3273,.T.);
#3271 = VERTEX_POINT('',#3272);
#3272 = CARTESIAN_POINT('',(22.264889778147,1.1E-14,15.835110221853));
#3273 = LINE('',#3274,#3275);
#3274 = CARTESIAN_POINT('',(14.859,1.062E-14,15.835110221853));
#3275 = VECTOR('',#3276,1.);
#3276 = DIRECTION('',(1.,0.,0.));
#3277 = ORIENTED_EDGE('',*,*,#3278,.F.);
#3278 = EDGE_CURVE('',#3255,#3271,#3279,.T.);
#3279 = LINE('',#3280,#3281);
#3280 = CARTESIAN_POINT('',(22.264889778147,7.58E-15,2.159));
#3281 = VECTOR('',#3282,1.);
#3282 = DIRECTION('',(0.,2.2E-16,1.));
#3283 = FACE_BOUND('',#3284,.T.);
#3284 = EDGE_LOOP('',(#3285,#3295,#3303,#3311));
#3285 = ORIENTED_EDGE('',*,*,#3286,.T.);
#3286 = EDGE_CURVE('',#3287,#3289,#3291,.T.);
#3287 = VERTEX_POINT('',#3288);
#3288 = CARTESIAN_POINT('',(-28.53511022185,5.E-15,-9.564889778147));
#3289 = VERTEX_POINT('',#3290);
#3290 = CARTESIAN_POINT('',(-28.53511022185,4.E-15,-15.83511022185));
#3291 = LINE('',#3292,#3293);
#3292 = CARTESIAN_POINT('',(-28.53511022185,6.91E-15,-2.159));
#3293 = VECTOR('',#3294,1.);
#3294 = DIRECTION('',(0.,-2.2E-16,-1.));
#3295 = ORIENTED_EDGE('',*,*,#3296,.T.);
#3296 = EDGE_CURVE('',#3289,#3297,#3299,.T.);
#3297 = VERTEX_POINT('',#3298);
#3298 = CARTESIAN_POINT('',(-22.26488977814,4.E-15,-15.83511022185));
#3299 = LINE('',#3300,#3301);
#3300 = CARTESIAN_POINT('',(-35.941,3.87E-15,-15.83511022185));
#3301 = VECTOR('',#3302,1.);
#3302 = DIRECTION('',(1.,0.,0.));
#3303 = ORIENTED_EDGE('',*,*,#3304,.T.);
#3304 = EDGE_CURVE('',#3297,#3305,#3307,.T.);
#3305 = VERTEX_POINT('',#3306);
#3306 = CARTESIAN_POINT('',(-22.26488977814,5.E-15,-9.564889778147));
#3307 = LINE('',#3308,#3309);
#3308 = CARTESIAN_POINT('',(-22.26488977814,2.22E-15,-23.241));
#3309 = VECTOR('',#3310,1.);
#3310 = DIRECTION('',(0.,2.2E-16,1.));
#3311 = ORIENTED_EDGE('',*,*,#3312,.T.);
#3312 = EDGE_CURVE('',#3305,#3287,#3313,.T.);
#3313 = LINE('',#3314,#3315);
#3314 = CARTESIAN_POINT('',(-14.859,5.26E-15,-9.564889778147));
#3315 = VECTOR('',#3316,1.);
#3316 = DIRECTION('',(-1.,-0.,-0.));
#3317 = FACE_BOUND('',#3318,.T.);
#3318 = EDGE_LOOP('',(#3319,#3329,#3337,#3345));
#3319 = ORIENTED_EDGE('',*,*,#3320,.F.);
#3320 = EDGE_CURVE('',#3321,#3323,#3325,.T.);
#3321 = VERTEX_POINT('',#3322);
#3322 = CARTESIAN_POINT('',(-9.564889778147,4.E-15,-15.83511022185));
#3323 = VERTEX_POINT('',#3324);
#3324 = CARTESIAN_POINT('',(-15.83511022185,4.E-15,-15.83511022185));
#3325 = LINE('',#3326,#3327);
#3326 = CARTESIAN_POINT('',(-2.159,3.59E-15,-15.83511022185));
#3327 = VECTOR('',#3328,1.);
#3328 = DIRECTION('',(-1.,-0.,-0.));
#3329 = ORIENTED_EDGE('',*,*,#3330,.F.);
#3330 = EDGE_CURVE('',#3331,#3321,#3333,.T.);
#3331 = VERTEX_POINT('',#3332);
#3332 = CARTESIAN_POINT('',(-9.564889778147,5.E-15,-9.564889778147));
#3333 = LINE('',#3334,#3335);
#3334 = CARTESIAN_POINT('',(-9.564889778147,6.63E-15,-2.159));
#3335 = VECTOR('',#3336,1.);
#3336 = DIRECTION('',(-0.,-2.2E-16,-1.));
#3337 = ORIENTED_EDGE('',*,*,#3338,.F.);
#3338 = EDGE_CURVE('',#3339,#3331,#3341,.T.);
#3339 = VERTEX_POINT('',#3340);
#3340 = CARTESIAN_POINT('',(-15.83511022185,5.E-15,-9.564889778147));
#3341 = LINE('',#3342,#3343);
#3342 = CARTESIAN_POINT('',(-23.241,4.98E-15,-9.564889778147));
#3343 = VECTOR('',#3344,1.);
#3344 = DIRECTION('',(1.,0.,0.));
#3345 = ORIENTED_EDGE('',*,*,#3346,.F.);
#3346 = EDGE_CURVE('',#3323,#3339,#3347,.T.);
#3347 = LINE('',#3348,#3349);
#3348 = CARTESIAN_POINT('',(-15.83511022185,1.94E-15,-23.241));
#3349 = VECTOR('',#3350,1.);
#3350 = DIRECTION('',(0.,2.2E-16,1.));
#3351 = FACE_BOUND('',#3352,.T.);
#3352 = EDGE_LOOP('',(#3353,#3363,#3371,#3379));
#3353 = ORIENTED_EDGE('',*,*,#3354,.T.);
#3354 = EDGE_CURVE('',#3355,#3357,#3359,.T.);
#3355 = VERTEX_POINT('',#3356);
#3356 = CARTESIAN_POINT('',(9.564889778147,5.E-15,-9.564889778147));
#3357 = VERTEX_POINT('',#3358);
#3358 = CARTESIAN_POINT('',(9.564889778147,4.E-15,-15.83511022185));
#3359 = LINE('',#3360,#3361);
#3360 = CARTESIAN_POINT('',(9.564889778147,6.91E-15,-2.159));
#3361 = VECTOR('',#3362,1.);
#3362 = DIRECTION('',(0.,-2.2E-16,-1.));
#3363 = ORIENTED_EDGE('',*,*,#3364,.T.);
#3364 = EDGE_CURVE('',#3357,#3365,#3367,.T.);
#3365 = VERTEX_POINT('',#3366);
#3366 = CARTESIAN_POINT('',(15.835110221853,4.E-15,-15.83511022185));
#3367 = LINE('',#3368,#3369);
#3368 = CARTESIAN_POINT('',(2.159,3.87E-15,-15.83511022185));
#3369 = VECTOR('',#3370,1.);
#3370 = DIRECTION('',(1.,0.,0.));
#3371 = ORIENTED_EDGE('',*,*,#3372,.T.);
#3372 = EDGE_CURVE('',#3365,#3373,#3375,.T.);
#3373 = VERTEX_POINT('',#3374);
#3374 = CARTESIAN_POINT('',(15.835110221853,5.E-15,-9.564889778147));
#3375 = LINE('',#3376,#3377);
#3376 = CARTESIAN_POINT('',(15.835110221853,2.22E-15,-23.241));
#3377 = VECTOR('',#3378,1.);
#3378 = DIRECTION('',(0.,2.2E-16,1.));
#3379 = ORIENTED_EDGE('',*,*,#3380,.T.);
#3380 = EDGE_CURVE('',#3373,#3355,#3381,.T.);
#3381 = LINE('',#3382,#3383);
#3382 = CARTESIAN_POINT('',(23.241,5.26E-15,-9.564889778147));
#3383 = VECTOR('',#3384,1.);
#3384 = DIRECTION('',(-1.,-0.,-0.));
#3385 = FACE_BOUND('',#3386,.T.);
#3386 = EDGE_LOOP('',(#3387,#3397,#3405,#3413));
#3387 = ORIENTED_EDGE('',*,*,#3388,.F.);
#3388 = EDGE_CURVE('',#3389,#3391,#3393,.T.);
#3389 = VERTEX_POINT('',#3390);
#3390 = CARTESIAN_POINT('',(28.535110221853,4.E-15,-15.83511022185));
#3391 = VERTEX_POINT('',#3392);
#3392 = CARTESIAN_POINT('',(22.264889778147,4.E-15,-15.83511022185));
#3393 = LINE('',#3394,#3395);
#3394 = CARTESIAN_POINT('',(35.941,3.59E-15,-15.83511022185));
#3395 = VECTOR('',#3396,1.);
#3396 = DIRECTION('',(-1.,-0.,-0.));
#3397 = ORIENTED_EDGE('',*,*,#3398,.F.);
#3398 = EDGE_CURVE('',#3399,#3389,#3401,.T.);
#3399 = VERTEX_POINT('',#3400);
#3400 = CARTESIAN_POINT('',(28.535110221853,5.E-15,-9.564889778147));
#3401 = LINE('',#3402,#3403);
#3402 = CARTESIAN_POINT('',(28.535110221853,6.63E-15,-2.159));
#3403 = VECTOR('',#3404,1.);
#3404 = DIRECTION('',(-0.,-2.2E-16,-1.));
#3405 = ORIENTED_EDGE('',*,*,#3406,.F.);
#3406 = EDGE_CURVE('',#3407,#3399,#3409,.T.);
#3407 = VERTEX_POINT('',#3408);
#3408 = CARTESIAN_POINT('',(22.264889778147,5.E-15,-9.564889778147));
#3409 = LINE('',#3410,#3411);
#3410 = CARTESIAN_POINT('',(14.859,4.98E-15,-9.564889778147));
#3411 = VECTOR('',#3412,1.);
#3412 = DIRECTION('',(1.,0.,0.));
#3413 = ORIENTED_EDGE('',*,*,#3414,.F.);
#3414 = EDGE_CURVE('',#3391,#3407,#3415,.T.);
#3415 = LINE('',#3416,#3417);
#3416 = CARTESIAN_POINT('',(22.264889778147,1.94E-15,-23.241));
#3417 = VECTOR('',#3418,1.);
#3418 = DIRECTION('',(0.,2.2E-16,1.));
#3419 = FACE_BOUND('',#3420,.T.);
#3420 = EDGE_LOOP('',(#3421,#3431,#3439,#3447));
#3421 = ORIENTED_EDGE('',*,*,#3422,.T.);
#3422 = EDGE_CURVE('',#3423,#3425,#3427,.T.);
#3423 = VERTEX_POINT('',#3424);
#3424 = CARTESIAN_POINT('',(-28.53511022185,-1.E-15,-34.96488977814));
#3425 = VERTEX_POINT('',#3426);
#3426 = CARTESIAN_POINT('',(-28.53511022185,-2.E-15,-41.23511022185));
#3427 = LINE('',#3428,#3429);
#3428 = CARTESIAN_POINT('',(-28.53511022185,9.1E-16,-27.559));
#3429 = VECTOR('',#3430,1.);
#3430 = DIRECTION('',(0.,-2.2E-16,-1.));
#3431 = ORIENTED_EDGE('',*,*,#3432,.T.);
#3432 = EDGE_CURVE('',#3425,#3433,#3435,.T.);
#3433 = VERTEX_POINT('',#3434);
#3434 = CARTESIAN_POINT('',(-22.26488977814,-2.E-15,-41.23511022185));
#3435 = LINE('',#3436,#3437);
#3436 = CARTESIAN_POINT('',(-35.941,-2.13E-15,-41.23511022185));
#3437 = VECTOR('',#3438,1.);
#3438 = DIRECTION('',(1.,0.,0.));
#3439 = ORIENTED_EDGE('',*,*,#3440,.T.);
#3440 = EDGE_CURVE('',#3433,#3441,#3443,.T.);
#3441 = VERTEX_POINT('',#3442);
#3442 = CARTESIAN_POINT('',(-22.26488977814,-1.E-15,-34.96488977814));
#3443 = LINE('',#3444,#3445);
#3444 = CARTESIAN_POINT('',(-22.26488977814,-3.78E-15,-48.641));
#3445 = VECTOR('',#3446,1.);
#3446 = DIRECTION('',(0.,2.2E-16,1.));
#3447 = ORIENTED_EDGE('',*,*,#3448,.T.);
#3448 = EDGE_CURVE('',#3441,#3423,#3449,.T.);
#3449 = LINE('',#3450,#3451);
#3450 = CARTESIAN_POINT('',(-14.859,-7.4E-16,-34.96488977814));
#3451 = VECTOR('',#3452,1.);
#3452 = DIRECTION('',(-1.,-0.,-0.));
#3453 = FACE_BOUND('',#3454,.T.);
#3454 = EDGE_LOOP('',(#3455,#3465,#3473,#3481));
#3455 = ORIENTED_EDGE('',*,*,#3456,.F.);
#3456 = EDGE_CURVE('',#3457,#3459,#3461,.T.);
#3457 = VERTEX_POINT('',#3458);
#3458 = CARTESIAN_POINT('',(-9.564889778147,-2.E-15,-41.23511022185));
#3459 = VERTEX_POINT('',#3460);
#3460 = CARTESIAN_POINT('',(-15.83511022185,-2.E-15,-41.23511022185));
#3461 = LINE('',#3462,#3463);
#3462 = CARTESIAN_POINT('',(-2.159,-2.05E-15,-41.23511022185));
#3463 = VECTOR('',#3464,1.);
#3464 = DIRECTION('',(-1.,-0.,-0.));
#3465 = ORIENTED_EDGE('',*,*,#3466,.F.);
#3466 = EDGE_CURVE('',#3467,#3457,#3469,.T.);
#3467 = VERTEX_POINT('',#3468);
#3468 = CARTESIAN_POINT('',(-9.564889778147,-1.E-15,-34.96488977814));
#3469 = LINE('',#3470,#3471);
#3470 = CARTESIAN_POINT('',(-9.564889778147,9.9E-16,-27.559));
#3471 = VECTOR('',#3472,1.);
#3472 = DIRECTION('',(-0.,-2.2E-16,-1.));
#3473 = ORIENTED_EDGE('',*,*,#3474,.F.);
#3474 = EDGE_CURVE('',#3475,#3467,#3477,.T.);
#3475 = VERTEX_POINT('',#3476);
#3476 = CARTESIAN_POINT('',(-15.83511022185,-1.E-15,-34.96488977814));
#3477 = LINE('',#3478,#3479);
#3478 = CARTESIAN_POINT('',(-23.241,-6.6E-16,-34.96488977814));
#3479 = VECTOR('',#3480,1.);
#3480 = DIRECTION('',(1.,0.,0.));
#3481 = ORIENTED_EDGE('',*,*,#3482,.F.);
#3482 = EDGE_CURVE('',#3459,#3475,#3483,.T.);
#3483 = LINE('',#3484,#3485);
#3484 = CARTESIAN_POINT('',(-15.83511022185,-3.7E-15,-48.641));
#3485 = VECTOR('',#3486,1.);
#3486 = DIRECTION('',(0.,2.2E-16,1.));
#3487 = FACE_BOUND('',#3488,.T.);
#3488 = EDGE_LOOP('',(#3489,#3499,#3507,#3515));
#3489 = ORIENTED_EDGE('',*,*,#3490,.T.);
#3490 = EDGE_CURVE('',#3491,#3493,#3495,.T.);
#3491 = VERTEX_POINT('',#3492);
#3492 = CARTESIAN_POINT('',(9.564889778147,-1.E-15,-34.96488977814));
#3493 = VERTEX_POINT('',#3494);
#3494 = CARTESIAN_POINT('',(9.564889778147,-2.E-15,-41.23511022185));
#3495 = LINE('',#3496,#3497);
#3496 = CARTESIAN_POINT('',(9.564889778147,9.1E-16,-27.559));
#3497 = VECTOR('',#3498,1.);
#3498 = DIRECTION('',(0.,-2.2E-16,-1.));
#3499 = ORIENTED_EDGE('',*,*,#3500,.T.);
#3500 = EDGE_CURVE('',#3493,#3501,#3503,.T.);
#3501 = VERTEX_POINT('',#3502);
#3502 = CARTESIAN_POINT('',(15.835110221853,-2.E-15,-41.23511022185));
#3503 = LINE('',#3504,#3505);
#3504 = CARTESIAN_POINT('',(2.159,-2.13E-15,-41.23511022185));
#3505 = VECTOR('',#3506,1.);
#3506 = DIRECTION('',(1.,0.,0.));
#3507 = ORIENTED_EDGE('',*,*,#3508,.T.);
#3508 = EDGE_CURVE('',#3501,#3509,#3511,.T.);
#3509 = VERTEX_POINT('',#3510);
#3510 = CARTESIAN_POINT('',(15.835110221853,-1.E-15,-34.96488977814));
#3511 = LINE('',#3512,#3513);
#3512 = CARTESIAN_POINT('',(15.835110221853,-3.78E-15,-48.641));
#3513 = VECTOR('',#3514,1.);
#3514 = DIRECTION('',(0.,2.2E-16,1.));
#3515 = ORIENTED_EDGE('',*,*,#3516,.T.);
#3516 = EDGE_CURVE('',#3509,#3491,#3517,.T.);
#3517 = LINE('',#3518,#3519);
#3518 = CARTESIAN_POINT('',(23.241,-7.4E-16,-34.96488977814));
#3519 = VECTOR('',#3520,1.);
#3520 = DIRECTION('',(-1.,-0.,-0.));
#3521 = FACE_BOUND('',#3522,.T.);
#3522 = EDGE_LOOP('',(#3523,#3533,#3541,#3549));
#3523 = ORIENTED_EDGE('',*,*,#3524,.F.);
#3524 = EDGE_CURVE('',#3525,#3527,#3529,.T.);
#3525 = VERTEX_POINT('',#3526);
#3526 = CARTESIAN_POINT('',(28.535110221853,-2.E-15,-41.23511022185));
#3527 = VERTEX_POINT('',#3528);
#3528 = CARTESIAN_POINT('',(22.264889778147,-2.E-15,-41.23511022185));
#3529 = LINE('',#3530,#3531);
#3530 = CARTESIAN_POINT('',(35.941,-2.05E-15,-41.23511022185));
#3531 = VECTOR('',#3532,1.);
#3532 = DIRECTION('',(-1.,-0.,-0.));
#3533 = ORIENTED_EDGE('',*,*,#3534,.F.);
#3534 = EDGE_CURVE('',#3535,#3525,#3537,.T.);
#3535 = VERTEX_POINT('',#3536);
#3536 = CARTESIAN_POINT('',(28.535110221853,-1.E-15,-34.96488977814));
#3537 = LINE('',#3538,#3539);
#3538 = CARTESIAN_POINT('',(28.535110221853,9.9E-16,-27.559));
#3539 = VECTOR('',#3540,1.);
#3540 = DIRECTION('',(-0.,-2.2E-16,-1.));
#3541 = ORIENTED_EDGE('',*,*,#3542,.F.);
#3542 = EDGE_CURVE('',#3543,#3535,#3545,.T.);
#3543 = VERTEX_POINT('',#3544);
#3544 = CARTESIAN_POINT('',(22.264889778147,-1.E-15,-34.96488977814));
#3545 = LINE('',#3546,#3547);
#3546 = CARTESIAN_POINT('',(14.859,-6.6E-16,-34.96488977814));
#3547 = VECTOR('',#3548,1.);
#3548 = DIRECTION('',(1.,0.,0.));
#3549 = ORIENTED_EDGE('',*,*,#3550,.F.);
#3550 = EDGE_CURVE('',#3527,#3543,#3551,.T.);
#3551 = LINE('',#3552,#3553);
#3552 = CARTESIAN_POINT('',(22.264889778147,-3.7E-15,-48.641));
#3553 = VECTOR('',#3554,1.);
#3554 = DIRECTION('',(0.,2.2E-16,1.));
#3555 = FACE_BOUND('',#3556,.T.);
#3556 = EDGE_LOOP('',(#3557,#3568,#3577));
#3557 = ORIENTED_EDGE('',*,*,#3558,.T.);
#3558 = EDGE_CURVE('',#3559,#3561,#3563,.T.);
#3559 = VERTEX_POINT('',#3560);
#3560 = CARTESIAN_POINT('',(-36.576,0.,-25.4));
#3561 = VERTEX_POINT('',#3562);
#3562 = CARTESIAN_POINT('',(-38.1,-5.E-15,-23.876));
#3563 = CIRCLE('',#3564,1.524);
#3564 = AXIS2_PLACEMENT_3D('',#3565,#3566,#3567);
#3565 = CARTESIAN_POINT('',(-38.1,0.,-25.4));
#3566 = DIRECTION('',(0.,-1.,2.2E-16));
#3567 = DIRECTION('',(1.,0.,0.));
#3568 = ORIENTED_EDGE('',*,*,#3569,.T.);
#3569 = EDGE_CURVE('',#3561,#3570,#3572,.T.);
#3570 = VERTEX_POINT('',#3571);
#3571 = CARTESIAN_POINT('',(-38.1,-6.E-15,-26.924));
#3572 = CIRCLE('',#3573,1.524);
#3573 = AXIS2_PLACEMENT_3D('',#3574,#3575,#3576);
#3574 = CARTESIAN_POINT('',(-38.1,-1.421E-14,-25.4));
#3575 = DIRECTION('',(0.,-1.,2.2E-16));
#3576 = DIRECTION('',(1.,0.,0.));
#3577 = ORIENTED_EDGE('',*,*,#3578,.T.);
#3578 = EDGE_CURVE('',#3570,#3559,#3579,.T.);
#3579 = CIRCLE('',#3580,1.524);
#3580 = AXIS2_PLACEMENT_3D('',#3581,#3582,#3583);
#3581 = CARTESIAN_POINT('',(-38.1,0.,-25.4));
#3582 = DIRECTION('',(0.,-1.,2.2E-16));
#3583 = DIRECTION('',(1.,0.,0.));
#3584 = FACE_BOUND('',#3585,.T.);
#3585 = EDGE_LOOP('',(#3586,#3597,#3606));
#3586 = ORIENTED_EDGE('',*,*,#3587,.T.);
#3587 = EDGE_CURVE('',#3588,#3590,#3592,.T.);
#3588 = VERTEX_POINT('',#3589);
#3589 = CARTESIAN_POINT('',(36.576,0.,25.4));
#3590 = VERTEX_POINT('',#3591);
#3591 = CARTESIAN_POINT('',(38.1,5.E-15,23.876));
#3592 = CIRCLE('',#3593,1.524);
#3593 = AXIS2_PLACEMENT_3D('',#3594,#3595,#3596);
#3594 = CARTESIAN_POINT('',(38.1,0.,25.4));
#3595 = DIRECTION('',(0.,-1.,2.2E-16));
#3596 = DIRECTION('',(-1.,0.,0.));
#3597 = ORIENTED_EDGE('',*,*,#3598,.T.);
#3598 = EDGE_CURVE('',#3590,#3599,#3601,.T.);
#3599 = VERTEX_POINT('',#3600);
#3600 = CARTESIAN_POINT('',(38.1,6.E-15,26.924));
#3601 = CIRCLE('',#3602,1.524);
#3602 = AXIS2_PLACEMENT_3D('',#3603,#3604,#3605);
#3603 = CARTESIAN_POINT('',(38.1,0.,25.4));
#3604 = DIRECTION('',(0.,-1.,2.2E-16));
#3605 = DIRECTION('',(-1.,0.,0.));
#3606 = ORIENTED_EDGE('',*,*,#3607,.T.);
#3607 = EDGE_CURVE('',#3599,#3588,#3608,.T.);
#3608 = CIRCLE('',#3609,1.524);
#3609 = AXIS2_PLACEMENT_3D('',#3610,#3611,#3612);
#3610 = CARTESIAN_POINT('',(38.1,0.,25.4));
#3611 = DIRECTION('',(0.,-1.,2.2E-16));
#3612 = DIRECTION('',(-1.,0.,0.));
#3613 = FACE_BOUND('',#3614,.T.);
#3614 = EDGE_LOOP('',(#3615,#3626,#3635));
#3615 = ORIENTED_EDGE('',*,*,#3616,.T.);
#3616 = EDGE_CURVE('',#3617,#3619,#3621,.T.);
#3617 = VERTEX_POINT('',#3618);
#3618 = CARTESIAN_POINT('',(36.576,0.,-25.4));
#3619 = VERTEX_POINT('',#3620);
#3620 = CARTESIAN_POINT('',(38.1,-6.E-15,-26.924));
#3621 = CIRCLE('',#3622,1.524);
#3622 = AXIS2_PLACEMENT_3D('',#3623,#3624,#3625);
#3623 = CARTESIAN_POINT('',(38.1,0.,-25.4));
#3624 = DIRECTION('',(0.,-1.,2.2E-16));
#3625 = DIRECTION('',(-1.,0.,0.));
#3626 = ORIENTED_EDGE('',*,*,#3627,.T.);
#3627 = EDGE_CURVE('',#3619,#3628,#3630,.T.);
#3628 = VERTEX_POINT('',#3629);
#3629 = CARTESIAN_POINT('',(38.1,-5.E-15,-23.876));
#3630 = CIRCLE('',#3631,1.524);
#3631 = AXIS2_PLACEMENT_3D('',#3632,#3633,#3634);
#3632 = CARTESIAN_POINT('',(38.1,-1.421E-14,-25.4));
#3633 = DIRECTION('',(0.,-1.,2.2E-16));
#3634 = DIRECTION('',(-1.,0.,0.));
#3635 = ORIENTED_EDGE('',*,*,#3636,.T.);
#3636 = EDGE_CURVE('',#3628,#3617,#3637,.T.);
#3637 = CIRCLE('',#3638,1.524);
#3638 = AXIS2_PLACEMENT_3D('',#3639,#3640,#3641);
#3639 = CARTESIAN_POINT('',(38.1,0.,-25.4));
#3640 = DIRECTION('',(0.,-1.,2.2E-16));
#3641 = DIRECTION('',(-1.,0.,0.));
#3642 = FACE_BOUND('',#3643,.T.);
#3643 = EDGE_LOOP('',(#3644,#3655,#3664));
#3644 = ORIENTED_EDGE('',*,*,#3645,.T.);
#3645 = EDGE_CURVE('',#3646,#3648,#3650,.T.);
#3646 = VERTEX_POINT('',#3647);
#3647 = CARTESIAN_POINT('',(-36.576,0.,25.4));
#3648 = VERTEX_POINT('',#3649);
#3649 = CARTESIAN_POINT('',(-38.1,6.E-15,26.924));
#3650 = CIRCLE('',#3651,1.524);
#3651 = AXIS2_PLACEMENT_3D('',#3652,#3653,#3654);
#3652 = CARTESIAN_POINT('',(-38.1,0.,25.4));
#3653 = DIRECTION('',(0.,-1.,2.2E-16));
#3654 = DIRECTION('',(1.,0.,0.));
#3655 = ORIENTED_EDGE('',*,*,#3656,.T.);
#3656 = EDGE_CURVE('',#3648,#3657,#3659,.T.);
#3657 = VERTEX_POINT('',#3658);
#3658 = CARTESIAN_POINT('',(-38.1,5.E-15,23.876));
#3659 = CIRCLE('',#3660,1.524);
#3660 = AXIS2_PLACEMENT_3D('',#3661,#3662,#3663);
#3661 = CARTESIAN_POINT('',(-38.1,0.,25.4));
#3662 = DIRECTION('',(0.,-1.,2.2E-16));
#3663 = DIRECTION('',(1.,0.,0.));
#3664 = ORIENTED_EDGE('',*,*,#3665,.T.);
#3665 = EDGE_CURVE('',#3657,#3646,#3666,.T.);
#3666 = CIRCLE('',#3667,1.524);
#3667 = AXIS2_PLACEMENT_3D('',#3668,#3669,#3670);
#3668 = CARTESIAN_POINT('',(-38.1,0.,25.4));
#3669 = DIRECTION('',(0.,-1.,2.2E-16));
#3670 = DIRECTION('',(1.,0.,0.));
#3671 = PLANE('',#3672);
#3672 = AXIS2_PLACEMENT_3D('',#3673,#3674,#3675);
#3673 = CARTESIAN_POINT('',(2.762876390629E-16,-1.263070549846E-16,
    2.822222222222));
#3674 = DIRECTION('',(0.,1.,0.));
#3675 = DIRECTION('',(0.,-0.,1.));
#3676 = ADVANCED_FACE('',(#3677),#3700,.T.);
#3677 = FACE_BOUND('',#3678,.T.);
#3678 = EDGE_LOOP('',(#3679,#3689,#3694,#3695));
#3679 = ORIENTED_EDGE('',*,*,#3680,.T.);
#3680 = EDGE_CURVE('',#3681,#3683,#3685,.T.);
#3681 = VERTEX_POINT('',#3682);
#3682 = CARTESIAN_POINT('',(-35.941,-38.1,48.641));
#3683 = VERTEX_POINT('',#3684);
#3684 = CARTESIAN_POINT('',(-35.941,-38.1,27.559));
#3685 = LINE('',#3686,#3687);
#3686 = CARTESIAN_POINT('',(-35.941,-38.1,48.641));
#3687 = VECTOR('',#3688,1.);
#3688 = DIRECTION('',(0.,0.,-1.));
#3689 = ORIENTED_EDGE('',*,*,#3690,.T.);
#3690 = EDGE_CURVE('',#3683,#3017,#3691,.T.);
#3691 = B_SPLINE_CURVE_WITH_KNOTS('',1,(#3692,#3693),.UNSPECIFIED.,.F.,
  .F.,(2,2),(0.,1.),.PIECEWISE_BEZIER_KNOTS.);
#3692 = CARTESIAN_POINT('',(-35.941,-38.1,27.559));
#3693 = CARTESIAN_POINT('',(-28.53511022185,1.487E-14,34.964889778147));
#3694 = ORIENTED_EDGE('',*,*,#3014,.F.);
#3695 = ORIENTED_EDGE('',*,*,#3696,.F.);
#3696 = EDGE_CURVE('',#3681,#3015,#3697,.T.);
#3697 = B_SPLINE_CURVE_WITH_KNOTS('',1,(#3698,#3699),.UNSPECIFIED.,.F.,
  .F.,(2,2),(0.,1.),.PIECEWISE_BEZIER_KNOTS.);
#3698 = CARTESIAN_POINT('',(-35.941,-38.1,48.641));
#3699 = CARTESIAN_POINT('',(-28.53511022185,1.626E-14,41.235110221853));
#3700 = B_SPLINE_SURFACE_WITH_KNOTS('',1,1,(
    (#3701,#3702)
    ,(#3703,#3704
    )),.UNSPECIFIED.,.F.,.F.,.F.,(2,2),(2,2),(0.,21.082),(0.,1.),
  .PIECEWISE_BEZIER_KNOTS.);
#3701 = CARTESIAN_POINT('',(-35.941,-38.1,48.641));
#3702 = CARTESIAN_POINT('',(-28.53511022185,1.626E-14,41.235110221853));
#3703 = CARTESIAN_POINT('',(-35.941,-38.1,27.559));
#3704 = CARTESIAN_POINT('',(-28.53511022185,1.487E-14,34.964889778147));
#3705 = ADVANCED_FACE('',(#3706),#3736,.F.);
#3706 = FACE_BOUND('',#3707,.F.);
#3707 = EDGE_LOOP('',(#3708,#3715,#3723,#3730,#3735));
#3708 = ORIENTED_EDGE('',*,*,#3709,.F.);
#3709 = EDGE_CURVE('',#3710,#3117,#3712,.T.);
#3710 = VERTEX_POINT('',#3711);
#3711 = CARTESIAN_POINT('',(-2.159,-38.1,27.559));
#3712 = B_SPLINE_CURVE_WITH_KNOTS('',1,(#3713,#3714),.UNSPECIFIED.,.F.,
  .F.,(2,2),(0.,1.),.PIECEWISE_BEZIER_KNOTS.);
#3713 = CARTESIAN_POINT('',(-2.159,-38.1,27.559));
#3714 = CARTESIAN_POINT('',(-9.564889778147,1.487E-14,34.964889778147));
#3715 = ORIENTED_EDGE('',*,*,#3716,.T.);
#3716 = EDGE_CURVE('',#3710,#3717,#3719,.T.);
#3717 = VERTEX_POINT('',#3718);
#3718 = CARTESIAN_POINT('',(-14.859,-38.1,27.559));
#3719 = LINE('',#3720,#3721);
#3720 = CARTESIAN_POINT('',(-2.159,-38.1,27.559));
#3721 = VECTOR('',#3722,1.);
#3722 = DIRECTION('',(-1.,0.,-0.));
#3723 = ORIENTED_EDGE('',*,*,#3724,.T.);
#3724 = EDGE_CURVE('',#3717,#3725,#3727,.T.);
#3725 = VERTEX_POINT('',#3726);
#3726 = CARTESIAN_POINT('',(-19.05,-16.53917411906,31.75));
#3727 = B_SPLINE_CURVE_WITH_KNOTS('',1,(#3728,#3729),.UNSPECIFIED.,.F.,
  .F.,(2,2),(0.,1.),.PIECEWISE_BEZIER_KNOTS.);
#3728 = CARTESIAN_POINT('',(-14.859,-38.1,27.559));
#3729 = CARTESIAN_POINT('',(-22.26488977814,1.487E-14,34.964889778147));
#3730 = ORIENTED_EDGE('',*,*,#3731,.T.);
#3731 = EDGE_CURVE('',#3725,#3119,#3732,.T.);
#3732 = B_SPLINE_CURVE_WITH_KNOTS('',1,(#3733,#3734),.UNSPECIFIED.,.F.,
  .F.,(2,2),(0.,1.),.PIECEWISE_BEZIER_KNOTS.);
#3733 = CARTESIAN_POINT('',(-23.241,-38.1,27.559));
#3734 = CARTESIAN_POINT('',(-15.83511022185,1.487E-14,34.964889778147));
#3735 = ORIENTED_EDGE('',*,*,#3116,.F.);
#3736 = B_SPLINE_SURFACE_WITH_KNOTS('',1,1,(
    (#3737,#3738)
    ,(#3739,#3740
    )),.UNSPECIFIED.,.F.,.F.,.F.,(2,2),(2,2),(0.,21.082),(0.,1.),
  .PIECEWISE_BEZIER_KNOTS.);
#3737 = CARTESIAN_POINT('',(-2.159,-38.1,27.559));
#3738 = CARTESIAN_POINT('',(-9.564889778147,1.487E-14,34.964889778147));
#3739 = CARTESIAN_POINT('',(-23.241,-38.1,27.559));
#3740 = CARTESIAN_POINT('',(-15.83511022185,1.487E-14,34.964889778147));
#3741 = ADVANCED_FACE('',(#3742),#3759,.F.);
#3742 = FACE_BOUND('',#3743,.F.);
#3743 = EDGE_LOOP('',(#3744,#3752,#3753,#3754));
#3744 = ORIENTED_EDGE('',*,*,#3745,.T.);
#3745 = EDGE_CURVE('',#3746,#3710,#3748,.T.);
#3746 = VERTEX_POINT('',#3747);
#3747 = CARTESIAN_POINT('',(-2.159,-38.1,48.641));
#3748 = LINE('',#3749,#3750);
#3749 = CARTESIAN_POINT('',(-2.159,-38.1,48.641));
#3750 = VECTOR('',#3751,1.);
#3751 = DIRECTION('',(-0.,0.,-1.));
#3752 = ORIENTED_EDGE('',*,*,#3709,.T.);
#3753 = ORIENTED_EDGE('',*,*,#3126,.F.);
#3754 = ORIENTED_EDGE('',*,*,#3755,.F.);
#3755 = EDGE_CURVE('',#3746,#3127,#3756,.T.);
#3756 = B_SPLINE_CURVE_WITH_KNOTS('',1,(#3757,#3758),.UNSPECIFIED.,.F.,
  .F.,(2,2),(0.,1.),.PIECEWISE_BEZIER_KNOTS.);
#3757 = CARTESIAN_POINT('',(-2.159,-38.1,48.641));
#3758 = CARTESIAN_POINT('',(-9.564889778147,1.626E-14,41.235110221853));
#3759 = B_SPLINE_SURFACE_WITH_KNOTS('',1,1,(
    (#3760,#3761)
    ,(#3762,#3763
    )),.UNSPECIFIED.,.F.,.F.,.F.,(2,2),(2,2),(0.,21.082),(0.,1.),
  .PIECEWISE_BEZIER_KNOTS.);
#3760 = CARTESIAN_POINT('',(-2.159,-38.1,48.641));
#3761 = CARTESIAN_POINT('',(-9.564889778147,1.626E-14,41.235110221853));
#3762 = CARTESIAN_POINT('',(-2.159,-38.1,27.559));
#3763 = CARTESIAN_POINT('',(-9.564889778147,1.487E-14,34.964889778147));
#3764 = ADVANCED_FACE('',(#3765),#3781,.F.);
#3765 = FACE_BOUND('',#3766,.F.);
#3766 = EDGE_LOOP('',(#3767,#3768,#3775,#3780));
#3767 = ORIENTED_EDGE('',*,*,#3731,.F.);
#3768 = ORIENTED_EDGE('',*,*,#3769,.T.);
#3769 = EDGE_CURVE('',#3725,#3770,#3772,.T.);
#3770 = VERTEX_POINT('',#3771);
#3771 = CARTESIAN_POINT('',(-19.05,-16.53917411906,44.45));
#3772 = B_SPLINE_CURVE_WITH_KNOTS('',1,(#3773,#3774),.UNSPECIFIED.,.F.,
  .F.,(2,2),(0.,1.),.PIECEWISE_BEZIER_KNOTS.);
#3773 = CARTESIAN_POINT('',(-19.05,-16.53917411906,31.75));
#3774 = CARTESIAN_POINT('',(-19.05,-16.53917411906,44.45));
#3775 = ORIENTED_EDGE('',*,*,#3776,.T.);
#3776 = EDGE_CURVE('',#3770,#3135,#3777,.T.);
#3777 = B_SPLINE_CURVE_WITH_KNOTS('',1,(#3778,#3779),.UNSPECIFIED.,.F.,
  .F.,(2,2),(0.,1.),.PIECEWISE_BEZIER_KNOTS.);
#3778 = CARTESIAN_POINT('',(-23.241,-38.1,48.641));
#3779 = CARTESIAN_POINT('',(-15.83511022185,1.626E-14,41.235110221853));
#3780 = ORIENTED_EDGE('',*,*,#3142,.F.);
#3781 = B_SPLINE_SURFACE_WITH_KNOTS('',1,1,(
    (#3782,#3783)
    ,(#3784,#3785
    )),.UNSPECIFIED.,.F.,.F.,.F.,(2,2),(2,2),(0.,21.082),(0.,1.),
  .PIECEWISE_BEZIER_KNOTS.);
#3782 = CARTESIAN_POINT('',(-23.241,-38.1,27.559));
#3783 = CARTESIAN_POINT('',(-15.83511022185,1.487E-14,34.964889778147));
#3784 = CARTESIAN_POINT('',(-23.241,-38.1,48.641));
#3785 = CARTESIAN_POINT('',(-15.83511022185,1.626E-14,41.235110221853));
#3786 = ADVANCED_FACE('',(#3787),#3801,.T.);
#3787 = FACE_BOUND('',#3788,.T.);
#3788 = EDGE_LOOP('',(#3789,#3794,#3795,#3800));
#3789 = ORIENTED_EDGE('',*,*,#3790,.F.);
#3790 = EDGE_CURVE('',#3725,#3025,#3791,.T.);
#3791 = B_SPLINE_CURVE_WITH_KNOTS('',1,(#3792,#3793),.UNSPECIFIED.,.F.,
  .F.,(2,2),(0.,1.),.PIECEWISE_BEZIER_KNOTS.);
#3792 = CARTESIAN_POINT('',(-14.859,-38.1,27.559));
#3793 = CARTESIAN_POINT('',(-22.26488977814,1.487E-14,34.964889778147));
#3794 = ORIENTED_EDGE('',*,*,#3769,.T.);
#3795 = ORIENTED_EDGE('',*,*,#3796,.T.);
#3796 = EDGE_CURVE('',#3770,#3033,#3797,.T.);
#3797 = B_SPLINE_CURVE_WITH_KNOTS('',1,(#3798,#3799),.UNSPECIFIED.,.F.,
  .F.,(2,2),(0.,1.),.PIECEWISE_BEZIER_KNOTS.);
#3798 = CARTESIAN_POINT('',(-14.859,-38.1,48.641));
#3799 = CARTESIAN_POINT('',(-22.26488977814,1.626E-14,41.235110221853));
#3800 = ORIENTED_EDGE('',*,*,#3032,.F.);
#3801 = B_SPLINE_SURFACE_WITH_KNOTS('',1,1,(
    (#3802,#3803)
    ,(#3804,#3805
    )),.UNSPECIFIED.,.F.,.F.,.F.,(2,2),(2,2),(0.,21.082),(0.,1.),
  .PIECEWISE_BEZIER_KNOTS.);
#3802 = CARTESIAN_POINT('',(-14.859,-38.1,27.559));
#3803 = CARTESIAN_POINT('',(-22.26488977814,1.487E-14,34.964889778147));
#3804 = CARTESIAN_POINT('',(-14.859,-38.1,48.641));
#3805 = CARTESIAN_POINT('',(-22.26488977814,1.626E-14,41.235110221853));
#3806 = ADVANCED_FACE('',(#3807),#3825,.F.);
#3807 = FACE_BOUND('',#3808,.F.);
#3808 = EDGE_LOOP('',(#3809,#3816,#3822,#3823,#3824));
#3809 = ORIENTED_EDGE('',*,*,#3810,.F.);
#3810 = EDGE_CURVE('',#3811,#3770,#3813,.T.);
#3811 = VERTEX_POINT('',#3812);
#3812 = CARTESIAN_POINT('',(-14.859,-38.1,48.641));
#3813 = B_SPLINE_CURVE_WITH_KNOTS('',1,(#3814,#3815),.UNSPECIFIED.,.F.,
  .F.,(2,2),(0.,1.),.PIECEWISE_BEZIER_KNOTS.);
#3814 = CARTESIAN_POINT('',(-14.859,-38.1,48.641));
#3815 = CARTESIAN_POINT('',(-22.26488977814,1.626E-14,41.235110221853));
#3816 = ORIENTED_EDGE('',*,*,#3817,.T.);
#3817 = EDGE_CURVE('',#3811,#3746,#3818,.T.);
#3818 = LINE('',#3819,#3820);
#3819 = CARTESIAN_POINT('',(-23.241,-38.1,48.641));
#3820 = VECTOR('',#3821,1.);
#3821 = DIRECTION('',(1.,0.,0.));
#3822 = ORIENTED_EDGE('',*,*,#3755,.T.);
#3823 = ORIENTED_EDGE('',*,*,#3134,.F.);
#3824 = ORIENTED_EDGE('',*,*,#3776,.F.);
#3825 = B_SPLINE_SURFACE_WITH_KNOTS('',1,1,(
    (#3826,#3827)
    ,(#3828,#3829
    )),.UNSPECIFIED.,.F.,.F.,.F.,(2,2),(2,2),(0.,21.082),(0.,1.),
  .PIECEWISE_BEZIER_KNOTS.);
#3826 = CARTESIAN_POINT('',(-23.241,-38.1,48.641));
#3827 = CARTESIAN_POINT('',(-15.83511022185,1.626E-14,41.235110221853));
#3828 = CARTESIAN_POINT('',(-2.159,-38.1,48.641));
#3829 = CARTESIAN_POINT('',(-9.564889778147,1.626E-14,41.235110221853));
#3830 = ADVANCED_FACE('',(#3831),#3854,.F.);
#3831 = FACE_BOUND('',#3832,.F.);
#3832 = EDGE_LOOP('',(#3833,#3843,#3848,#3849));
#3833 = ORIENTED_EDGE('',*,*,#3834,.T.);
#3834 = EDGE_CURVE('',#3835,#3837,#3839,.T.);
#3835 = VERTEX_POINT('',#3836);
#3836 = CARTESIAN_POINT('',(35.941,-38.1,48.641));
#3837 = VERTEX_POINT('',#3838);
#3838 = CARTESIAN_POINT('',(35.941,-38.1,27.559));
#3839 = LINE('',#3840,#3841);
#3840 = CARTESIAN_POINT('',(35.941,-38.1,48.641));
#3841 = VECTOR('',#3842,1.);
#3842 = DIRECTION('',(-0.,0.,-1.));
#3843 = ORIENTED_EDGE('',*,*,#3844,.T.);
#3844 = EDGE_CURVE('',#3837,#3049,#3845,.T.);
#3845 = B_SPLINE_CURVE_WITH_KNOTS('',1,(#3846,#3847),.UNSPECIFIED.,.F.,
  .F.,(2,2),(0.,1.),.PIECEWISE_BEZIER_KNOTS.);
#3846 = CARTESIAN_POINT('',(35.941,-38.1,27.559));
#3847 = CARTESIAN_POINT('',(28.535110221853,1.487E-14,34.964889778147));
#3848 = ORIENTED_EDGE('',*,*,#3058,.F.);
#3849 = ORIENTED_EDGE('',*,*,#3850,.F.);
#3850 = EDGE_CURVE('',#3835,#3059,#3851,.T.);
#3851 = B_SPLINE_CURVE_WITH_KNOTS('',1,(#3852,#3853),.UNSPECIFIED.,.F.,
  .F.,(2,2),(0.,1.),.PIECEWISE_BEZIER_KNOTS.);
#3852 = CARTESIAN_POINT('',(35.941,-38.1,48.641));
#3853 = CARTESIAN_POINT('',(28.535110221853,1.626E-14,41.235110221853));
#3854 = B_SPLINE_SURFACE_WITH_KNOTS('',1,1,(
    (#3855,#3856)
    ,(#3857,#3858
    )),.UNSPECIFIED.,.F.,.F.,.F.,(2,2),(2,2),(0.,21.082),(0.,1.),
  .PIECEWISE_BEZIER_KNOTS.);
#3855 = CARTESIAN_POINT('',(35.941,-38.1,48.641));
#3856 = CARTESIAN_POINT('',(28.535110221853,1.626E-14,41.235110221853));
#3857 = CARTESIAN_POINT('',(35.941,-38.1,27.559));
#3858 = CARTESIAN_POINT('',(28.535110221853,1.487E-14,34.964889778147));
#3859 = ADVANCED_FACE('',(#3860),#3883,.T.);
#3860 = FACE_BOUND('',#3861,.T.);
#3861 = EDGE_LOOP('',(#3862,#3872,#3877,#3878));
#3862 = ORIENTED_EDGE('',*,*,#3863,.T.);
#3863 = EDGE_CURVE('',#3864,#3866,#3868,.T.);
#3864 = VERTEX_POINT('',#3865);
#3865 = CARTESIAN_POINT('',(2.159,-38.1,48.641));
#3866 = VERTEX_POINT('',#3867);
#3867 = CARTESIAN_POINT('',(2.159,-38.1,27.559));
#3868 = LINE('',#3869,#3870);
#3869 = CARTESIAN_POINT('',(2.159,-38.1,48.641));
#3870 = VECTOR('',#3871,1.);
#3871 = DIRECTION('',(0.,0.,-1.));
#3872 = ORIENTED_EDGE('',*,*,#3873,.T.);
#3873 = EDGE_CURVE('',#3866,#3085,#3874,.T.);
#3874 = B_SPLINE_CURVE_WITH_KNOTS('',1,(#3875,#3876),.UNSPECIFIED.,.F.,
  .F.,(2,2),(0.,1.),.PIECEWISE_BEZIER_KNOTS.);
#3875 = CARTESIAN_POINT('',(2.159,-38.1,27.559));
#3876 = CARTESIAN_POINT('',(9.564889778147,1.487E-14,34.964889778147));
#3877 = ORIENTED_EDGE('',*,*,#3082,.F.);
#3878 = ORIENTED_EDGE('',*,*,#3879,.F.);
#3879 = EDGE_CURVE('',#3864,#3083,#3880,.T.);
#3880 = B_SPLINE_CURVE_WITH_KNOTS('',1,(#3881,#3882),.UNSPECIFIED.,.F.,
  .F.,(2,2),(0.,1.),.PIECEWISE_BEZIER_KNOTS.);
#3881 = CARTESIAN_POINT('',(2.159,-38.1,48.641));
#3882 = CARTESIAN_POINT('',(9.564889778147,1.626E-14,41.235110221853));
#3883 = B_SPLINE_SURFACE_WITH_KNOTS('',1,1,(
    (#3884,#3885)
    ,(#3886,#3887
    )),.UNSPECIFIED.,.F.,.F.,.F.,(2,2),(2,2),(0.,21.082),(0.,1.),
  .PIECEWISE_BEZIER_KNOTS.);
#3884 = CARTESIAN_POINT('',(2.159,-38.1,48.641));
#3885 = CARTESIAN_POINT('',(9.564889778147,1.626E-14,41.235110221853));
#3886 = CARTESIAN_POINT('',(2.159,-38.1,27.559));
#3887 = CARTESIAN_POINT('',(9.564889778147,1.487E-14,34.964889778147));
#3888 = ADVANCED_FACE('',(#3889),#3913,.T.);
#3889 = FACE_BOUND('',#3890,.T.);
#3890 = EDGE_LOOP('',(#3891,#3900,#3906,#3907,#3908));
#3891 = ORIENTED_EDGE('',*,*,#3892,.F.);
#3892 = EDGE_CURVE('',#3893,#3895,#3897,.T.);
#3893 = VERTEX_POINT('',#3894);
#3894 = CARTESIAN_POINT('',(14.859,-38.1,48.641));
#3895 = VERTEX_POINT('',#3896);
#3896 = CARTESIAN_POINT('',(19.05,-16.53917411906,44.45));
#3897 = B_SPLINE_CURVE_WITH_KNOTS('',1,(#3898,#3899),.UNSPECIFIED.,.F.,
  .F.,(2,2),(0.,1.),.PIECEWISE_BEZIER_KNOTS.);
#3898 = CARTESIAN_POINT('',(14.859,-38.1,48.641));
#3899 = CARTESIAN_POINT('',(22.264889778147,1.626E-14,41.235110221853));
#3900 = ORIENTED_EDGE('',*,*,#3901,.T.);
#3901 = EDGE_CURVE('',#3893,#3864,#3902,.T.);
#3902 = LINE('',#3903,#3904);
#3903 = CARTESIAN_POINT('',(23.241,-38.1,48.641));
#3904 = VECTOR('',#3905,1.);
#3905 = DIRECTION('',(-1.,0.,0.));
#3906 = ORIENTED_EDGE('',*,*,#3879,.T.);
#3907 = ORIENTED_EDGE('',*,*,#3108,.F.);
#3908 = ORIENTED_EDGE('',*,*,#3909,.F.);
#3909 = EDGE_CURVE('',#3895,#3101,#3910,.T.);
#3910 = B_SPLINE_CURVE_WITH_KNOTS('',1,(#3911,#3912),.UNSPECIFIED.,.F.,
  .F.,(2,2),(0.,1.),.PIECEWISE_BEZIER_KNOTS.);
#3911 = CARTESIAN_POINT('',(23.241,-38.1,48.641));
#3912 = CARTESIAN_POINT('',(15.835110221853,1.626E-14,41.235110221853));
#3913 = B_SPLINE_SURFACE_WITH_KNOTS('',1,1,(
    (#3914,#3915)
    ,(#3916,#3917
    )),.UNSPECIFIED.,.F.,.F.,.F.,(2,2),(2,2),(0.,21.082),(0.,1.),
  .PIECEWISE_BEZIER_KNOTS.);
#3914 = CARTESIAN_POINT('',(23.241,-38.1,48.641));
#3915 = CARTESIAN_POINT('',(15.835110221853,1.626E-14,41.235110221853));
#3916 = CARTESIAN_POINT('',(2.159,-38.1,48.641));
#3917 = CARTESIAN_POINT('',(9.564889778147,1.626E-14,41.235110221853));
#3918 = ADVANCED_FACE('',(#3919),#3943,.T.);
#3919 = FACE_BOUND('',#3920,.T.);
#3920 = EDGE_LOOP('',(#3921,#3922,#3930,#3937,#3942));
#3921 = ORIENTED_EDGE('',*,*,#3873,.F.);
#3922 = ORIENTED_EDGE('',*,*,#3923,.T.);
#3923 = EDGE_CURVE('',#3866,#3924,#3926,.T.);
#3924 = VERTEX_POINT('',#3925);
#3925 = CARTESIAN_POINT('',(14.859,-38.1,27.559));
#3926 = LINE('',#3927,#3928);
#3927 = CARTESIAN_POINT('',(2.159,-38.1,27.559));
#3928 = VECTOR('',#3929,1.);
#3929 = DIRECTION('',(1.,0.,0.));
#3930 = ORIENTED_EDGE('',*,*,#3931,.T.);
#3931 = EDGE_CURVE('',#3924,#3932,#3934,.T.);
#3932 = VERTEX_POINT('',#3933);
#3933 = CARTESIAN_POINT('',(19.05,-16.53917411906,31.75));
#3934 = B_SPLINE_CURVE_WITH_KNOTS('',1,(#3935,#3936),.UNSPECIFIED.,.F.,
  .F.,(2,2),(0.,1.),.PIECEWISE_BEZIER_KNOTS.);
#3935 = CARTESIAN_POINT('',(14.859,-38.1,27.559));
#3936 = CARTESIAN_POINT('',(22.264889778147,1.487E-14,34.964889778147));
#3937 = ORIENTED_EDGE('',*,*,#3938,.T.);
#3938 = EDGE_CURVE('',#3932,#3093,#3939,.T.);
#3939 = B_SPLINE_CURVE_WITH_KNOTS('',1,(#3940,#3941),.UNSPECIFIED.,.F.,
  .F.,(2,2),(0.,1.),.PIECEWISE_BEZIER_KNOTS.);
#3940 = CARTESIAN_POINT('',(23.241,-38.1,27.559));
#3941 = CARTESIAN_POINT('',(15.835110221853,1.487E-14,34.964889778147));
#3942 = ORIENTED_EDGE('',*,*,#3092,.F.);
#3943 = B_SPLINE_SURFACE_WITH_KNOTS('',1,1,(
    (#3944,#3945)
    ,(#3946,#3947
    )),.UNSPECIFIED.,.F.,.F.,.F.,(2,2),(2,2),(0.,21.082),(0.,1.),
  .PIECEWISE_BEZIER_KNOTS.);
#3944 = CARTESIAN_POINT('',(2.159,-38.1,27.559));
#3945 = CARTESIAN_POINT('',(9.564889778147,1.487E-14,34.964889778147));
#3946 = CARTESIAN_POINT('',(23.241,-38.1,27.559));
#3947 = CARTESIAN_POINT('',(15.835110221853,1.487E-14,34.964889778147));
#3948 = ADVANCED_FACE('',(#3949),#3959,.T.);
#3949 = FACE_BOUND('',#3950,.T.);
#3950 = EDGE_LOOP('',(#3951,#3952,#3957,#3958));
#3951 = ORIENTED_EDGE('',*,*,#3938,.F.);
#3952 = ORIENTED_EDGE('',*,*,#3953,.F.);
#3953 = EDGE_CURVE('',#3895,#3932,#3954,.T.);
#3954 = B_SPLINE_CURVE_WITH_KNOTS('',1,(#3955,#3956),.UNSPECIFIED.,.F.,
  .F.,(2,2),(0.,1.),.PIECEWISE_BEZIER_KNOTS.);
#3955 = CARTESIAN_POINT('',(19.05,-16.53917411906,44.45));
#3956 = CARTESIAN_POINT('',(19.05,-16.53917411906,31.75));
#3957 = ORIENTED_EDGE('',*,*,#3909,.T.);
#3958 = ORIENTED_EDGE('',*,*,#3100,.F.);
#3959 = B_SPLINE_SURFACE_WITH_KNOTS('',1,1,(
    (#3960,#3961)
    ,(#3962,#3963
    )),.UNSPECIFIED.,.F.,.F.,.F.,(2,2),(2,2),(0.,21.082),(0.,1.),
  .PIECEWISE_BEZIER_KNOTS.);
#3960 = CARTESIAN_POINT('',(23.241,-38.1,27.559));
#3961 = CARTESIAN_POINT('',(15.835110221853,1.487E-14,34.964889778147));
#3962 = CARTESIAN_POINT('',(23.241,-38.1,48.641));
#3963 = CARTESIAN_POINT('',(15.835110221853,1.626E-14,41.235110221853));
#3964 = ADVANCED_FACE('',(#3965),#3979,.F.);
#3965 = FACE_BOUND('',#3966,.F.);
#3966 = EDGE_LOOP('',(#3967,#3972,#3973,#3978));
#3967 = ORIENTED_EDGE('',*,*,#3968,.F.);
#3968 = EDGE_CURVE('',#3932,#3051,#3969,.T.);
#3969 = B_SPLINE_CURVE_WITH_KNOTS('',1,(#3970,#3971),.UNSPECIFIED.,.F.,
  .F.,(2,2),(0.,1.),.PIECEWISE_BEZIER_KNOTS.);
#3970 = CARTESIAN_POINT('',(14.859,-38.1,27.559));
#3971 = CARTESIAN_POINT('',(22.264889778147,1.487E-14,34.964889778147));
#3972 = ORIENTED_EDGE('',*,*,#3953,.F.);
#3973 = ORIENTED_EDGE('',*,*,#3974,.T.);
#3974 = EDGE_CURVE('',#3895,#3067,#3975,.T.);
#3975 = B_SPLINE_CURVE_WITH_KNOTS('',1,(#3976,#3977),.UNSPECIFIED.,.F.,
  .F.,(2,2),(0.,1.),.PIECEWISE_BEZIER_KNOTS.);
#3976 = CARTESIAN_POINT('',(14.859,-38.1,48.641));
#3977 = CARTESIAN_POINT('',(22.264889778147,1.626E-14,41.235110221853));
#3978 = ORIENTED_EDGE('',*,*,#3074,.F.);
#3979 = B_SPLINE_SURFACE_WITH_KNOTS('',1,1,(
    (#3980,#3981)
    ,(#3982,#3983
    )),.UNSPECIFIED.,.F.,.F.,.F.,(2,2),(2,2),(0.,21.082),(0.,1.),
  .PIECEWISE_BEZIER_KNOTS.);
#3980 = CARTESIAN_POINT('',(14.859,-38.1,27.559));
#3981 = CARTESIAN_POINT('',(22.264889778147,1.487E-14,34.964889778147));
#3982 = CARTESIAN_POINT('',(14.859,-38.1,48.641));
#3983 = CARTESIAN_POINT('',(22.264889778147,1.626E-14,41.235110221853));
#3984 = ADVANCED_FACE('',(#3985),#4008,.T.);
#3985 = FACE_BOUND('',#3986,.T.);
#3986 = EDGE_LOOP('',(#3987,#3997,#4002,#4003));
#3987 = ORIENTED_EDGE('',*,*,#3988,.T.);
#3988 = EDGE_CURVE('',#3989,#3991,#3993,.T.);
#3989 = VERTEX_POINT('',#3990);
#3990 = CARTESIAN_POINT('',(-35.941,-38.1,23.241));
#3991 = VERTEX_POINT('',#3992);
#3992 = CARTESIAN_POINT('',(-35.941,-38.1,2.159));
#3993 = LINE('',#3994,#3995);
#3994 = CARTESIAN_POINT('',(-35.941,-38.1,23.241));
#3995 = VECTOR('',#3996,1.);
#3996 = DIRECTION('',(0.,0.,-1.));
#3997 = ORIENTED_EDGE('',*,*,#3998,.T.);
#3998 = EDGE_CURVE('',#3991,#3153,#3999,.T.);
#3999 = B_SPLINE_CURVE_WITH_KNOTS('',1,(#4000,#4001),.UNSPECIFIED.,.F.,
  .F.,(2,2),(0.,1.),.PIECEWISE_BEZIER_KNOTS.);
#4000 = CARTESIAN_POINT('',(-35.941,-38.1,2.159));
#4001 = CARTESIAN_POINT('',(-28.53511022185,8.87E-15,9.564889778147));
#4002 = ORIENTED_EDGE('',*,*,#3150,.F.);
#4003 = ORIENTED_EDGE('',*,*,#4004,.F.);
#4004 = EDGE_CURVE('',#3989,#3151,#4005,.T.);
#4005 = B_SPLINE_CURVE_WITH_KNOTS('',1,(#4006,#4007),.UNSPECIFIED.,.F.,
  .F.,(2,2),(0.,1.),.PIECEWISE_BEZIER_KNOTS.);
#4006 = CARTESIAN_POINT('',(-35.941,-38.1,23.241));
#4007 = CARTESIAN_POINT('',(-28.53511022185,1.026E-14,15.835110221853));
#4008 = B_SPLINE_SURFACE_WITH_KNOTS('',1,1,(
    (#4009,#4010)
    ,(#4011,#4012
    )),.UNSPECIFIED.,.F.,.F.,.F.,(2,2),(2,2),(0.,21.082),(0.,1.),
  .PIECEWISE_BEZIER_KNOTS.);
#4009 = CARTESIAN_POINT('',(-35.941,-38.1,23.241));
#4010 = CARTESIAN_POINT('',(-28.53511022185,1.026E-14,15.835110221853));
#4011 = CARTESIAN_POINT('',(-35.941,-38.1,2.159));
#4012 = CARTESIAN_POINT('',(-28.53511022185,8.87E-15,9.564889778147));
#4013 = ADVANCED_FACE('',(#4014),#4044,.F.);
#4014 = FACE_BOUND('',#4015,.F.);
#4015 = EDGE_LOOP('',(#4016,#4023,#4031,#4038,#4043));
#4016 = ORIENTED_EDGE('',*,*,#4017,.F.);
#4017 = EDGE_CURVE('',#4018,#3185,#4020,.T.);
#4018 = VERTEX_POINT('',#4019);
#4019 = CARTESIAN_POINT('',(-2.159,-38.1,2.159));
#4020 = B_SPLINE_CURVE_WITH_KNOTS('',1,(#4021,#4022),.UNSPECIFIED.,.F.,
  .F.,(2,2),(0.,1.),.PIECEWISE_BEZIER_KNOTS.);
#4021 = CARTESIAN_POINT('',(-2.159,-38.1,2.159));
#4022 = CARTESIAN_POINT('',(-9.564889778147,9.23E-15,9.564889778147));
#4023 = ORIENTED_EDGE('',*,*,#4024,.T.);
#4024 = EDGE_CURVE('',#4018,#4025,#4027,.T.);
#4025 = VERTEX_POINT('',#4026);
#4026 = CARTESIAN_POINT('',(-14.859,-38.1,2.159));
#4027 = LINE('',#4028,#4029);
#4028 = CARTESIAN_POINT('',(-2.159,-38.1,2.159));
#4029 = VECTOR('',#4030,1.);
#4030 = DIRECTION('',(-1.,0.,-0.));
#4031 = ORIENTED_EDGE('',*,*,#4032,.T.);
#4032 = EDGE_CURVE('',#4025,#4033,#4035,.T.);
#4033 = VERTEX_POINT('',#4034);
#4034 = CARTESIAN_POINT('',(-19.05,-16.53917411906,6.35));
#4035 = B_SPLINE_CURVE_WITH_KNOTS('',1,(#4036,#4037),.UNSPECIFIED.,.F.,
  .F.,(2,2),(0.,1.),.PIECEWISE_BEZIER_KNOTS.);
#4036 = CARTESIAN_POINT('',(-14.859,-38.1,2.159));
#4037 = CARTESIAN_POINT('',(-22.26488977814,8.87E-15,9.564889778147));
#4038 = ORIENTED_EDGE('',*,*,#4039,.T.);
#4039 = EDGE_CURVE('',#4033,#3187,#4040,.T.);
#4040 = B_SPLINE_CURVE_WITH_KNOTS('',1,(#4041,#4042),.UNSPECIFIED.,.F.,
  .F.,(2,2),(0.,1.),.PIECEWISE_BEZIER_KNOTS.);
#4041 = CARTESIAN_POINT('',(-23.241,-38.1,2.159));
#4042 = CARTESIAN_POINT('',(-15.83511022185,9.23E-15,9.564889778147));
#4043 = ORIENTED_EDGE('',*,*,#3184,.F.);
#4044 = B_SPLINE_SURFACE_WITH_KNOTS('',1,1,(
    (#4045,#4046)
    ,(#4047,#4048
    )),.UNSPECIFIED.,.F.,.F.,.F.,(2,2),(2,2),(0.,21.082),(0.,1.),
  .PIECEWISE_BEZIER_KNOTS.);
#4045 = CARTESIAN_POINT('',(-2.159,-38.1,2.159));
#4046 = CARTESIAN_POINT('',(-9.564889778147,9.23E-15,9.564889778147));
#4047 = CARTESIAN_POINT('',(-23.241,-38.1,2.159));
#4048 = CARTESIAN_POINT('',(-15.83511022185,9.23E-15,9.564889778147));
#4049 = ADVANCED_FACE('',(#4050),#4067,.F.);
#4050 = FACE_BOUND('',#4051,.F.);
#4051 = EDGE_LOOP('',(#4052,#4060,#4061,#4062));
#4052 = ORIENTED_EDGE('',*,*,#4053,.T.);
#4053 = EDGE_CURVE('',#4054,#4018,#4056,.T.);
#4054 = VERTEX_POINT('',#4055);
#4055 = CARTESIAN_POINT('',(-2.159,-38.1,23.241));
#4056 = LINE('',#4057,#4058);
#4057 = CARTESIAN_POINT('',(-2.159,-38.1,23.241));
#4058 = VECTOR('',#4059,1.);
#4059 = DIRECTION('',(-0.,0.,-1.));
#4060 = ORIENTED_EDGE('',*,*,#4017,.T.);
#4061 = ORIENTED_EDGE('',*,*,#3194,.F.);
#4062 = ORIENTED_EDGE('',*,*,#4063,.F.);
#4063 = EDGE_CURVE('',#4054,#3195,#4064,.T.);
#4064 = B_SPLINE_CURVE_WITH_KNOTS('',1,(#4065,#4066),.UNSPECIFIED.,.F.,
  .F.,(2,2),(0.,1.),.PIECEWISE_BEZIER_KNOTS.);
#4065 = CARTESIAN_POINT('',(-2.159,-38.1,23.241));
#4066 = CARTESIAN_POINT('',(-9.564889778147,1.062E-14,15.835110221853));
#4067 = B_SPLINE_SURFACE_WITH_KNOTS('',1,1,(
    (#4068,#4069)
    ,(#4070,#4071
    )),.UNSPECIFIED.,.F.,.F.,.F.,(2,2),(2,2),(0.,21.082),(0.,1.),
  .PIECEWISE_BEZIER_KNOTS.);
#4068 = CARTESIAN_POINT('',(-2.159,-38.1,23.241));
#4069 = CARTESIAN_POINT('',(-9.564889778147,1.062E-14,15.835110221853));
#4070 = CARTESIAN_POINT('',(-2.159,-38.1,2.159));
#4071 = CARTESIAN_POINT('',(-9.564889778147,9.23E-15,9.564889778147));
#4072 = ADVANCED_FACE('',(#4073),#4089,.F.);
#4073 = FACE_BOUND('',#4074,.F.);
#4074 = EDGE_LOOP('',(#4075,#4076,#4083,#4088));
#4075 = ORIENTED_EDGE('',*,*,#4039,.F.);
#4076 = ORIENTED_EDGE('',*,*,#4077,.T.);
#4077 = EDGE_CURVE('',#4033,#4078,#4080,.T.);
#4078 = VERTEX_POINT('',#4079);
#4079 = CARTESIAN_POINT('',(-19.05,-16.53917411906,19.05));
#4080 = B_SPLINE_CURVE_WITH_KNOTS('',1,(#4081,#4082),.UNSPECIFIED.,.F.,
  .F.,(2,2),(0.,1.),.PIECEWISE_BEZIER_KNOTS.);
#4081 = CARTESIAN_POINT('',(-19.05,-16.53917411906,6.35));
#4082 = CARTESIAN_POINT('',(-19.05,-16.53917411906,19.05));
#4083 = ORIENTED_EDGE('',*,*,#4084,.T.);
#4084 = EDGE_CURVE('',#4078,#3203,#4085,.T.);
#4085 = B_SPLINE_CURVE_WITH_KNOTS('',1,(#4086,#4087),.UNSPECIFIED.,.F.,
  .F.,(2,2),(0.,1.),.PIECEWISE_BEZIER_KNOTS.);
#4086 = CARTESIAN_POINT('',(-23.241,-38.1,23.241));
#4087 = CARTESIAN_POINT('',(-15.83511022185,1.062E-14,15.835110221853));
#4088 = ORIENTED_EDGE('',*,*,#3210,.F.);
#4089 = B_SPLINE_SURFACE_WITH_KNOTS('',1,1,(
    (#4090,#4091)
    ,(#4092,#4093
    )),.UNSPECIFIED.,.F.,.F.,.F.,(2,2),(2,2),(0.,21.082),(0.,1.),
  .PIECEWISE_BEZIER_KNOTS.);
#4090 = CARTESIAN_POINT('',(-23.241,-38.1,2.159));
#4091 = CARTESIAN_POINT('',(-15.83511022185,9.23E-15,9.564889778147));
#4092 = CARTESIAN_POINT('',(-23.241,-38.1,23.241));
#4093 = CARTESIAN_POINT('',(-15.83511022185,1.062E-14,15.835110221853));
#4094 = ADVANCED_FACE('',(#4095),#4109,.T.);
#4095 = FACE_BOUND('',#4096,.T.);
#4096 = EDGE_LOOP('',(#4097,#4102,#4103,#4108));
#4097 = ORIENTED_EDGE('',*,*,#4098,.F.);
#4098 = EDGE_CURVE('',#4033,#3161,#4099,.T.);
#4099 = B_SPLINE_CURVE_WITH_KNOTS('',1,(#4100,#4101),.UNSPECIFIED.,.F.,
  .F.,(2,2),(0.,1.),.PIECEWISE_BEZIER_KNOTS.);
#4100 = CARTESIAN_POINT('',(-14.859,-38.1,2.159));
#4101 = CARTESIAN_POINT('',(-22.26488977814,8.87E-15,9.564889778147));
#4102 = ORIENTED_EDGE('',*,*,#4077,.T.);
#4103 = ORIENTED_EDGE('',*,*,#4104,.T.);
#4104 = EDGE_CURVE('',#4078,#3169,#4105,.T.);
#4105 = B_SPLINE_CURVE_WITH_KNOTS('',1,(#4106,#4107),.UNSPECIFIED.,.F.,
  .F.,(2,2),(0.,1.),.PIECEWISE_BEZIER_KNOTS.);
#4106 = CARTESIAN_POINT('',(-14.859,-38.1,23.241));
#4107 = CARTESIAN_POINT('',(-22.26488977814,1.026E-14,15.835110221853));
#4108 = ORIENTED_EDGE('',*,*,#3168,.F.);
#4109 = B_SPLINE_SURFACE_WITH_KNOTS('',1,1,(
    (#4110,#4111)
    ,(#4112,#4113
    )),.UNSPECIFIED.,.F.,.F.,.F.,(2,2),(2,2),(0.,21.082),(0.,1.),
  .PIECEWISE_BEZIER_KNOTS.);
#4110 = CARTESIAN_POINT('',(-14.859,-38.1,2.159));
#4111 = CARTESIAN_POINT('',(-22.26488977814,8.87E-15,9.564889778147));
#4112 = CARTESIAN_POINT('',(-14.859,-38.1,23.241));
#4113 = CARTESIAN_POINT('',(-22.26488977814,1.026E-14,15.835110221853));
#4114 = ADVANCED_FACE('',(#4115),#4133,.F.);
#4115 = FACE_BOUND('',#4116,.F.);
#4116 = EDGE_LOOP('',(#4117,#4124,#4130,#4131,#4132));
#4117 = ORIENTED_EDGE('',*,*,#4118,.F.);
#4118 = EDGE_CURVE('',#4119,#4078,#4121,.T.);
#4119 = VERTEX_POINT('',#4120);
#4120 = CARTESIAN_POINT('',(-14.859,-38.1,23.241));
#4121 = B_SPLINE_CURVE_WITH_KNOTS('',1,(#4122,#4123),.UNSPECIFIED.,.F.,
  .F.,(2,2),(0.,1.),.PIECEWISE_BEZIER_KNOTS.);
#4122 = CARTESIAN_POINT('',(-14.859,-38.1,23.241));
#4123 = CARTESIAN_POINT('',(-22.26488977814,1.026E-14,15.835110221853));
#4124 = ORIENTED_EDGE('',*,*,#4125,.T.);
#4125 = EDGE_CURVE('',#4119,#4054,#4126,.T.);
#4126 = LINE('',#4127,#4128);
#4127 = CARTESIAN_POINT('',(-23.241,-38.1,23.241));
#4128 = VECTOR('',#4129,1.);
#4129 = DIRECTION('',(1.,0.,0.));
#4130 = ORIENTED_EDGE('',*,*,#4063,.T.);
#4131 = ORIENTED_EDGE('',*,*,#3202,.F.);
#4132 = ORIENTED_EDGE('',*,*,#4084,.F.);
#4133 = B_SPLINE_SURFACE_WITH_KNOTS('',1,1,(
    (#4134,#4135)
    ,(#4136,#4137
    )),.UNSPECIFIED.,.F.,.F.,.F.,(2,2),(2,2),(0.,21.082),(0.,1.),
  .PIECEWISE_BEZIER_KNOTS.);
#4134 = CARTESIAN_POINT('',(-23.241,-38.1,23.241));
#4135 = CARTESIAN_POINT('',(-15.83511022185,1.062E-14,15.835110221853));
#4136 = CARTESIAN_POINT('',(-2.159,-38.1,23.241));
#4137 = CARTESIAN_POINT('',(-9.564889778147,1.062E-14,15.835110221853));
#4138 = ADVANCED_FACE('',(#4139),#4162,.T.);
#4139 = FACE_BOUND('',#4140,.T.);
#4140 = EDGE_LOOP('',(#4141,#4151,#4156,#4157));
#4141 = ORIENTED_EDGE('',*,*,#4142,.T.);
#4142 = EDGE_CURVE('',#4143,#4145,#4147,.T.);
#4143 = VERTEX_POINT('',#4144);
#4144 = CARTESIAN_POINT('',(2.159,-38.1,23.241));
#4145 = VERTEX_POINT('',#4146);
#4146 = CARTESIAN_POINT('',(2.159,-38.1,2.159));
#4147 = LINE('',#4148,#4149);
#4148 = CARTESIAN_POINT('',(2.159,-38.1,23.241));
#4149 = VECTOR('',#4150,1.);
#4150 = DIRECTION('',(0.,0.,-1.));
#4151 = ORIENTED_EDGE('',*,*,#4152,.T.);
#4152 = EDGE_CURVE('',#4145,#3221,#4153,.T.);
#4153 = B_SPLINE_CURVE_WITH_KNOTS('',1,(#4154,#4155),.UNSPECIFIED.,.F.,
  .F.,(2,2),(0.,1.),.PIECEWISE_BEZIER_KNOTS.);
#4154 = CARTESIAN_POINT('',(2.159,-38.1,2.159));
#4155 = CARTESIAN_POINT('',(9.564889778147,8.87E-15,9.564889778147));
#4156 = ORIENTED_EDGE('',*,*,#3218,.F.);
#4157 = ORIENTED_EDGE('',*,*,#4158,.F.);
#4158 = EDGE_CURVE('',#4143,#3219,#4159,.T.);
#4159 = B_SPLINE_CURVE_WITH_KNOTS('',1,(#4160,#4161),.UNSPECIFIED.,.F.,
  .F.,(2,2),(0.,1.),.PIECEWISE_BEZIER_KNOTS.);
#4160 = CARTESIAN_POINT('',(2.159,-38.1,23.241));
#4161 = CARTESIAN_POINT('',(9.564889778147,1.026E-14,15.835110221853));
#4162 = B_SPLINE_SURFACE_WITH_KNOTS('',1,1,(
    (#4163,#4164)
    ,(#4165,#4166
    )),.UNSPECIFIED.,.F.,.F.,.F.,(2,2),(2,2),(0.,21.082),(0.,1.),
  .PIECEWISE_BEZIER_KNOTS.);
#4163 = CARTESIAN_POINT('',(2.159,-38.1,23.241));
#4164 = CARTESIAN_POINT('',(9.564889778147,1.026E-14,15.835110221853));
#4165 = CARTESIAN_POINT('',(2.159,-38.1,2.159));
#4166 = CARTESIAN_POINT('',(9.564889778147,8.87E-15,9.564889778147));
#4167 = ADVANCED_FACE('',(#4168),#4192,.T.);
#4168 = FACE_BOUND('',#4169,.T.);
#4169 = EDGE_LOOP('',(#4170,#4179,#4185,#4186,#4187));
#4170 = ORIENTED_EDGE('',*,*,#4171,.F.);
#4171 = EDGE_CURVE('',#4172,#4174,#4176,.T.);
#4172 = VERTEX_POINT('',#4173);
#4173 = CARTESIAN_POINT('',(14.859,-38.1,23.241));
#4174 = VERTEX_POINT('',#4175);
#4175 = CARTESIAN_POINT('',(19.05,-16.53917411906,19.05));
#4176 = B_SPLINE_CURVE_WITH_KNOTS('',1,(#4177,#4178),.UNSPECIFIED.,.F.,
  .F.,(2,2),(0.,1.),.PIECEWISE_BEZIER_KNOTS.);
#4177 = CARTESIAN_POINT('',(14.859,-38.1,23.241));
#4178 = CARTESIAN_POINT('',(22.264889778147,1.062E-14,15.835110221853));
#4179 = ORIENTED_EDGE('',*,*,#4180,.T.);
#4180 = EDGE_CURVE('',#4172,#4143,#4181,.T.);
#4181 = LINE('',#4182,#4183);
#4182 = CARTESIAN_POINT('',(23.241,-38.1,23.241));
#4183 = VECTOR('',#4184,1.);
#4184 = DIRECTION('',(-1.,0.,0.));
#4185 = ORIENTED_EDGE('',*,*,#4158,.T.);
#4186 = ORIENTED_EDGE('',*,*,#3244,.F.);
#4187 = ORIENTED_EDGE('',*,*,#4188,.F.);
#4188 = EDGE_CURVE('',#4174,#3237,#4189,.T.);
#4189 = B_SPLINE_CURVE_WITH_KNOTS('',1,(#4190,#4191),.UNSPECIFIED.,.F.,
  .F.,(2,2),(0.,1.),.PIECEWISE_BEZIER_KNOTS.);
#4190 = CARTESIAN_POINT('',(23.241,-38.1,23.241));
#4191 = CARTESIAN_POINT('',(15.835110221853,1.026E-14,15.835110221853));
#4192 = B_SPLINE_SURFACE_WITH_KNOTS('',1,1,(
    (#4193,#4194)
    ,(#4195,#4196
    )),.UNSPECIFIED.,.F.,.F.,.F.,(2,2),(2,2),(0.,21.082),(0.,1.),
  .PIECEWISE_BEZIER_KNOTS.);
#4193 = CARTESIAN_POINT('',(23.241,-38.1,23.241));
#4194 = CARTESIAN_POINT('',(15.835110221853,1.026E-14,15.835110221853));
#4195 = CARTESIAN_POINT('',(2.159,-38.1,23.241));
#4196 = CARTESIAN_POINT('',(9.564889778147,1.026E-14,15.835110221853));
#4197 = ADVANCED_FACE('',(#4198),#4222,.T.);
#4198 = FACE_BOUND('',#4199,.T.);
#4199 = EDGE_LOOP('',(#4200,#4201,#4209,#4216,#4221));
#4200 = ORIENTED_EDGE('',*,*,#4152,.F.);
#4201 = ORIENTED_EDGE('',*,*,#4202,.T.);
#4202 = EDGE_CURVE('',#4145,#4203,#4205,.T.);
#4203 = VERTEX_POINT('',#4204);
#4204 = CARTESIAN_POINT('',(14.859,-38.1,2.159));
#4205 = LINE('',#4206,#4207);
#4206 = CARTESIAN_POINT('',(2.159,-38.1,2.159));
#4207 = VECTOR('',#4208,1.);
#4208 = DIRECTION('',(1.,0.,0.));
#4209 = ORIENTED_EDGE('',*,*,#4210,.T.);
#4210 = EDGE_CURVE('',#4203,#4211,#4213,.T.);
#4211 = VERTEX_POINT('',#4212);
#4212 = CARTESIAN_POINT('',(19.05,-16.53917411906,6.35));
#4213 = B_SPLINE_CURVE_WITH_KNOTS('',1,(#4214,#4215),.UNSPECIFIED.,.F.,
  .F.,(2,2),(0.,1.),.PIECEWISE_BEZIER_KNOTS.);
#4214 = CARTESIAN_POINT('',(14.859,-38.1,2.159));
#4215 = CARTESIAN_POINT('',(22.264889778147,9.23E-15,9.564889778147));
#4216 = ORIENTED_EDGE('',*,*,#4217,.T.);
#4217 = EDGE_CURVE('',#4211,#3229,#4218,.T.);
#4218 = B_SPLINE_CURVE_WITH_KNOTS('',1,(#4219,#4220),.UNSPECIFIED.,.F.,
  .F.,(2,2),(0.,1.),.PIECEWISE_BEZIER_KNOTS.);
#4219 = CARTESIAN_POINT('',(23.241,-38.1,2.159));
#4220 = CARTESIAN_POINT('',(15.835110221853,8.87E-15,9.564889778147));
#4221 = ORIENTED_EDGE('',*,*,#3228,.F.);
#4222 = B_SPLINE_SURFACE_WITH_KNOTS('',1,1,(
    (#4223,#4224)
    ,(#4225,#4226
    )),.UNSPECIFIED.,.F.,.F.,.F.,(2,2),(2,2),(0.,21.082),(0.,1.),
  .PIECEWISE_BEZIER_KNOTS.);
#4223 = CARTESIAN_POINT('',(2.159,-38.1,2.159));
#4224 = CARTESIAN_POINT('',(9.564889778147,8.87E-15,9.564889778147));
#4225 = CARTESIAN_POINT('',(23.241,-38.1,2.159));
#4226 = CARTESIAN_POINT('',(15.835110221853,8.87E-15,9.564889778147));
#4227 = ADVANCED_FACE('',(#4228),#4238,.T.);
#4228 = FACE_BOUND('',#4229,.T.);
#4229 = EDGE_LOOP('',(#4230,#4231,#4236,#4237));
#4230 = ORIENTED_EDGE('',*,*,#4217,.F.);
#4231 = ORIENTED_EDGE('',*,*,#4232,.F.);
#4232 = EDGE_CURVE('',#4174,#4211,#4233,.T.);
#4233 = B_SPLINE_CURVE_WITH_KNOTS('',1,(#4234,#4235),.UNSPECIFIED.,.F.,
  .F.,(2,2),(0.,1.),.PIECEWISE_BEZIER_KNOTS.);
#4234 = CARTESIAN_POINT('',(19.05,-16.53917411906,19.05));
#4235 = CARTESIAN_POINT('',(19.05,-16.53917411906,6.35));
#4236 = ORIENTED_EDGE('',*,*,#4188,.T.);
#4237 = ORIENTED_EDGE('',*,*,#3236,.F.);
#4238 = B_SPLINE_SURFACE_WITH_KNOTS('',1,1,(
    (#4239,#4240)
    ,(#4241,#4242
    )),.UNSPECIFIED.,.F.,.F.,.F.,(2,2),(2,2),(0.,21.082),(0.,1.),
  .PIECEWISE_BEZIER_KNOTS.);
#4239 = CARTESIAN_POINT('',(23.241,-38.1,2.159));
#4240 = CARTESIAN_POINT('',(15.835110221853,8.87E-15,9.564889778147));
#4241 = CARTESIAN_POINT('',(23.241,-38.1,23.241));
#4242 = CARTESIAN_POINT('',(15.835110221853,1.026E-14,15.835110221853));
#4243 = ADVANCED_FACE('',(#4244),#4258,.F.);
#4244 = FACE_BOUND('',#4245,.F.);
#4245 = EDGE_LOOP('',(#4246,#4251,#4252,#4257));
#4246 = ORIENTED_EDGE('',*,*,#4247,.F.);
#4247 = EDGE_CURVE('',#4211,#3255,#4248,.T.);
#4248 = B_SPLINE_CURVE_WITH_KNOTS('',1,(#4249,#4250),.UNSPECIFIED.,.F.,
  .F.,(2,2),(0.,1.),.PIECEWISE_BEZIER_KNOTS.);
#4249 = CARTESIAN_POINT('',(14.859,-38.1,2.159));
#4250 = CARTESIAN_POINT('',(22.264889778147,9.23E-15,9.564889778147));
#4251 = ORIENTED_EDGE('',*,*,#4232,.F.);
#4252 = ORIENTED_EDGE('',*,*,#4253,.T.);
#4253 = EDGE_CURVE('',#4174,#3271,#4254,.T.);
#4254 = B_SPLINE_CURVE_WITH_KNOTS('',1,(#4255,#4256),.UNSPECIFIED.,.F.,
  .F.,(2,2),(0.,1.),.PIECEWISE_BEZIER_KNOTS.);
#4255 = CARTESIAN_POINT('',(14.859,-38.1,23.241));
#4256 = CARTESIAN_POINT('',(22.264889778147,1.062E-14,15.835110221853));
#4257 = ORIENTED_EDGE('',*,*,#3278,.F.);
#4258 = B_SPLINE_SURFACE_WITH_KNOTS('',1,1,(
    (#4259,#4260)
    ,(#4261,#4262
    )),.UNSPECIFIED.,.F.,.F.,.F.,(2,2),(2,2),(0.,21.082),(0.,1.),
  .PIECEWISE_BEZIER_KNOTS.);
#4259 = CARTESIAN_POINT('',(14.859,-38.1,2.159));
#4260 = CARTESIAN_POINT('',(22.264889778147,9.23E-15,9.564889778147));
#4261 = CARTESIAN_POINT('',(14.859,-38.1,23.241));
#4262 = CARTESIAN_POINT('',(22.264889778147,1.062E-14,15.835110221853));
#4263 = ADVANCED_FACE('',(#4264),#4287,.F.);
#4264 = FACE_BOUND('',#4265,.F.);
#4265 = EDGE_LOOP('',(#4266,#4276,#4281,#4282));
#4266 = ORIENTED_EDGE('',*,*,#4267,.T.);
#4267 = EDGE_CURVE('',#4268,#4270,#4272,.T.);
#4268 = VERTEX_POINT('',#4269);
#4269 = CARTESIAN_POINT('',(35.941,-38.1,23.241));
#4270 = VERTEX_POINT('',#4271);
#4271 = CARTESIAN_POINT('',(35.941,-38.1,2.159));
#4272 = LINE('',#4273,#4274);
#4273 = CARTESIAN_POINT('',(35.941,-38.1,23.241));
#4274 = VECTOR('',#4275,1.);
#4275 = DIRECTION('',(-0.,0.,-1.));
#4276 = ORIENTED_EDGE('',*,*,#4277,.T.);
#4277 = EDGE_CURVE('',#4270,#3253,#4278,.T.);
#4278 = B_SPLINE_CURVE_WITH_KNOTS('',1,(#4279,#4280),.UNSPECIFIED.,.F.,
  .F.,(2,2),(0.,1.),.PIECEWISE_BEZIER_KNOTS.);
#4279 = CARTESIAN_POINT('',(35.941,-38.1,2.159));
#4280 = CARTESIAN_POINT('',(28.535110221853,9.23E-15,9.564889778147));
#4281 = ORIENTED_EDGE('',*,*,#3262,.F.);
#4282 = ORIENTED_EDGE('',*,*,#4283,.F.);
#4283 = EDGE_CURVE('',#4268,#3263,#4284,.T.);
#4284 = B_SPLINE_CURVE_WITH_KNOTS('',1,(#4285,#4286),.UNSPECIFIED.,.F.,
  .F.,(2,2),(0.,1.),.PIECEWISE_BEZIER_KNOTS.);
#4285 = CARTESIAN_POINT('',(35.941,-38.1,23.241));
#4286 = CARTESIAN_POINT('',(28.535110221853,1.062E-14,15.835110221853));
#4287 = B_SPLINE_SURFACE_WITH_KNOTS('',1,1,(
    (#4288,#4289)
    ,(#4290,#4291
    )),.UNSPECIFIED.,.F.,.F.,.F.,(2,2),(2,2),(0.,21.082),(0.,1.),
  .PIECEWISE_BEZIER_KNOTS.);
#4288 = CARTESIAN_POINT('',(35.941,-38.1,23.241));
#4289 = CARTESIAN_POINT('',(28.535110221853,1.062E-14,15.835110221853));
#4290 = CARTESIAN_POINT('',(35.941,-38.1,2.159));
#4291 = CARTESIAN_POINT('',(28.535110221853,9.23E-15,9.564889778147));
#4292 = ADVANCED_FACE('',(#4293),#4316,.T.);
#4293 = FACE_BOUND('',#4294,.T.);
#4294 = EDGE_LOOP('',(#4295,#4305,#4310,#4311));
#4295 = ORIENTED_EDGE('',*,*,#4296,.T.);
#4296 = EDGE_CURVE('',#4297,#4299,#4301,.T.);
#4297 = VERTEX_POINT('',#4298);
#4298 = CARTESIAN_POINT('',(-35.941,-38.1,-2.159));
#4299 = VERTEX_POINT('',#4300);
#4300 = CARTESIAN_POINT('',(-35.941,-38.1,-23.241));
#4301 = LINE('',#4302,#4303);
#4302 = CARTESIAN_POINT('',(-35.941,-38.1,-2.159));
#4303 = VECTOR('',#4304,1.);
#4304 = DIRECTION('',(0.,0.,-1.));
#4305 = ORIENTED_EDGE('',*,*,#4306,.T.);
#4306 = EDGE_CURVE('',#4299,#3289,#4307,.T.);
#4307 = B_SPLINE_CURVE_WITH_KNOTS('',1,(#4308,#4309),.UNSPECIFIED.,.F.,
  .F.,(2,2),(0.,1.),.PIECEWISE_BEZIER_KNOTS.);
#4308 = CARTESIAN_POINT('',(-35.941,-38.1,-23.241));
#4309 = CARTESIAN_POINT('',(-28.53511022185,3.87E-15,-15.83511022185));
#4310 = ORIENTED_EDGE('',*,*,#3286,.F.);
#4311 = ORIENTED_EDGE('',*,*,#4312,.F.);
#4312 = EDGE_CURVE('',#4297,#3287,#4313,.T.);
#4313 = B_SPLINE_CURVE_WITH_KNOTS('',1,(#4314,#4315),.UNSPECIFIED.,.F.,
  .F.,(2,2),(0.,1.),.PIECEWISE_BEZIER_KNOTS.);
#4314 = CARTESIAN_POINT('',(-35.941,-38.1,-2.159));
#4315 = CARTESIAN_POINT('',(-28.53511022185,5.26E-15,-9.564889778147));
#4316 = B_SPLINE_SURFACE_WITH_KNOTS('',1,1,(
    (#4317,#4318)
    ,(#4319,#4320
    )),.UNSPECIFIED.,.F.,.F.,.F.,(2,2),(2,2),(0.,21.082),(0.,1.),
  .PIECEWISE_BEZIER_KNOTS.);
#4317 = CARTESIAN_POINT('',(-35.941,-38.1,-2.159));
#4318 = CARTESIAN_POINT('',(-28.53511022185,5.26E-15,-9.564889778147));
#4319 = CARTESIAN_POINT('',(-35.941,-38.1,-23.241));
#4320 = CARTESIAN_POINT('',(-28.53511022185,3.87E-15,-15.83511022185));
#4321 = ADVANCED_FACE('',(#4322),#4352,.F.);
#4322 = FACE_BOUND('',#4323,.F.);
#4323 = EDGE_LOOP('',(#4324,#4331,#4339,#4346,#4351));
#4324 = ORIENTED_EDGE('',*,*,#4325,.F.);
#4325 = EDGE_CURVE('',#4326,#3321,#4328,.T.);
#4326 = VERTEX_POINT('',#4327);
#4327 = CARTESIAN_POINT('',(-2.159,-38.1,-23.241));
#4328 = B_SPLINE_CURVE_WITH_KNOTS('',1,(#4329,#4330),.UNSPECIFIED.,.F.,
  .F.,(2,2),(0.,1.),.PIECEWISE_BEZIER_KNOTS.);
#4329 = CARTESIAN_POINT('',(-2.159,-38.1,-23.241));
#4330 = CARTESIAN_POINT('',(-9.564889778147,3.59E-15,-15.83511022185));
#4331 = ORIENTED_EDGE('',*,*,#4332,.T.);
#4332 = EDGE_CURVE('',#4326,#4333,#4335,.T.);
#4333 = VERTEX_POINT('',#4334);
#4334 = CARTESIAN_POINT('',(-14.859,-38.1,-23.241));
#4335 = LINE('',#4336,#4337);
#4336 = CARTESIAN_POINT('',(-2.159,-38.1,-23.241));
#4337 = VECTOR('',#4338,1.);
#4338 = DIRECTION('',(-1.,0.,-0.));
#4339 = ORIENTED_EDGE('',*,*,#4340,.T.);
#4340 = EDGE_CURVE('',#4333,#4341,#4343,.T.);
#4341 = VERTEX_POINT('',#4342);
#4342 = CARTESIAN_POINT('',(-19.05,-16.53917411906,-19.05));
#4343 = B_SPLINE_CURVE_WITH_KNOTS('',1,(#4344,#4345),.UNSPECIFIED.,.F.,
  .F.,(2,2),(0.,1.),.PIECEWISE_BEZIER_KNOTS.);
#4344 = CARTESIAN_POINT('',(-14.859,-38.1,-23.241));
#4345 = CARTESIAN_POINT('',(-22.26488977814,3.87E-15,-15.83511022185));
#4346 = ORIENTED_EDGE('',*,*,#4347,.T.);
#4347 = EDGE_CURVE('',#4341,#3323,#4348,.T.);
#4348 = B_SPLINE_CURVE_WITH_KNOTS('',1,(#4349,#4350),.UNSPECIFIED.,.F.,
  .F.,(2,2),(0.,1.),.PIECEWISE_BEZIER_KNOTS.);
#4349 = CARTESIAN_POINT('',(-23.241,-38.1,-23.241));
#4350 = CARTESIAN_POINT('',(-15.83511022185,3.59E-15,-15.83511022185));
#4351 = ORIENTED_EDGE('',*,*,#3320,.F.);
#4352 = B_SPLINE_SURFACE_WITH_KNOTS('',1,1,(
    (#4353,#4354)
    ,(#4355,#4356
    )),.UNSPECIFIED.,.F.,.F.,.F.,(2,2),(2,2),(0.,21.082),(0.,1.),
  .PIECEWISE_BEZIER_KNOTS.);
#4353 = CARTESIAN_POINT('',(-2.159,-38.1,-23.241));
#4354 = CARTESIAN_POINT('',(-9.564889778147,3.59E-15,-15.83511022185));
#4355 = CARTESIAN_POINT('',(-23.241,-38.1,-23.241));
#4356 = CARTESIAN_POINT('',(-15.83511022185,3.59E-15,-15.83511022185));
#4357 = ADVANCED_FACE('',(#4358),#4375,.F.);
#4358 = FACE_BOUND('',#4359,.F.);
#4359 = EDGE_LOOP('',(#4360,#4368,#4369,#4370));
#4360 = ORIENTED_EDGE('',*,*,#4361,.T.);
#4361 = EDGE_CURVE('',#4362,#4326,#4364,.T.);
#4362 = VERTEX_POINT('',#4363);
#4363 = CARTESIAN_POINT('',(-2.159,-38.1,-2.159));
#4364 = LINE('',#4365,#4366);
#4365 = CARTESIAN_POINT('',(-2.159,-38.1,-2.159));
#4366 = VECTOR('',#4367,1.);
#4367 = DIRECTION('',(-0.,0.,-1.));
#4368 = ORIENTED_EDGE('',*,*,#4325,.T.);
#4369 = ORIENTED_EDGE('',*,*,#3330,.F.);
#4370 = ORIENTED_EDGE('',*,*,#4371,.F.);
#4371 = EDGE_CURVE('',#4362,#3331,#4372,.T.);
#4372 = B_SPLINE_CURVE_WITH_KNOTS('',1,(#4373,#4374),.UNSPECIFIED.,.F.,
  .F.,(2,2),(0.,1.),.PIECEWISE_BEZIER_KNOTS.);
#4373 = CARTESIAN_POINT('',(-2.159,-38.1,-2.159));
#4374 = CARTESIAN_POINT('',(-9.564889778147,4.98E-15,-9.564889778147));
#4375 = B_SPLINE_SURFACE_WITH_KNOTS('',1,1,(
    (#4376,#4377)
    ,(#4378,#4379
    )),.UNSPECIFIED.,.F.,.F.,.F.,(2,2),(2,2),(0.,21.082),(0.,1.),
  .PIECEWISE_BEZIER_KNOTS.);
#4376 = CARTESIAN_POINT('',(-2.159,-38.1,-2.159));
#4377 = CARTESIAN_POINT('',(-9.564889778147,4.98E-15,-9.564889778147));
#4378 = CARTESIAN_POINT('',(-2.159,-38.1,-23.241));
#4379 = CARTESIAN_POINT('',(-9.564889778147,3.59E-15,-15.83511022185));
#4380 = ADVANCED_FACE('',(#4381),#4397,.F.);
#4381 = FACE_BOUND('',#4382,.F.);
#4382 = EDGE_LOOP('',(#4383,#4384,#4391,#4396));
#4383 = ORIENTED_EDGE('',*,*,#4347,.F.);
#4384 = ORIENTED_EDGE('',*,*,#4385,.T.);
#4385 = EDGE_CURVE('',#4341,#4386,#4388,.T.);
#4386 = VERTEX_POINT('',#4387);
#4387 = CARTESIAN_POINT('',(-19.05,-16.53917411906,-6.35));
#4388 = B_SPLINE_CURVE_WITH_KNOTS('',1,(#4389,#4390),.UNSPECIFIED.,.F.,
  .F.,(2,2),(0.,1.),.PIECEWISE_BEZIER_KNOTS.);
#4389 = CARTESIAN_POINT('',(-19.05,-16.53917411906,-19.05));
#4390 = CARTESIAN_POINT('',(-19.05,-16.53917411906,-6.35));
#4391 = ORIENTED_EDGE('',*,*,#4392,.T.);
#4392 = EDGE_CURVE('',#4386,#3339,#4393,.T.);
#4393 = B_SPLINE_CURVE_WITH_KNOTS('',1,(#4394,#4395),.UNSPECIFIED.,.F.,
  .F.,(2,2),(0.,1.),.PIECEWISE_BEZIER_KNOTS.);
#4394 = CARTESIAN_POINT('',(-23.241,-38.1,-2.159));
#4395 = CARTESIAN_POINT('',(-15.83511022185,4.98E-15,-9.564889778147));
#4396 = ORIENTED_EDGE('',*,*,#3346,.F.);
#4397 = B_SPLINE_SURFACE_WITH_KNOTS('',1,1,(
    (#4398,#4399)
    ,(#4400,#4401
    )),.UNSPECIFIED.,.F.,.F.,.F.,(2,2),(2,2),(0.,21.082),(0.,1.),
  .PIECEWISE_BEZIER_KNOTS.);
#4398 = CARTESIAN_POINT('',(-23.241,-38.1,-23.241));
#4399 = CARTESIAN_POINT('',(-15.83511022185,3.59E-15,-15.83511022185));
#4400 = CARTESIAN_POINT('',(-23.241,-38.1,-2.159));
#4401 = CARTESIAN_POINT('',(-15.83511022185,4.98E-15,-9.564889778147));
#4402 = ADVANCED_FACE('',(#4403),#4417,.T.);
#4403 = FACE_BOUND('',#4404,.T.);
#4404 = EDGE_LOOP('',(#4405,#4410,#4411,#4416));
#4405 = ORIENTED_EDGE('',*,*,#4406,.F.);
#4406 = EDGE_CURVE('',#4341,#3297,#4407,.T.);
#4407 = B_SPLINE_CURVE_WITH_KNOTS('',1,(#4408,#4409),.UNSPECIFIED.,.F.,
  .F.,(2,2),(0.,1.),.PIECEWISE_BEZIER_KNOTS.);
#4408 = CARTESIAN_POINT('',(-14.859,-38.1,-23.241));
#4409 = CARTESIAN_POINT('',(-22.26488977814,3.87E-15,-15.83511022185));
#4410 = ORIENTED_EDGE('',*,*,#4385,.T.);
#4411 = ORIENTED_EDGE('',*,*,#4412,.T.);
#4412 = EDGE_CURVE('',#4386,#3305,#4413,.T.);
#4413 = B_SPLINE_CURVE_WITH_KNOTS('',1,(#4414,#4415),.UNSPECIFIED.,.F.,
  .F.,(2,2),(0.,1.),.PIECEWISE_BEZIER_KNOTS.);
#4414 = CARTESIAN_POINT('',(-14.859,-38.1,-2.159));
#4415 = CARTESIAN_POINT('',(-22.26488977814,5.26E-15,-9.564889778147));
#4416 = ORIENTED_EDGE('',*,*,#3304,.F.);
#4417 = B_SPLINE_SURFACE_WITH_KNOTS('',1,1,(
    (#4418,#4419)
    ,(#4420,#4421
    )),.UNSPECIFIED.,.F.,.F.,.F.,(2,2),(2,2),(0.,21.082),(0.,1.),
  .PIECEWISE_BEZIER_KNOTS.);
#4418 = CARTESIAN_POINT('',(-14.859,-38.1,-23.241));
#4419 = CARTESIAN_POINT('',(-22.26488977814,3.87E-15,-15.83511022185));
#4420 = CARTESIAN_POINT('',(-14.859,-38.1,-2.159));
#4421 = CARTESIAN_POINT('',(-22.26488977814,5.26E-15,-9.564889778147));
#4422 = ADVANCED_FACE('',(#4423),#4441,.F.);
#4423 = FACE_BOUND('',#4424,.F.);
#4424 = EDGE_LOOP('',(#4425,#4432,#4438,#4439,#4440));
#4425 = ORIENTED_EDGE('',*,*,#4426,.F.);
#4426 = EDGE_CURVE('',#4427,#4386,#4429,.T.);
#4427 = VERTEX_POINT('',#4428);
#4428 = CARTESIAN_POINT('',(-14.859,-38.1,-2.159));
#4429 = B_SPLINE_CURVE_WITH_KNOTS('',1,(#4430,#4431),.UNSPECIFIED.,.F.,
  .F.,(2,2),(0.,1.),.PIECEWISE_BEZIER_KNOTS.);
#4430 = CARTESIAN_POINT('',(-14.859,-38.1,-2.159));
#4431 = CARTESIAN_POINT('',(-22.26488977814,5.26E-15,-9.564889778147));
#4432 = ORIENTED_EDGE('',*,*,#4433,.T.);
#4433 = EDGE_CURVE('',#4427,#4362,#4434,.T.);
#4434 = LINE('',#4435,#4436);
#4435 = CARTESIAN_POINT('',(-23.241,-38.1,-2.159));
#4436 = VECTOR('',#4437,1.);
#4437 = DIRECTION('',(1.,0.,0.));
#4438 = ORIENTED_EDGE('',*,*,#4371,.T.);
#4439 = ORIENTED_EDGE('',*,*,#3338,.F.);
#4440 = ORIENTED_EDGE('',*,*,#4392,.F.);
#4441 = B_SPLINE_SURFACE_WITH_KNOTS('',1,1,(
    (#4442,#4443)
    ,(#4444,#4445
    )),.UNSPECIFIED.,.F.,.F.,.F.,(2,2),(2,2),(0.,21.082),(0.,1.),
  .PIECEWISE_BEZIER_KNOTS.);
#4442 = CARTESIAN_POINT('',(-23.241,-38.1,-2.159));
#4443 = CARTESIAN_POINT('',(-15.83511022185,4.98E-15,-9.564889778147));
#4444 = CARTESIAN_POINT('',(-2.159,-38.1,-2.159));
#4445 = CARTESIAN_POINT('',(-9.564889778147,4.98E-15,-9.564889778147));
#4446 = ADVANCED_FACE('',(#4447),#4470,.T.);
#4447 = FACE_BOUND('',#4448,.T.);
#4448 = EDGE_LOOP('',(#4449,#4459,#4464,#4465));
#4449 = ORIENTED_EDGE('',*,*,#4450,.T.);
#4450 = EDGE_CURVE('',#4451,#4453,#4455,.T.);
#4451 = VERTEX_POINT('',#4452);
#4452 = CARTESIAN_POINT('',(2.159,-38.1,-2.159));
#4453 = VERTEX_POINT('',#4454);
#4454 = CARTESIAN_POINT('',(2.159,-38.1,-23.241));
#4455 = LINE('',#4456,#4457);
#4456 = CARTESIAN_POINT('',(2.159,-38.1,-2.159));
#4457 = VECTOR('',#4458,1.);
#4458 = DIRECTION('',(0.,0.,-1.));
#4459 = ORIENTED_EDGE('',*,*,#4460,.T.);
#4460 = EDGE_CURVE('',#4453,#3357,#4461,.T.);
#4461 = B_SPLINE_CURVE_WITH_KNOTS('',1,(#4462,#4463),.UNSPECIFIED.,.F.,
  .F.,(2,2),(0.,1.),.PIECEWISE_BEZIER_KNOTS.);
#4462 = CARTESIAN_POINT('',(2.159,-38.1,-23.241));
#4463 = CARTESIAN_POINT('',(9.564889778147,3.87E-15,-15.83511022185));
#4464 = ORIENTED_EDGE('',*,*,#3354,.F.);
#4465 = ORIENTED_EDGE('',*,*,#4466,.F.);
#4466 = EDGE_CURVE('',#4451,#3355,#4467,.T.);
#4467 = B_SPLINE_CURVE_WITH_KNOTS('',1,(#4468,#4469),.UNSPECIFIED.,.F.,
  .F.,(2,2),(0.,1.),.PIECEWISE_BEZIER_KNOTS.);
#4468 = CARTESIAN_POINT('',(2.159,-38.1,-2.159));
#4469 = CARTESIAN_POINT('',(9.564889778147,5.26E-15,-9.564889778147));
#4470 = B_SPLINE_SURFACE_WITH_KNOTS('',1,1,(
    (#4471,#4472)
    ,(#4473,#4474
    )),.UNSPECIFIED.,.F.,.F.,.F.,(2,2),(2,2),(0.,21.082),(0.,1.),
  .PIECEWISE_BEZIER_KNOTS.);
#4471 = CARTESIAN_POINT('',(2.159,-38.1,-2.159));
#4472 = CARTESIAN_POINT('',(9.564889778147,5.26E-15,-9.564889778147));
#4473 = CARTESIAN_POINT('',(2.159,-38.1,-23.241));
#4474 = CARTESIAN_POINT('',(9.564889778147,3.87E-15,-15.83511022185));
#4475 = ADVANCED_FACE('',(#4476),#4500,.T.);
#4476 = FACE_BOUND('',#4477,.T.);
#4477 = EDGE_LOOP('',(#4478,#4487,#4493,#4494,#4495));
#4478 = ORIENTED_EDGE('',*,*,#4479,.F.);
#4479 = EDGE_CURVE('',#4480,#4482,#4484,.T.);
#4480 = VERTEX_POINT('',#4481);
#4481 = CARTESIAN_POINT('',(14.859,-38.1,-2.159));
#4482 = VERTEX_POINT('',#4483);
#4483 = CARTESIAN_POINT('',(19.05,-16.53917411906,-6.35));
#4484 = B_SPLINE_CURVE_WITH_KNOTS('',1,(#4485,#4486),.UNSPECIFIED.,.F.,
  .F.,(2,2),(0.,1.),.PIECEWISE_BEZIER_KNOTS.);
#4485 = CARTESIAN_POINT('',(14.859,-38.1,-2.159));
#4486 = CARTESIAN_POINT('',(22.264889778147,4.98E-15,-9.564889778147));
#4487 = ORIENTED_EDGE('',*,*,#4488,.T.);
#4488 = EDGE_CURVE('',#4480,#4451,#4489,.T.);
#4489 = LINE('',#4490,#4491);
#4490 = CARTESIAN_POINT('',(23.241,-38.1,-2.159));
#4491 = VECTOR('',#4492,1.);
#4492 = DIRECTION('',(-1.,0.,0.));
#4493 = ORIENTED_EDGE('',*,*,#4466,.T.);
#4494 = ORIENTED_EDGE('',*,*,#3380,.F.);
#4495 = ORIENTED_EDGE('',*,*,#4496,.F.);
#4496 = EDGE_CURVE('',#4482,#3373,#4497,.T.);
#4497 = B_SPLINE_CURVE_WITH_KNOTS('',1,(#4498,#4499),.UNSPECIFIED.,.F.,
  .F.,(2,2),(0.,1.),.PIECEWISE_BEZIER_KNOTS.);
#4498 = CARTESIAN_POINT('',(23.241,-38.1,-2.159));
#4499 = CARTESIAN_POINT('',(15.835110221853,5.26E-15,-9.564889778147));
#4500 = B_SPLINE_SURFACE_WITH_KNOTS('',1,1,(
    (#4501,#4502)
    ,(#4503,#4504
    )),.UNSPECIFIED.,.F.,.F.,.F.,(2,2),(2,2),(0.,21.082),(0.,1.),
  .PIECEWISE_BEZIER_KNOTS.);
#4501 = CARTESIAN_POINT('',(23.241,-38.1,-2.159));
#4502 = CARTESIAN_POINT('',(15.835110221853,5.26E-15,-9.564889778147));
#4503 = CARTESIAN_POINT('',(2.159,-38.1,-2.159));
#4504 = CARTESIAN_POINT('',(9.564889778147,5.26E-15,-9.564889778147));
#4505 = ADVANCED_FACE('',(#4506),#4530,.T.);
#4506 = FACE_BOUND('',#4507,.T.);
#4507 = EDGE_LOOP('',(#4508,#4509,#4517,#4524,#4529));
#4508 = ORIENTED_EDGE('',*,*,#4460,.F.);
#4509 = ORIENTED_EDGE('',*,*,#4510,.T.);
#4510 = EDGE_CURVE('',#4453,#4511,#4513,.T.);
#4511 = VERTEX_POINT('',#4512);
#4512 = CARTESIAN_POINT('',(14.859,-38.1,-23.241));
#4513 = LINE('',#4514,#4515);
#4514 = CARTESIAN_POINT('',(2.159,-38.1,-23.241));
#4515 = VECTOR('',#4516,1.);
#4516 = DIRECTION('',(1.,0.,0.));
#4517 = ORIENTED_EDGE('',*,*,#4518,.T.);
#4518 = EDGE_CURVE('',#4511,#4519,#4521,.T.);
#4519 = VERTEX_POINT('',#4520);
#4520 = CARTESIAN_POINT('',(19.05,-16.53917411906,-19.05));
#4521 = B_SPLINE_CURVE_WITH_KNOTS('',1,(#4522,#4523),.UNSPECIFIED.,.F.,
  .F.,(2,2),(0.,1.),.PIECEWISE_BEZIER_KNOTS.);
#4522 = CARTESIAN_POINT('',(14.859,-38.1,-23.241));
#4523 = CARTESIAN_POINT('',(22.264889778147,3.59E-15,-15.83511022185));
#4524 = ORIENTED_EDGE('',*,*,#4525,.T.);
#4525 = EDGE_CURVE('',#4519,#3365,#4526,.T.);
#4526 = B_SPLINE_CURVE_WITH_KNOTS('',1,(#4527,#4528),.UNSPECIFIED.,.F.,
  .F.,(2,2),(0.,1.),.PIECEWISE_BEZIER_KNOTS.);
#4527 = CARTESIAN_POINT('',(23.241,-38.1,-23.241));
#4528 = CARTESIAN_POINT('',(15.835110221853,3.87E-15,-15.83511022185));
#4529 = ORIENTED_EDGE('',*,*,#3364,.F.);
#4530 = B_SPLINE_SURFACE_WITH_KNOTS('',1,1,(
    (#4531,#4532)
    ,(#4533,#4534
    )),.UNSPECIFIED.,.F.,.F.,.F.,(2,2),(2,2),(0.,21.082),(0.,1.),
  .PIECEWISE_BEZIER_KNOTS.);
#4531 = CARTESIAN_POINT('',(2.159,-38.1,-23.241));
#4532 = CARTESIAN_POINT('',(9.564889778147,3.87E-15,-15.83511022185));
#4533 = CARTESIAN_POINT('',(23.241,-38.1,-23.241));
#4534 = CARTESIAN_POINT('',(15.835110221853,3.87E-15,-15.83511022185));
#4535 = ADVANCED_FACE('',(#4536),#4546,.T.);
#4536 = FACE_BOUND('',#4537,.T.);
#4537 = EDGE_LOOP('',(#4538,#4539,#4544,#4545));
#4538 = ORIENTED_EDGE('',*,*,#4525,.F.);
#4539 = ORIENTED_EDGE('',*,*,#4540,.F.);
#4540 = EDGE_CURVE('',#4482,#4519,#4541,.T.);
#4541 = B_SPLINE_CURVE_WITH_KNOTS('',1,(#4542,#4543),.UNSPECIFIED.,.F.,
  .F.,(2,2),(0.,1.),.PIECEWISE_BEZIER_KNOTS.);
#4542 = CARTESIAN_POINT('',(19.05,-16.53917411906,-6.35));
#4543 = CARTESIAN_POINT('',(19.05,-16.53917411906,-19.05));
#4544 = ORIENTED_EDGE('',*,*,#4496,.T.);
#4545 = ORIENTED_EDGE('',*,*,#3372,.F.);
#4546 = B_SPLINE_SURFACE_WITH_KNOTS('',1,1,(
    (#4547,#4548)
    ,(#4549,#4550
    )),.UNSPECIFIED.,.F.,.F.,.F.,(2,2),(2,2),(0.,21.082),(0.,1.),
  .PIECEWISE_BEZIER_KNOTS.);
#4547 = CARTESIAN_POINT('',(23.241,-38.1,-23.241));
#4548 = CARTESIAN_POINT('',(15.835110221853,3.87E-15,-15.83511022185));
#4549 = CARTESIAN_POINT('',(23.241,-38.1,-2.159));
#4550 = CARTESIAN_POINT('',(15.835110221853,5.26E-15,-9.564889778147));
#4551 = ADVANCED_FACE('',(#4552),#4566,.F.);
#4552 = FACE_BOUND('',#4553,.F.);
#4553 = EDGE_LOOP('',(#4554,#4559,#4560,#4565));
#4554 = ORIENTED_EDGE('',*,*,#4555,.F.);
#4555 = EDGE_CURVE('',#4519,#3391,#4556,.T.);
#4556 = B_SPLINE_CURVE_WITH_KNOTS('',1,(#4557,#4558),.UNSPECIFIED.,.F.,
  .F.,(2,2),(0.,1.),.PIECEWISE_BEZIER_KNOTS.);
#4557 = CARTESIAN_POINT('',(14.859,-38.1,-23.241));
#4558 = CARTESIAN_POINT('',(22.264889778147,3.59E-15,-15.83511022185));
#4559 = ORIENTED_EDGE('',*,*,#4540,.F.);
#4560 = ORIENTED_EDGE('',*,*,#4561,.T.);
#4561 = EDGE_CURVE('',#4482,#3407,#4562,.T.);
#4562 = B_SPLINE_CURVE_WITH_KNOTS('',1,(#4563,#4564),.UNSPECIFIED.,.F.,
  .F.,(2,2),(0.,1.),.PIECEWISE_BEZIER_KNOTS.);
#4563 = CARTESIAN_POINT('',(14.859,-38.1,-2.159));
#4564 = CARTESIAN_POINT('',(22.264889778147,4.98E-15,-9.564889778147));
#4565 = ORIENTED_EDGE('',*,*,#3414,.F.);
#4566 = B_SPLINE_SURFACE_WITH_KNOTS('',1,1,(
    (#4567,#4568)
    ,(#4569,#4570
    )),.UNSPECIFIED.,.F.,.F.,.F.,(2,2),(2,2),(0.,21.082),(0.,1.),
  .PIECEWISE_BEZIER_KNOTS.);
#4567 = CARTESIAN_POINT('',(14.859,-38.1,-23.241));
#4568 = CARTESIAN_POINT('',(22.264889778147,3.59E-15,-15.83511022185));
#4569 = CARTESIAN_POINT('',(14.859,-38.1,-2.159));
#4570 = CARTESIAN_POINT('',(22.264889778147,4.98E-15,-9.564889778147));
#4571 = ADVANCED_FACE('',(#4572),#4595,.F.);
#4572 = FACE_BOUND('',#4573,.F.);
#4573 = EDGE_LOOP('',(#4574,#4584,#4589,#4590));
#4574 = ORIENTED_EDGE('',*,*,#4575,.T.);
#4575 = EDGE_CURVE('',#4576,#4578,#4580,.T.);
#4576 = VERTEX_POINT('',#4577);
#4577 = CARTESIAN_POINT('',(35.941,-38.1,-2.159));
#4578 = VERTEX_POINT('',#4579);
#4579 = CARTESIAN_POINT('',(35.941,-38.1,-23.241));
#4580 = LINE('',#4581,#4582);
#4581 = CARTESIAN_POINT('',(35.941,-38.1,-2.159));
#4582 = VECTOR('',#4583,1.);
#4583 = DIRECTION('',(-0.,0.,-1.));
#4584 = ORIENTED_EDGE('',*,*,#4585,.T.);
#4585 = EDGE_CURVE('',#4578,#3389,#4586,.T.);
#4586 = B_SPLINE_CURVE_WITH_KNOTS('',1,(#4587,#4588),.UNSPECIFIED.,.F.,
  .F.,(2,2),(0.,1.),.PIECEWISE_BEZIER_KNOTS.);
#4587 = CARTESIAN_POINT('',(35.941,-38.1,-23.241));
#4588 = CARTESIAN_POINT('',(28.535110221853,3.59E-15,-15.83511022185));
#4589 = ORIENTED_EDGE('',*,*,#3398,.F.);
#4590 = ORIENTED_EDGE('',*,*,#4591,.F.);
#4591 = EDGE_CURVE('',#4576,#3399,#4592,.T.);
#4592 = B_SPLINE_CURVE_WITH_KNOTS('',1,(#4593,#4594),.UNSPECIFIED.,.F.,
  .F.,(2,2),(0.,1.),.PIECEWISE_BEZIER_KNOTS.);
#4593 = CARTESIAN_POINT('',(35.941,-38.1,-2.159));
#4594 = CARTESIAN_POINT('',(28.535110221853,4.98E-15,-9.564889778147));
#4595 = B_SPLINE_SURFACE_WITH_KNOTS('',1,1,(
    (#4596,#4597)
    ,(#4598,#4599
    )),.UNSPECIFIED.,.F.,.F.,.F.,(2,2),(2,2),(0.,21.082),(0.,1.),
  .PIECEWISE_BEZIER_KNOTS.);
#4596 = CARTESIAN_POINT('',(35.941,-38.1,-2.159));
#4597 = CARTESIAN_POINT('',(28.535110221853,4.98E-15,-9.564889778147));
#4598 = CARTESIAN_POINT('',(35.941,-38.1,-23.241));
#4599 = CARTESIAN_POINT('',(28.535110221853,3.59E-15,-15.83511022185));
#4600 = ADVANCED_FACE('',(#4601),#4624,.T.);
#4601 = FACE_BOUND('',#4602,.T.);
#4602 = EDGE_LOOP('',(#4603,#4613,#4618,#4619));
#4603 = ORIENTED_EDGE('',*,*,#4604,.T.);
#4604 = EDGE_CURVE('',#4605,#4607,#4609,.T.);
#4605 = VERTEX_POINT('',#4606);
#4606 = CARTESIAN_POINT('',(-35.941,-38.1,-27.559));
#4607 = VERTEX_POINT('',#4608);
#4608 = CARTESIAN_POINT('',(-35.941,-38.1,-48.641));
#4609 = LINE('',#4610,#4611);
#4610 = CARTESIAN_POINT('',(-35.941,-38.1,-27.559));
#4611 = VECTOR('',#4612,1.);
#4612 = DIRECTION('',(0.,0.,-1.));
#4613 = ORIENTED_EDGE('',*,*,#4614,.T.);
#4614 = EDGE_CURVE('',#4607,#3425,#4615,.T.);
#4615 = B_SPLINE_CURVE_WITH_KNOTS('',1,(#4616,#4617),.UNSPECIFIED.,.F.,
  .F.,(2,2),(0.,1.),.PIECEWISE_BEZIER_KNOTS.);
#4616 = CARTESIAN_POINT('',(-35.941,-38.1,-48.641));
#4617 = CARTESIAN_POINT('',(-28.53511022185,-2.13E-15,-41.23511022185));
#4618 = ORIENTED_EDGE('',*,*,#3422,.F.);
#4619 = ORIENTED_EDGE('',*,*,#4620,.F.);
#4620 = EDGE_CURVE('',#4605,#3423,#4621,.T.);
#4621 = B_SPLINE_CURVE_WITH_KNOTS('',1,(#4622,#4623),.UNSPECIFIED.,.F.,
  .F.,(2,2),(0.,1.),.PIECEWISE_BEZIER_KNOTS.);
#4622 = CARTESIAN_POINT('',(-35.941,-38.1,-27.559));
#4623 = CARTESIAN_POINT('',(-28.53511022185,-7.4E-16,-34.96488977814));
#4624 = B_SPLINE_SURFACE_WITH_KNOTS('',1,1,(
    (#4625,#4626)
    ,(#4627,#4628
    )),.UNSPECIFIED.,.F.,.F.,.F.,(2,2),(2,2),(0.,21.082),(0.,1.),
  .PIECEWISE_BEZIER_KNOTS.);
#4625 = CARTESIAN_POINT('',(-35.941,-38.1,-27.559));
#4626 = CARTESIAN_POINT('',(-28.53511022185,-7.4E-16,-34.96488977814));
#4627 = CARTESIAN_POINT('',(-35.941,-38.1,-48.641));
#4628 = CARTESIAN_POINT('',(-28.53511022185,-2.13E-15,-41.23511022185));
#4629 = ADVANCED_FACE('',(#4630),#4660,.F.);
#4630 = FACE_BOUND('',#4631,.F.);
#4631 = EDGE_LOOP('',(#4632,#4639,#4647,#4654,#4659));
#4632 = ORIENTED_EDGE('',*,*,#4633,.F.);
#4633 = EDGE_CURVE('',#4634,#3457,#4636,.T.);
#4634 = VERTEX_POINT('',#4635);
#4635 = CARTESIAN_POINT('',(-2.159,-38.1,-48.641));
#4636 = B_SPLINE_CURVE_WITH_KNOTS('',1,(#4637,#4638),.UNSPECIFIED.,.F.,
  .F.,(2,2),(0.,1.),.PIECEWISE_BEZIER_KNOTS.);
#4637 = CARTESIAN_POINT('',(-2.159,-38.1,-48.641));
#4638 = CARTESIAN_POINT('',(-9.564889778147,-2.05E-15,-41.23511022185));
#4639 = ORIENTED_EDGE('',*,*,#4640,.T.);
#4640 = EDGE_CURVE('',#4634,#4641,#4643,.T.);
#4641 = VERTEX_POINT('',#4642);
#4642 = CARTESIAN_POINT('',(-14.859,-38.1,-48.641));
#4643 = LINE('',#4644,#4645);
#4644 = CARTESIAN_POINT('',(-2.159,-38.1,-48.641));
#4645 = VECTOR('',#4646,1.);
#4646 = DIRECTION('',(-1.,0.,-0.));
#4647 = ORIENTED_EDGE('',*,*,#4648,.T.);
#4648 = EDGE_CURVE('',#4641,#4649,#4651,.T.);
#4649 = VERTEX_POINT('',#4650);
#4650 = CARTESIAN_POINT('',(-19.05,-16.53917411906,-44.45));
#4651 = B_SPLINE_CURVE_WITH_KNOTS('',1,(#4652,#4653),.UNSPECIFIED.,.F.,
  .F.,(2,2),(0.,1.),.PIECEWISE_BEZIER_KNOTS.);
#4652 = CARTESIAN_POINT('',(-14.859,-38.1,-48.641));
#4653 = CARTESIAN_POINT('',(-22.26488977814,-2.13E-15,-41.23511022185));
#4654 = ORIENTED_EDGE('',*,*,#4655,.T.);
#4655 = EDGE_CURVE('',#4649,#3459,#4656,.T.);
#4656 = B_SPLINE_CURVE_WITH_KNOTS('',1,(#4657,#4658),.UNSPECIFIED.,.F.,
  .F.,(2,2),(0.,1.),.PIECEWISE_BEZIER_KNOTS.);
#4657 = CARTESIAN_POINT('',(-23.241,-38.1,-48.641));
#4658 = CARTESIAN_POINT('',(-15.83511022185,-2.05E-15,-41.23511022185));
#4659 = ORIENTED_EDGE('',*,*,#3456,.F.);
#4660 = B_SPLINE_SURFACE_WITH_KNOTS('',1,1,(
    (#4661,#4662)
    ,(#4663,#4664
    )),.UNSPECIFIED.,.F.,.F.,.F.,(2,2),(2,2),(0.,21.082),(0.,1.),
  .PIECEWISE_BEZIER_KNOTS.);
#4661 = CARTESIAN_POINT('',(-2.159,-38.1,-48.641));
#4662 = CARTESIAN_POINT('',(-9.564889778147,-2.05E-15,-41.23511022185));
#4663 = CARTESIAN_POINT('',(-23.241,-38.1,-48.641));
#4664 = CARTESIAN_POINT('',(-15.83511022185,-2.05E-15,-41.23511022185));
#4665 = ADVANCED_FACE('',(#4666),#4683,.F.);
#4666 = FACE_BOUND('',#4667,.F.);
#4667 = EDGE_LOOP('',(#4668,#4676,#4677,#4678));
#4668 = ORIENTED_EDGE('',*,*,#4669,.T.);
#4669 = EDGE_CURVE('',#4670,#4634,#4672,.T.);
#4670 = VERTEX_POINT('',#4671);
#4671 = CARTESIAN_POINT('',(-2.159,-38.1,-27.559));
#4672 = LINE('',#4673,#4674);
#4673 = CARTESIAN_POINT('',(-2.159,-38.1,-27.559));
#4674 = VECTOR('',#4675,1.);
#4675 = DIRECTION('',(-0.,0.,-1.));
#4676 = ORIENTED_EDGE('',*,*,#4633,.T.);
#4677 = ORIENTED_EDGE('',*,*,#3466,.F.);
#4678 = ORIENTED_EDGE('',*,*,#4679,.F.);
#4679 = EDGE_CURVE('',#4670,#3467,#4680,.T.);
#4680 = B_SPLINE_CURVE_WITH_KNOTS('',1,(#4681,#4682),.UNSPECIFIED.,.F.,
  .F.,(2,2),(0.,1.),.PIECEWISE_BEZIER_KNOTS.);
#4681 = CARTESIAN_POINT('',(-2.159,-38.1,-27.559));
#4682 = CARTESIAN_POINT('',(-9.564889778147,-6.6E-16,-34.96488977814));
#4683 = B_SPLINE_SURFACE_WITH_KNOTS('',1,1,(
    (#4684,#4685)
    ,(#4686,#4687
    )),.UNSPECIFIED.,.F.,.F.,.F.,(2,2),(2,2),(0.,21.082),(0.,1.),
  .PIECEWISE_BEZIER_KNOTS.);
#4684 = CARTESIAN_POINT('',(-2.159,-38.1,-27.559));
#4685 = CARTESIAN_POINT('',(-9.564889778147,-6.6E-16,-34.96488977814));
#4686 = CARTESIAN_POINT('',(-2.159,-38.1,-48.641));
#4687 = CARTESIAN_POINT('',(-9.564889778147,-2.05E-15,-41.23511022185));
#4688 = ADVANCED_FACE('',(#4689),#4705,.F.);
#4689 = FACE_BOUND('',#4690,.F.);
#4690 = EDGE_LOOP('',(#4691,#4692,#4699,#4704));
#4691 = ORIENTED_EDGE('',*,*,#4655,.F.);
#4692 = ORIENTED_EDGE('',*,*,#4693,.T.);
#4693 = EDGE_CURVE('',#4649,#4694,#4696,.T.);
#4694 = VERTEX_POINT('',#4695);
#4695 = CARTESIAN_POINT('',(-19.05,-16.53917411906,-31.75));
#4696 = B_SPLINE_CURVE_WITH_KNOTS('',1,(#4697,#4698),.UNSPECIFIED.,.F.,
  .F.,(2,2),(0.,1.),.PIECEWISE_BEZIER_KNOTS.);
#4697 = CARTESIAN_POINT('',(-19.05,-16.53917411906,-44.45));
#4698 = CARTESIAN_POINT('',(-19.05,-16.53917411906,-31.75));
#4699 = ORIENTED_EDGE('',*,*,#4700,.T.);
#4700 = EDGE_CURVE('',#4694,#3475,#4701,.T.);
#4701 = B_SPLINE_CURVE_WITH_KNOTS('',1,(#4702,#4703),.UNSPECIFIED.,.F.,
  .F.,(2,2),(0.,1.),.PIECEWISE_BEZIER_KNOTS.);
#4702 = CARTESIAN_POINT('',(-23.241,-38.1,-27.559));
#4703 = CARTESIAN_POINT('',(-15.83511022185,-6.6E-16,-34.96488977814));
#4704 = ORIENTED_EDGE('',*,*,#3482,.F.);
#4705 = B_SPLINE_SURFACE_WITH_KNOTS('',1,1,(
    (#4706,#4707)
    ,(#4708,#4709
    )),.UNSPECIFIED.,.F.,.F.,.F.,(2,2),(2,2),(0.,21.082),(0.,1.),
  .PIECEWISE_BEZIER_KNOTS.);
#4706 = CARTESIAN_POINT('',(-23.241,-38.1,-48.641));
#4707 = CARTESIAN_POINT('',(-15.83511022185,-2.05E-15,-41.23511022185));
#4708 = CARTESIAN_POINT('',(-23.241,-38.1,-27.559));
#4709 = CARTESIAN_POINT('',(-15.83511022185,-6.6E-16,-34.96488977814));
#4710 = ADVANCED_FACE('',(#4711),#4725,.T.);
#4711 = FACE_BOUND('',#4712,.T.);
#4712 = EDGE_LOOP('',(#4713,#4718,#4719,#4724));
#4713 = ORIENTED_EDGE('',*,*,#4714,.F.);
#4714 = EDGE_CURVE('',#4649,#3433,#4715,.T.);
#4715 = B_SPLINE_CURVE_WITH_KNOTS('',1,(#4716,#4717),.UNSPECIFIED.,.F.,
  .F.,(2,2),(0.,1.),.PIECEWISE_BEZIER_KNOTS.);
#4716 = CARTESIAN_POINT('',(-14.859,-38.1,-48.641));
#4717 = CARTESIAN_POINT('',(-22.26488977814,-2.13E-15,-41.23511022185));
#4718 = ORIENTED_EDGE('',*,*,#4693,.T.);
#4719 = ORIENTED_EDGE('',*,*,#4720,.T.);
#4720 = EDGE_CURVE('',#4694,#3441,#4721,.T.);
#4721 = B_SPLINE_CURVE_WITH_KNOTS('',1,(#4722,#4723),.UNSPECIFIED.,.F.,
  .F.,(2,2),(0.,1.),.PIECEWISE_BEZIER_KNOTS.);
#4722 = CARTESIAN_POINT('',(-14.859,-38.1,-27.559));
#4723 = CARTESIAN_POINT('',(-22.26488977814,-7.4E-16,-34.96488977814));
#4724 = ORIENTED_EDGE('',*,*,#3440,.F.);
#4725 = B_SPLINE_SURFACE_WITH_KNOTS('',1,1,(
    (#4726,#4727)
    ,(#4728,#4729
    )),.UNSPECIFIED.,.F.,.F.,.F.,(2,2),(2,2),(0.,21.082),(0.,1.),
  .PIECEWISE_BEZIER_KNOTS.);
#4726 = CARTESIAN_POINT('',(-14.859,-38.1,-48.641));
#4727 = CARTESIAN_POINT('',(-22.26488977814,-2.13E-15,-41.23511022185));
#4728 = CARTESIAN_POINT('',(-14.859,-38.1,-27.559));
#4729 = CARTESIAN_POINT('',(-22.26488977814,-7.4E-16,-34.96488977814));
#4730 = ADVANCED_FACE('',(#4731),#4749,.F.);
#4731 = FACE_BOUND('',#4732,.F.);
#4732 = EDGE_LOOP('',(#4733,#4740,#4746,#4747,#4748));
#4733 = ORIENTED_EDGE('',*,*,#4734,.F.);
#4734 = EDGE_CURVE('',#4735,#4694,#4737,.T.);
#4735 = VERTEX_POINT('',#4736);
#4736 = CARTESIAN_POINT('',(-14.859,-38.1,-27.559));
#4737 = B_SPLINE_CURVE_WITH_KNOTS('',1,(#4738,#4739),.UNSPECIFIED.,.F.,
  .F.,(2,2),(0.,1.),.PIECEWISE_BEZIER_KNOTS.);
#4738 = CARTESIAN_POINT('',(-14.859,-38.1,-27.559));
#4739 = CARTESIAN_POINT('',(-22.26488977814,-7.4E-16,-34.96488977814));
#4740 = ORIENTED_EDGE('',*,*,#4741,.T.);
#4741 = EDGE_CURVE('',#4735,#4670,#4742,.T.);
#4742 = LINE('',#4743,#4744);
#4743 = CARTESIAN_POINT('',(-23.241,-38.1,-27.559));
#4744 = VECTOR('',#4745,1.);
#4745 = DIRECTION('',(1.,0.,0.));
#4746 = ORIENTED_EDGE('',*,*,#4679,.T.);
#4747 = ORIENTED_EDGE('',*,*,#3474,.F.);
#4748 = ORIENTED_EDGE('',*,*,#4700,.F.);
#4749 = B_SPLINE_SURFACE_WITH_KNOTS('',1,1,(
    (#4750,#4751)
    ,(#4752,#4753
    )),.UNSPECIFIED.,.F.,.F.,.F.,(2,2),(2,2),(0.,21.082),(0.,1.),
  .PIECEWISE_BEZIER_KNOTS.);
#4750 = CARTESIAN_POINT('',(-23.241,-38.1,-27.559));
#4751 = CARTESIAN_POINT('',(-15.83511022185,-6.6E-16,-34.96488977814));
#4752 = CARTESIAN_POINT('',(-2.159,-38.1,-27.559));
#4753 = CARTESIAN_POINT('',(-9.564889778147,-6.6E-16,-34.96488977814));
#4754 = ADVANCED_FACE('',(#4755),#4778,.T.);
#4755 = FACE_BOUND('',#4756,.T.);
#4756 = EDGE_LOOP('',(#4757,#4767,#4772,#4773));
#4757 = ORIENTED_EDGE('',*,*,#4758,.T.);
#4758 = EDGE_CURVE('',#4759,#4761,#4763,.T.);
#4759 = VERTEX_POINT('',#4760);
#4760 = CARTESIAN_POINT('',(2.159,-38.1,-27.559));
#4761 = VERTEX_POINT('',#4762);
#4762 = CARTESIAN_POINT('',(2.159,-38.1,-48.641));
#4763 = LINE('',#4764,#4765);
#4764 = CARTESIAN_POINT('',(2.159,-38.1,-27.559));
#4765 = VECTOR('',#4766,1.);
#4766 = DIRECTION('',(0.,0.,-1.));
#4767 = ORIENTED_EDGE('',*,*,#4768,.T.);
#4768 = EDGE_CURVE('',#4761,#3493,#4769,.T.);
#4769 = B_SPLINE_CURVE_WITH_KNOTS('',1,(#4770,#4771),.UNSPECIFIED.,.F.,
  .F.,(2,2),(0.,1.),.PIECEWISE_BEZIER_KNOTS.);
#4770 = CARTESIAN_POINT('',(2.159,-38.1,-48.641));
#4771 = CARTESIAN_POINT('',(9.564889778147,-2.13E-15,-41.23511022185));
#4772 = ORIENTED_EDGE('',*,*,#3490,.F.);
#4773 = ORIENTED_EDGE('',*,*,#4774,.F.);
#4774 = EDGE_CURVE('',#4759,#3491,#4775,.T.);
#4775 = B_SPLINE_CURVE_WITH_KNOTS('',1,(#4776,#4777),.UNSPECIFIED.,.F.,
  .F.,(2,2),(0.,1.),.PIECEWISE_BEZIER_KNOTS.);
#4776 = CARTESIAN_POINT('',(2.159,-38.1,-27.559));
#4777 = CARTESIAN_POINT('',(9.564889778147,-7.4E-16,-34.96488977814));
#4778 = B_SPLINE_SURFACE_WITH_KNOTS('',1,1,(
    (#4779,#4780)
    ,(#4781,#4782
    )),.UNSPECIFIED.,.F.,.F.,.F.,(2,2),(2,2),(0.,21.082),(0.,1.),
  .PIECEWISE_BEZIER_KNOTS.);
#4779 = CARTESIAN_POINT('',(2.159,-38.1,-27.559));
#4780 = CARTESIAN_POINT('',(9.564889778147,-7.4E-16,-34.96488977814));
#4781 = CARTESIAN_POINT('',(2.159,-38.1,-48.641));
#4782 = CARTESIAN_POINT('',(9.564889778147,-2.13E-15,-41.23511022185));
#4783 = ADVANCED_FACE('',(#4784),#4808,.T.);
#4784 = FACE_BOUND('',#4785,.T.);
#4785 = EDGE_LOOP('',(#4786,#4795,#4801,#4802,#4803));
#4786 = ORIENTED_EDGE('',*,*,#4787,.F.);
#4787 = EDGE_CURVE('',#4788,#4790,#4792,.T.);
#4788 = VERTEX_POINT('',#4789);
#4789 = CARTESIAN_POINT('',(14.859,-38.1,-27.559));
#4790 = VERTEX_POINT('',#4791);
#4791 = CARTESIAN_POINT('',(19.05,-16.53917411906,-31.75));
#4792 = B_SPLINE_CURVE_WITH_KNOTS('',1,(#4793,#4794),.UNSPECIFIED.,.F.,
  .F.,(2,2),(0.,1.),.PIECEWISE_BEZIER_KNOTS.);
#4793 = CARTESIAN_POINT('',(14.859,-38.1,-27.559));
#4794 = CARTESIAN_POINT('',(22.264889778147,-6.6E-16,-34.96488977814));
#4795 = ORIENTED_EDGE('',*,*,#4796,.T.);
#4796 = EDGE_CURVE('',#4788,#4759,#4797,.T.);
#4797 = LINE('',#4798,#4799);
#4798 = CARTESIAN_POINT('',(23.241,-38.1,-27.559));
#4799 = VECTOR('',#4800,1.);
#4800 = DIRECTION('',(-1.,0.,0.));
#4801 = ORIENTED_EDGE('',*,*,#4774,.T.);
#4802 = ORIENTED_EDGE('',*,*,#3516,.F.);
#4803 = ORIENTED_EDGE('',*,*,#4804,.F.);
#4804 = EDGE_CURVE('',#4790,#3509,#4805,.T.);
#4805 = B_SPLINE_CURVE_WITH_KNOTS('',1,(#4806,#4807),.UNSPECIFIED.,.F.,
  .F.,(2,2),(0.,1.),.PIECEWISE_BEZIER_KNOTS.);
#4806 = CARTESIAN_POINT('',(23.241,-38.1,-27.559));
#4807 = CARTESIAN_POINT('',(15.835110221853,-7.4E-16,-34.96488977814));
#4808 = B_SPLINE_SURFACE_WITH_KNOTS('',1,1,(
    (#4809,#4810)
    ,(#4811,#4812
    )),.UNSPECIFIED.,.F.,.F.,.F.,(2,2),(2,2),(0.,21.082),(0.,1.),
  .PIECEWISE_BEZIER_KNOTS.);
#4809 = CARTESIAN_POINT('',(23.241,-38.1,-27.559));
#4810 = CARTESIAN_POINT('',(15.835110221853,-7.4E-16,-34.96488977814));
#4811 = CARTESIAN_POINT('',(2.159,-38.1,-27.559));
#4812 = CARTESIAN_POINT('',(9.564889778147,-7.4E-16,-34.96488977814));
#4813 = ADVANCED_FACE('',(#4814),#4838,.T.);
#4814 = FACE_BOUND('',#4815,.T.);
#4815 = EDGE_LOOP('',(#4816,#4817,#4825,#4832,#4837));
#4816 = ORIENTED_EDGE('',*,*,#4768,.F.);
#4817 = ORIENTED_EDGE('',*,*,#4818,.T.);
#4818 = EDGE_CURVE('',#4761,#4819,#4821,.T.);
#4819 = VERTEX_POINT('',#4820);
#4820 = CARTESIAN_POINT('',(14.859,-38.1,-48.641));
#4821 = LINE('',#4822,#4823);
#4822 = CARTESIAN_POINT('',(2.159,-38.1,-48.641));
#4823 = VECTOR('',#4824,1.);
#4824 = DIRECTION('',(1.,0.,0.));
#4825 = ORIENTED_EDGE('',*,*,#4826,.T.);
#4826 = EDGE_CURVE('',#4819,#4827,#4829,.T.);
#4827 = VERTEX_POINT('',#4828);
#4828 = CARTESIAN_POINT('',(19.05,-16.53917411906,-44.45));
#4829 = B_SPLINE_CURVE_WITH_KNOTS('',1,(#4830,#4831),.UNSPECIFIED.,.F.,
  .F.,(2,2),(0.,1.),.PIECEWISE_BEZIER_KNOTS.);
#4830 = CARTESIAN_POINT('',(14.859,-38.1,-48.641));
#4831 = CARTESIAN_POINT('',(22.264889778147,-2.05E-15,-41.23511022185));
#4832 = ORIENTED_EDGE('',*,*,#4833,.T.);
#4833 = EDGE_CURVE('',#4827,#3501,#4834,.T.);
#4834 = B_SPLINE_CURVE_WITH_KNOTS('',1,(#4835,#4836),.UNSPECIFIED.,.F.,
  .F.,(2,2),(0.,1.),.PIECEWISE_BEZIER_KNOTS.);
#4835 = CARTESIAN_POINT('',(23.241,-38.1,-48.641));
#4836 = CARTESIAN_POINT('',(15.835110221853,-2.13E-15,-41.23511022185));
#4837 = ORIENTED_EDGE('',*,*,#3500,.F.);
#4838 = B_SPLINE_SURFACE_WITH_KNOTS('',1,1,(
    (#4839,#4840)
    ,(#4841,#4842
    )),.UNSPECIFIED.,.F.,.F.,.F.,(2,2),(2,2),(0.,21.082),(0.,1.),
  .PIECEWISE_BEZIER_KNOTS.);
#4839 = CARTESIAN_POINT('',(2.159,-38.1,-48.641));
#4840 = CARTESIAN_POINT('',(9.564889778147,-2.13E-15,-41.23511022185));
#4841 = CARTESIAN_POINT('',(23.241,-38.1,-48.641));
#4842 = CARTESIAN_POINT('',(15.835110221853,-2.13E-15,-41.23511022185));
#4843 = ADVANCED_FACE('',(#4844),#4854,.T.);
#4844 = FACE_BOUND('',#4845,.T.);
#4845 = EDGE_LOOP('',(#4846,#4847,#4852,#4853));
#4846 = ORIENTED_EDGE('',*,*,#4833,.F.);
#4847 = ORIENTED_EDGE('',*,*,#4848,.F.);
#4848 = EDGE_CURVE('',#4790,#4827,#4849,.T.);
#4849 = B_SPLINE_CURVE_WITH_KNOTS('',1,(#4850,#4851),.UNSPECIFIED.,.F.,
  .F.,(2,2),(0.,1.),.PIECEWISE_BEZIER_KNOTS.);
#4850 = CARTESIAN_POINT('',(19.05,-16.53917411906,-31.75));
#4851 = CARTESIAN_POINT('',(19.05,-16.53917411906,-44.45));
#4852 = ORIENTED_EDGE('',*,*,#4804,.T.);
#4853 = ORIENTED_EDGE('',*,*,#3508,.F.);
#4854 = B_SPLINE_SURFACE_WITH_KNOTS('',1,1,(
    (#4855,#4856)
    ,(#4857,#4858
    )),.UNSPECIFIED.,.F.,.F.,.F.,(2,2),(2,2),(0.,21.082),(0.,1.),
  .PIECEWISE_BEZIER_KNOTS.);
#4855 = CARTESIAN_POINT('',(23.241,-38.1,-48.641));
#4856 = CARTESIAN_POINT('',(15.835110221853,-2.13E-15,-41.23511022185));
#4857 = CARTESIAN_POINT('',(23.241,-38.1,-27.559));
#4858 = CARTESIAN_POINT('',(15.835110221853,-7.4E-16,-34.96488977814));
#4859 = ADVANCED_FACE('',(#4860),#4874,.F.);
#4860 = FACE_BOUND('',#4861,.F.);
#4861 = EDGE_LOOP('',(#4862,#4867,#4868,#4873));
#4862 = ORIENTED_EDGE('',*,*,#4863,.F.);
#4863 = EDGE_CURVE('',#4827,#3527,#4864,.T.);
#4864 = B_SPLINE_CURVE_WITH_KNOTS('',1,(#4865,#4866),.UNSPECIFIED.,.F.,
  .F.,(2,2),(0.,1.),.PIECEWISE_BEZIER_KNOTS.);
#4865 = CARTESIAN_POINT('',(14.859,-38.1,-48.641));
#4866 = CARTESIAN_POINT('',(22.264889778147,-2.05E-15,-41.23511022185));
#4867 = ORIENTED_EDGE('',*,*,#4848,.F.);
#4868 = ORIENTED_EDGE('',*,*,#4869,.T.);
#4869 = EDGE_CURVE('',#4790,#3543,#4870,.T.);
#4870 = B_SPLINE_CURVE_WITH_KNOTS('',1,(#4871,#4872),.UNSPECIFIED.,.F.,
  .F.,(2,2),(0.,1.),.PIECEWISE_BEZIER_KNOTS.);
#4871 = CARTESIAN_POINT('',(14.859,-38.1,-27.559));
#4872 = CARTESIAN_POINT('',(22.264889778147,-6.6E-16,-34.96488977814));
#4873 = ORIENTED_EDGE('',*,*,#3550,.F.);
#4874 = B_SPLINE_SURFACE_WITH_KNOTS('',1,1,(
    (#4875,#4876)
    ,(#4877,#4878
    )),.UNSPECIFIED.,.F.,.F.,.F.,(2,2),(2,2),(0.,21.082),(0.,1.),
  .PIECEWISE_BEZIER_KNOTS.);
#4875 = CARTESIAN_POINT('',(14.859,-38.1,-48.641));
#4876 = CARTESIAN_POINT('',(22.264889778147,-2.05E-15,-41.23511022185));
#4877 = CARTESIAN_POINT('',(14.859,-38.1,-27.559));
#4878 = CARTESIAN_POINT('',(22.264889778147,-6.6E-16,-34.96488977814));
#4879 = ADVANCED_FACE('',(#4880),#4903,.F.);
#4880 = FACE_BOUND('',#4881,.F.);
#4881 = EDGE_LOOP('',(#4882,#4892,#4897,#4898));
#4882 = ORIENTED_EDGE('',*,*,#4883,.T.);
#4883 = EDGE_CURVE('',#4884,#4886,#4888,.T.);
#4884 = VERTEX_POINT('',#4885);
#4885 = CARTESIAN_POINT('',(35.941,-38.1,-27.559));
#4886 = VERTEX_POINT('',#4887);
#4887 = CARTESIAN_POINT('',(35.941,-38.1,-48.641));
#4888 = LINE('',#4889,#4890);
#4889 = CARTESIAN_POINT('',(35.941,-38.1,-27.559));
#4890 = VECTOR('',#4891,1.);
#4891 = DIRECTION('',(-0.,0.,-1.));
#4892 = ORIENTED_EDGE('',*,*,#4893,.T.);
#4893 = EDGE_CURVE('',#4886,#3525,#4894,.T.);
#4894 = B_SPLINE_CURVE_WITH_KNOTS('',1,(#4895,#4896),.UNSPECIFIED.,.F.,
  .F.,(2,2),(0.,1.),.PIECEWISE_BEZIER_KNOTS.);
#4895 = CARTESIAN_POINT('',(35.941,-38.1,-48.641));
#4896 = CARTESIAN_POINT('',(28.535110221853,-2.05E-15,-41.23511022185));
#4897 = ORIENTED_EDGE('',*,*,#3534,.F.);
#4898 = ORIENTED_EDGE('',*,*,#4899,.F.);
#4899 = EDGE_CURVE('',#4884,#3535,#4900,.T.);
#4900 = B_SPLINE_CURVE_WITH_KNOTS('',1,(#4901,#4902),.UNSPECIFIED.,.F.,
  .F.,(2,2),(0.,1.),.PIECEWISE_BEZIER_KNOTS.);
#4901 = CARTESIAN_POINT('',(35.941,-38.1,-27.559));
#4902 = CARTESIAN_POINT('',(28.535110221853,-6.6E-16,-34.96488977814));
#4903 = B_SPLINE_SURFACE_WITH_KNOTS('',1,1,(
    (#4904,#4905)
    ,(#4906,#4907
    )),.UNSPECIFIED.,.F.,.F.,.F.,(2,2),(2,2),(0.,21.082),(0.,1.),
  .PIECEWISE_BEZIER_KNOTS.);
#4904 = CARTESIAN_POINT('',(35.941,-38.1,-27.559));
#4905 = CARTESIAN_POINT('',(28.535110221853,-6.6E-16,-34.96488977814));
#4906 = CARTESIAN_POINT('',(35.941,-38.1,-48.641));
#4907 = CARTESIAN_POINT('',(28.535110221853,-2.05E-15,-41.23511022185));
#4908 = ADVANCED_FACE('',(#4909),#4948,.F.);
#4909 = FACE_BOUND('',#4910,.F.);
#4910 = EDGE_LOOP('',(#4911,#4922,#4928,#4929,#4930,#4931,#4932,#4941));
#4911 = ORIENTED_EDGE('',*,*,#4912,.F.);
#4912 = EDGE_CURVE('',#4913,#4915,#4917,.T.);
#4913 = VERTEX_POINT('',#4914);
#4914 = CARTESIAN_POINT('',(-36.576,-38.1,-25.4));
#4915 = VERTEX_POINT('',#4916);
#4916 = CARTESIAN_POINT('',(-38.1,-38.1,-23.876));
#4917 = CIRCLE('',#4918,1.524);
#4918 = AXIS2_PLACEMENT_3D('',#4919,#4920,#4921);
#4919 = CARTESIAN_POINT('',(-38.1,-38.1,-25.4));
#4920 = DIRECTION('',(0.,-1.,0.));
#4921 = DIRECTION('',(1.,0.,0.));
#4922 = ORIENTED_EDGE('',*,*,#4923,.T.);
#4923 = EDGE_CURVE('',#4913,#3559,#4924,.T.);
#4924 = LINE('',#4925,#4926);
#4925 = CARTESIAN_POINT('',(-36.576,-38.1,-25.4));
#4926 = VECTOR('',#4927,1.);
#4927 = DIRECTION('',(0.,1.,-2.2E-16));
#4928 = ORIENTED_EDGE('',*,*,#3558,.T.);
#4929 = ORIENTED_EDGE('',*,*,#3569,.T.);
#4930 = ORIENTED_EDGE('',*,*,#3578,.T.);
#4931 = ORIENTED_EDGE('',*,*,#4923,.F.);
#4932 = ORIENTED_EDGE('',*,*,#4933,.F.);
#4933 = EDGE_CURVE('',#4934,#4913,#4936,.T.);
#4934 = VERTEX_POINT('',#4935);
#4935 = CARTESIAN_POINT('',(-38.1,-38.1,-26.924));
#4936 = CIRCLE('',#4937,1.524);
#4937 = AXIS2_PLACEMENT_3D('',#4938,#4939,#4940);
#4938 = CARTESIAN_POINT('',(-38.1,-38.1,-25.4));
#4939 = DIRECTION('',(0.,-1.,0.));
#4940 = DIRECTION('',(1.,0.,0.));
#4941 = ORIENTED_EDGE('',*,*,#4942,.F.);
#4942 = EDGE_CURVE('',#4915,#4934,#4943,.T.);
#4943 = CIRCLE('',#4944,1.524);
#4944 = AXIS2_PLACEMENT_3D('',#4945,#4946,#4947);
#4945 = CARTESIAN_POINT('',(-38.1,-38.1,-25.4));
#4946 = DIRECTION('',(0.,-1.,0.));
#4947 = DIRECTION('',(1.,0.,0.));
#4948 = CYLINDRICAL_SURFACE('',#4949,1.524);
#4949 = AXIS2_PLACEMENT_3D('',#4950,#4951,#4952);
#4950 = CARTESIAN_POINT('',(-38.1,-38.1,-25.4));
#4951 = DIRECTION('',(0.,-1.,2.2E-16));
#4952 = DIRECTION('',(1.,0.,0.));
#4953 = ADVANCED_FACE('',(#4954),#4993,.F.);
#4954 = FACE_BOUND('',#4955,.F.);
#4955 = EDGE_LOOP('',(#4956,#4967,#4976,#4982,#4983,#4984,#4985,#4986));
#4956 = ORIENTED_EDGE('',*,*,#4957,.T.);
#4957 = EDGE_CURVE('',#4958,#4960,#4962,.T.);
#4958 = VERTEX_POINT('',#4959);
#4959 = CARTESIAN_POINT('',(38.1,-38.1,26.924));
#4960 = VERTEX_POINT('',#4961);
#4961 = CARTESIAN_POINT('',(38.1,-38.1,23.876));
#4962 = CIRCLE('',#4963,1.524);
#4963 = AXIS2_PLACEMENT_3D('',#4964,#4965,#4966);
#4964 = CARTESIAN_POINT('',(38.1,-38.1,25.4));
#4965 = DIRECTION('',(0.,1.,-0.));
#4966 = DIRECTION('',(-1.,0.,-0.));
#4967 = ORIENTED_EDGE('',*,*,#4968,.T.);
#4968 = EDGE_CURVE('',#4960,#4969,#4971,.T.);
#4969 = VERTEX_POINT('',#4970);
#4970 = CARTESIAN_POINT('',(36.576,-38.1,25.4));
#4971 = CIRCLE('',#4972,1.524);
#4972 = AXIS2_PLACEMENT_3D('',#4973,#4974,#4975);
#4973 = CARTESIAN_POINT('',(38.1,-38.1,25.4));
#4974 = DIRECTION('',(0.,1.,-0.));
#4975 = DIRECTION('',(-1.,0.,-0.));
#4976 = ORIENTED_EDGE('',*,*,#4977,.T.);
#4977 = EDGE_CURVE('',#4969,#3588,#4978,.T.);
#4978 = LINE('',#4979,#4980);
#4979 = CARTESIAN_POINT('',(36.576,-38.1,25.4));
#4980 = VECTOR('',#4981,1.);
#4981 = DIRECTION('',(0.,1.,-2.2E-16));
#4982 = ORIENTED_EDGE('',*,*,#3587,.T.);
#4983 = ORIENTED_EDGE('',*,*,#3598,.T.);
#4984 = ORIENTED_EDGE('',*,*,#3607,.T.);
#4985 = ORIENTED_EDGE('',*,*,#4977,.F.);
#4986 = ORIENTED_EDGE('',*,*,#4987,.T.);
#4987 = EDGE_CURVE('',#4969,#4958,#4988,.T.);
#4988 = CIRCLE('',#4989,1.524);
#4989 = AXIS2_PLACEMENT_3D('',#4990,#4991,#4992);
#4990 = CARTESIAN_POINT('',(38.1,-38.1,25.4));
#4991 = DIRECTION('',(0.,1.,-0.));
#4992 = DIRECTION('',(-1.,0.,-0.));
#4993 = CYLINDRICAL_SURFACE('',#4994,1.524);
#4994 = AXIS2_PLACEMENT_3D('',#4995,#4996,#4997);
#4995 = CARTESIAN_POINT('',(38.1,-38.1,25.4));
#4996 = DIRECTION('',(0.,-1.,2.2E-16));
#4997 = DIRECTION('',(-1.,0.,0.));
#4998 = ADVANCED_FACE('',(#4999),#5038,.F.);
#4999 = FACE_BOUND('',#5000,.F.);
#5000 = EDGE_LOOP('',(#5001,#5012,#5021,#5027,#5028,#5029,#5030,#5031));
#5001 = ORIENTED_EDGE('',*,*,#5002,.T.);
#5002 = EDGE_CURVE('',#5003,#5005,#5007,.T.);
#5003 = VERTEX_POINT('',#5004);
#5004 = CARTESIAN_POINT('',(38.1,-38.1,-23.876));
#5005 = VERTEX_POINT('',#5006);
#5006 = CARTESIAN_POINT('',(38.1,-38.1,-26.924));
#5007 = CIRCLE('',#5008,1.524);
#5008 = AXIS2_PLACEMENT_3D('',#5009,#5010,#5011);
#5009 = CARTESIAN_POINT('',(38.1,-38.1,-25.4));
#5010 = DIRECTION('',(0.,1.,-0.));
#5011 = DIRECTION('',(-1.,0.,-0.));
#5012 = ORIENTED_EDGE('',*,*,#5013,.T.);
#5013 = EDGE_CURVE('',#5005,#5014,#5016,.T.);
#5014 = VERTEX_POINT('',#5015);
#5015 = CARTESIAN_POINT('',(36.576,-38.1,-25.4));
#5016 = CIRCLE('',#5017,1.524);
#5017 = AXIS2_PLACEMENT_3D('',#5018,#5019,#5020);
#5018 = CARTESIAN_POINT('',(38.1,-38.1,-25.4));
#5019 = DIRECTION('',(0.,1.,-0.));
#5020 = DIRECTION('',(-1.,0.,-0.));
#5021 = ORIENTED_EDGE('',*,*,#5022,.T.);
#5022 = EDGE_CURVE('',#5014,#3617,#5023,.T.);
#5023 = LINE('',#5024,#5025);
#5024 = CARTESIAN_POINT('',(36.576,-38.1,-25.4));
#5025 = VECTOR('',#5026,1.);
#5026 = DIRECTION('',(0.,1.,-2.2E-16));
#5027 = ORIENTED_EDGE('',*,*,#3616,.T.);
#5028 = ORIENTED_EDGE('',*,*,#3627,.T.);
#5029 = ORIENTED_EDGE('',*,*,#3636,.T.);
#5030 = ORIENTED_EDGE('',*,*,#5022,.F.);
#5031 = ORIENTED_EDGE('',*,*,#5032,.T.);
#5032 = EDGE_CURVE('',#5014,#5003,#5033,.T.);
#5033 = CIRCLE('',#5034,1.524);
#5034 = AXIS2_PLACEMENT_3D('',#5035,#5036,#5037);
#5035 = CARTESIAN_POINT('',(38.1,-38.1,-25.4));
#5036 = DIRECTION('',(0.,1.,-0.));
#5037 = DIRECTION('',(-1.,0.,-0.));
#5038 = CYLINDRICAL_SURFACE('',#5039,1.524);
#5039 = AXIS2_PLACEMENT_3D('',#5040,#5041,#5042);
#5040 = CARTESIAN_POINT('',(38.1,-38.1,-25.4));
#5041 = DIRECTION('',(0.,-1.,2.2E-16));
#5042 = DIRECTION('',(-1.,0.,0.));
#5043 = ADVANCED_FACE('',(#5044),#5083,.F.);
#5044 = FACE_BOUND('',#5045,.F.);
#5045 = EDGE_LOOP('',(#5046,#5057,#5063,#5064,#5065,#5066,#5067,#5076));
#5046 = ORIENTED_EDGE('',*,*,#5047,.F.);
#5047 = EDGE_CURVE('',#5048,#5050,#5052,.T.);
#5048 = VERTEX_POINT('',#5049);
#5049 = CARTESIAN_POINT('',(-36.576,-38.1,25.4));
#5050 = VERTEX_POINT('',#5051);
#5051 = CARTESIAN_POINT('',(-38.1,-38.1,26.924));
#5052 = CIRCLE('',#5053,1.524);
#5053 = AXIS2_PLACEMENT_3D('',#5054,#5055,#5056);
#5054 = CARTESIAN_POINT('',(-38.1,-38.1,25.4));
#5055 = DIRECTION('',(0.,-1.,0.));
#5056 = DIRECTION('',(1.,0.,0.));
#5057 = ORIENTED_EDGE('',*,*,#5058,.T.);
#5058 = EDGE_CURVE('',#5048,#3646,#5059,.T.);
#5059 = LINE('',#5060,#5061);
#5060 = CARTESIAN_POINT('',(-36.576,-38.1,25.4));
#5061 = VECTOR('',#5062,1.);
#5062 = DIRECTION('',(0.,1.,-2.2E-16));
#5063 = ORIENTED_EDGE('',*,*,#3645,.T.);
#5064 = ORIENTED_EDGE('',*,*,#3656,.T.);
#5065 = ORIENTED_EDGE('',*,*,#3665,.T.);
#5066 = ORIENTED_EDGE('',*,*,#5058,.F.);
#5067 = ORIENTED_EDGE('',*,*,#5068,.F.);
#5068 = EDGE_CURVE('',#5069,#5048,#5071,.T.);
#5069 = VERTEX_POINT('',#5070);
#5070 = CARTESIAN_POINT('',(-38.1,-38.1,23.876));
#5071 = CIRCLE('',#5072,1.524);
#5072 = AXIS2_PLACEMENT_3D('',#5073,#5074,#5075);
#5073 = CARTESIAN_POINT('',(-38.1,-38.1,25.4));
#5074 = DIRECTION('',(0.,-1.,0.));
#5075 = DIRECTION('',(1.,0.,0.));
#5076 = ORIENTED_EDGE('',*,*,#5077,.F.);
#5077 = EDGE_CURVE('',#5050,#5069,#5078,.T.);
#5078 = CIRCLE('',#5079,1.524);
#5079 = AXIS2_PLACEMENT_3D('',#5080,#5081,#5082);
#5080 = CARTESIAN_POINT('',(-38.1,-38.1,25.4));
#5081 = DIRECTION('',(0.,-1.,0.));
#5082 = DIRECTION('',(1.,0.,0.));
#5083 = CYLINDRICAL_SURFACE('',#5084,1.524);
#5084 = AXIS2_PLACEMENT_3D('',#5085,#5086,#5087);
#5085 = CARTESIAN_POINT('',(-38.1,-38.1,25.4));
#5086 = DIRECTION('',(0.,-1.,2.2E-16));
#5087 = DIRECTION('',(1.,0.,0.));
#5088 = ADVANCED_FACE('',(#5089,#5103,#5121,#5139,#5157,#5175,#5193,
    #5211,#5229,#5247,#5252,#5257,#5262),#5267,.T.);
#5089 = FACE_BOUND('',#5090,.T.);
#5090 = EDGE_LOOP('',(#5091,#5092,#5093,#5094,#5095,#5096,#5097,#5098,
    #5099,#5100,#5101,#5102));
#5091 = ORIENTED_EDGE('',*,*,#2498,.T.);
#5092 = ORIENTED_EDGE('',*,*,#2568,.T.);
#5093 = ORIENTED_EDGE('',*,*,#2641,.F.);
#5094 = ORIENTED_EDGE('',*,*,#2665,.T.);
#5095 = ORIENTED_EDGE('',*,*,#2736,.F.);
#5096 = ORIENTED_EDGE('',*,*,#2760,.T.);
#5097 = ORIENTED_EDGE('',*,*,#2791,.T.);
#5098 = ORIENTED_EDGE('',*,*,#2938,.T.);
#5099 = ORIENTED_EDGE('',*,*,#2972,.T.);
#5100 = ORIENTED_EDGE('',*,*,#2703,.T.);
#5101 = ORIENTED_EDGE('',*,*,#2590,.T.);
#5102 = ORIENTED_EDGE('',*,*,#2544,.T.);
#5103 = FACE_BOUND('',#5104,.T.);
#5104 = EDGE_LOOP('',(#5105,#5106,#5112,#5113,#5114,#5115));
#5105 = ORIENTED_EDGE('',*,*,#4604,.F.);
#5106 = ORIENTED_EDGE('',*,*,#5107,.F.);
#5107 = EDGE_CURVE('',#4735,#4605,#5108,.T.);
#5108 = LINE('',#5109,#5110);
#5109 = CARTESIAN_POINT('',(-14.859,-38.1,-27.559));
#5110 = VECTOR('',#5111,1.);
#5111 = DIRECTION('',(-1.,0.,0.));
#5112 = ORIENTED_EDGE('',*,*,#4741,.T.);
#5113 = ORIENTED_EDGE('',*,*,#4669,.T.);
#5114 = ORIENTED_EDGE('',*,*,#4640,.T.);
#5115 = ORIENTED_EDGE('',*,*,#5116,.F.);
#5116 = EDGE_CURVE('',#4607,#4641,#5117,.T.);
#5117 = LINE('',#5118,#5119);
#5118 = CARTESIAN_POINT('',(-35.941,-38.1,-48.641));
#5119 = VECTOR('',#5120,1.);
#5120 = DIRECTION('',(1.,0.,0.));
#5121 = FACE_BOUND('',#5122,.T.);
#5122 = EDGE_LOOP('',(#5123,#5129,#5130,#5131,#5132,#5138));
#5123 = ORIENTED_EDGE('',*,*,#5124,.F.);
#5124 = EDGE_CURVE('',#3811,#3681,#5125,.T.);
#5125 = LINE('',#5126,#5127);
#5126 = CARTESIAN_POINT('',(-14.859,-38.1,48.641));
#5127 = VECTOR('',#5128,1.);
#5128 = DIRECTION('',(-1.,0.,0.));
#5129 = ORIENTED_EDGE('',*,*,#3817,.T.);
#5130 = ORIENTED_EDGE('',*,*,#3745,.T.);
#5131 = ORIENTED_EDGE('',*,*,#3716,.T.);
#5132 = ORIENTED_EDGE('',*,*,#5133,.F.);
#5133 = EDGE_CURVE('',#3683,#3717,#5134,.T.);
#5134 = LINE('',#5135,#5136);
#5135 = CARTESIAN_POINT('',(-35.941,-38.1,27.559));
#5136 = VECTOR('',#5137,1.);
#5137 = DIRECTION('',(1.,0.,0.));
#5138 = ORIENTED_EDGE('',*,*,#3680,.F.);
#5139 = FACE_BOUND('',#5140,.T.);
#5140 = EDGE_LOOP('',(#5141,#5147,#5148,#5149,#5150,#5156));
#5141 = ORIENTED_EDGE('',*,*,#5142,.T.);
#5142 = EDGE_CURVE('',#4886,#4819,#5143,.T.);
#5143 = LINE('',#5144,#5145);
#5144 = CARTESIAN_POINT('',(35.941,-38.1,-48.641));
#5145 = VECTOR('',#5146,1.);
#5146 = DIRECTION('',(-1.,0.,0.));
#5147 = ORIENTED_EDGE('',*,*,#4818,.F.);
#5148 = ORIENTED_EDGE('',*,*,#4758,.F.);
#5149 = ORIENTED_EDGE('',*,*,#4796,.F.);
#5150 = ORIENTED_EDGE('',*,*,#5151,.T.);
#5151 = EDGE_CURVE('',#4788,#4884,#5152,.T.);
#5152 = LINE('',#5153,#5154);
#5153 = CARTESIAN_POINT('',(14.859,-38.1,-27.559));
#5154 = VECTOR('',#5155,1.);
#5155 = DIRECTION('',(1.,0.,0.));
#5156 = ORIENTED_EDGE('',*,*,#4883,.T.);
#5157 = FACE_BOUND('',#5158,.T.);
#5158 = EDGE_LOOP('',(#5159,#5165,#5166,#5167,#5168,#5174));
#5159 = ORIENTED_EDGE('',*,*,#5160,.T.);
#5160 = EDGE_CURVE('',#3837,#3924,#5161,.T.);
#5161 = LINE('',#5162,#5163);
#5162 = CARTESIAN_POINT('',(35.941,-38.1,27.559));
#5163 = VECTOR('',#5164,1.);
#5164 = DIRECTION('',(-1.,0.,0.));
#5165 = ORIENTED_EDGE('',*,*,#3923,.F.);
#5166 = ORIENTED_EDGE('',*,*,#3863,.F.);
#5167 = ORIENTED_EDGE('',*,*,#3901,.F.);
#5168 = ORIENTED_EDGE('',*,*,#5169,.T.);
#5169 = EDGE_CURVE('',#3893,#3835,#5170,.T.);
#5170 = LINE('',#5171,#5172);
#5171 = CARTESIAN_POINT('',(14.859,-38.1,48.641));
#5172 = VECTOR('',#5173,1.);
#5173 = DIRECTION('',(1.,0.,0.));
#5174 = ORIENTED_EDGE('',*,*,#3834,.T.);
#5175 = FACE_BOUND('',#5176,.T.);
#5176 = EDGE_LOOP('',(#5177,#5178,#5184,#5185,#5186,#5187));
#5177 = ORIENTED_EDGE('',*,*,#4296,.F.);
#5178 = ORIENTED_EDGE('',*,*,#5179,.F.);
#5179 = EDGE_CURVE('',#4427,#4297,#5180,.T.);
#5180 = LINE('',#5181,#5182);
#5181 = CARTESIAN_POINT('',(-14.859,-38.1,-2.159));
#5182 = VECTOR('',#5183,1.);
#5183 = DIRECTION('',(-1.,0.,0.));
#5184 = ORIENTED_EDGE('',*,*,#4433,.T.);
#5185 = ORIENTED_EDGE('',*,*,#4361,.T.);
#5186 = ORIENTED_EDGE('',*,*,#4332,.T.);
#5187 = ORIENTED_EDGE('',*,*,#5188,.F.);
#5188 = EDGE_CURVE('',#4299,#4333,#5189,.T.);
#5189 = LINE('',#5190,#5191);
#5190 = CARTESIAN_POINT('',(-35.941,-38.1,-23.241));
#5191 = VECTOR('',#5192,1.);
#5192 = DIRECTION('',(1.,0.,0.));
#5193 = FACE_BOUND('',#5194,.T.);
#5194 = EDGE_LOOP('',(#5195,#5196,#5202,#5203,#5204,#5205));
#5195 = ORIENTED_EDGE('',*,*,#3988,.F.);
#5196 = ORIENTED_EDGE('',*,*,#5197,.F.);
#5197 = EDGE_CURVE('',#4119,#3989,#5198,.T.);
#5198 = LINE('',#5199,#5200);
#5199 = CARTESIAN_POINT('',(-14.859,-38.1,23.241));
#5200 = VECTOR('',#5201,1.);
#5201 = DIRECTION('',(-1.,0.,0.));
#5202 = ORIENTED_EDGE('',*,*,#4125,.T.);
#5203 = ORIENTED_EDGE('',*,*,#4053,.T.);
#5204 = ORIENTED_EDGE('',*,*,#4024,.T.);
#5205 = ORIENTED_EDGE('',*,*,#5206,.F.);
#5206 = EDGE_CURVE('',#3991,#4025,#5207,.T.);
#5207 = LINE('',#5208,#5209);
#5208 = CARTESIAN_POINT('',(-35.941,-38.1,2.159));
#5209 = VECTOR('',#5210,1.);
#5210 = DIRECTION('',(1.,0.,0.));
#5211 = FACE_BOUND('',#5212,.T.);
#5212 = EDGE_LOOP('',(#5213,#5219,#5220,#5221,#5222,#5228));
#5213 = ORIENTED_EDGE('',*,*,#5214,.T.);
#5214 = EDGE_CURVE('',#4578,#4511,#5215,.T.);
#5215 = LINE('',#5216,#5217);
#5216 = CARTESIAN_POINT('',(35.941,-38.1,-23.241));
#5217 = VECTOR('',#5218,1.);
#5218 = DIRECTION('',(-1.,0.,0.));
#5219 = ORIENTED_EDGE('',*,*,#4510,.F.);
#5220 = ORIENTED_EDGE('',*,*,#4450,.F.);
#5221 = ORIENTED_EDGE('',*,*,#4488,.F.);
#5222 = ORIENTED_EDGE('',*,*,#5223,.T.);
#5223 = EDGE_CURVE('',#4480,#4576,#5224,.T.);
#5224 = LINE('',#5225,#5226);
#5225 = CARTESIAN_POINT('',(14.859,-38.1,-2.159));
#5226 = VECTOR('',#5227,1.);
#5227 = DIRECTION('',(1.,0.,0.));
#5228 = ORIENTED_EDGE('',*,*,#4575,.T.);
#5229 = FACE_BOUND('',#5230,.T.);
#5230 = EDGE_LOOP('',(#5231,#5237,#5238,#5239,#5240,#5246));
#5231 = ORIENTED_EDGE('',*,*,#5232,.T.);
#5232 = EDGE_CURVE('',#4270,#4203,#5233,.T.);
#5233 = LINE('',#5234,#5235);
#5234 = CARTESIAN_POINT('',(35.941,-38.1,2.159));
#5235 = VECTOR('',#5236,1.);
#5236 = DIRECTION('',(-1.,0.,0.));
#5237 = ORIENTED_EDGE('',*,*,#4202,.F.);
#5238 = ORIENTED_EDGE('',*,*,#4142,.F.);
#5239 = ORIENTED_EDGE('',*,*,#4180,.F.);
#5240 = ORIENTED_EDGE('',*,*,#5241,.T.);
#5241 = EDGE_CURVE('',#4172,#4268,#5242,.T.);
#5242 = LINE('',#5243,#5244);
#5243 = CARTESIAN_POINT('',(14.859,-38.1,23.241));
#5244 = VECTOR('',#5245,1.);
#5245 = DIRECTION('',(1.,0.,0.));
#5246 = ORIENTED_EDGE('',*,*,#4267,.T.);
#5247 = FACE_BOUND('',#5248,.T.);
#5248 = EDGE_LOOP('',(#5249,#5250,#5251));
#5249 = ORIENTED_EDGE('',*,*,#4912,.F.);
#5250 = ORIENTED_EDGE('',*,*,#4933,.F.);
#5251 = ORIENTED_EDGE('',*,*,#4942,.F.);
#5252 = FACE_BOUND('',#5253,.T.);
#5253 = EDGE_LOOP('',(#5254,#5255,#5256));
#5254 = ORIENTED_EDGE('',*,*,#5013,.T.);
#5255 = ORIENTED_EDGE('',*,*,#5032,.T.);
#5256 = ORIENTED_EDGE('',*,*,#5002,.T.);
#5257 = FACE_BOUND('',#5258,.T.);
#5258 = EDGE_LOOP('',(#5259,#5260,#5261));
#5259 = ORIENTED_EDGE('',*,*,#4968,.T.);
#5260 = ORIENTED_EDGE('',*,*,#4987,.T.);
#5261 = ORIENTED_EDGE('',*,*,#4957,.T.);
#5262 = FACE_BOUND('',#5263,.T.);
#5263 = EDGE_LOOP('',(#5264,#5265,#5266));
#5264 = ORIENTED_EDGE('',*,*,#5047,.F.);
#5265 = ORIENTED_EDGE('',*,*,#5068,.F.);
#5266 = ORIENTED_EDGE('',*,*,#5077,.F.);
#5267 = PLANE('',#5268);
#5268 = AXIS2_PLACEMENT_3D('',#5269,#5270,#5271);
#5269 = CARTESIAN_POINT('',(2.685515851692E-15,-38.1,7.608961579793E-15)
  );
#5270 = DIRECTION('',(-0.,-1.,-0.));
#5271 = DIRECTION('',(0.,0.,-1.));
#5272 = ADVANCED_FACE('',(#5273),#5280,.T.);
#5273 = FACE_BOUND('',#5274,.T.);
#5274 = EDGE_LOOP('',(#5275,#5276,#5277,#5278,#5279));
#5275 = ORIENTED_EDGE('',*,*,#4720,.F.);
#5276 = ORIENTED_EDGE('',*,*,#4734,.F.);
#5277 = ORIENTED_EDGE('',*,*,#5107,.T.);
#5278 = ORIENTED_EDGE('',*,*,#4620,.T.);
#5279 = ORIENTED_EDGE('',*,*,#3448,.F.);
#5280 = B_SPLINE_SURFACE_WITH_KNOTS('',1,1,(
    (#5281,#5282)
    ,(#5283,#5284
    )),.UNSPECIFIED.,.F.,.F.,.F.,(2,2),(2,2),(0.,21.082),(0.,1.),
  .PIECEWISE_BEZIER_KNOTS.);
#5281 = CARTESIAN_POINT('',(-14.859,-38.1,-27.559));
#5282 = CARTESIAN_POINT('',(-22.26488977814,-7.4E-16,-34.96488977814));
#5283 = CARTESIAN_POINT('',(-35.941,-38.1,-27.559));
#5284 = CARTESIAN_POINT('',(-28.53511022185,-7.4E-16,-34.96488977814));
#5285 = ADVANCED_FACE('',(#5286),#5293,.T.);
#5286 = FACE_BOUND('',#5287,.T.);
#5287 = EDGE_LOOP('',(#5288,#5289,#5290,#5291,#5292));
#5288 = ORIENTED_EDGE('',*,*,#4614,.F.);
#5289 = ORIENTED_EDGE('',*,*,#5116,.T.);
#5290 = ORIENTED_EDGE('',*,*,#4648,.T.);
#5291 = ORIENTED_EDGE('',*,*,#4714,.T.);
#5292 = ORIENTED_EDGE('',*,*,#3432,.F.);
#5293 = B_SPLINE_SURFACE_WITH_KNOTS('',1,1,(
    (#5294,#5295)
    ,(#5296,#5297
    )),.UNSPECIFIED.,.F.,.F.,.F.,(2,2),(2,2),(0.,21.082),(0.,1.),
  .PIECEWISE_BEZIER_KNOTS.);
#5294 = CARTESIAN_POINT('',(-35.941,-38.1,-48.641));
#5295 = CARTESIAN_POINT('',(-28.53511022185,-2.13E-15,-41.23511022185));
#5296 = CARTESIAN_POINT('',(-14.859,-38.1,-48.641));
#5297 = CARTESIAN_POINT('',(-22.26488977814,-2.13E-15,-41.23511022185));
#5298 = ADVANCED_FACE('',(#5299),#5306,.T.);
#5299 = FACE_BOUND('',#5300,.T.);
#5300 = EDGE_LOOP('',(#5301,#5302,#5303,#5304,#5305));
#5301 = ORIENTED_EDGE('',*,*,#4412,.F.);
#5302 = ORIENTED_EDGE('',*,*,#4426,.F.);
#5303 = ORIENTED_EDGE('',*,*,#5179,.T.);
#5304 = ORIENTED_EDGE('',*,*,#4312,.T.);
#5305 = ORIENTED_EDGE('',*,*,#3312,.F.);
#5306 = B_SPLINE_SURFACE_WITH_KNOTS('',1,1,(
    (#5307,#5308)
    ,(#5309,#5310
    )),.UNSPECIFIED.,.F.,.F.,.F.,(2,2),(2,2),(0.,21.082),(0.,1.),
  .PIECEWISE_BEZIER_KNOTS.);
#5307 = CARTESIAN_POINT('',(-14.859,-38.1,-2.159));
#5308 = CARTESIAN_POINT('',(-22.26488977814,5.26E-15,-9.564889778147));
#5309 = CARTESIAN_POINT('',(-35.941,-38.1,-2.159));
#5310 = CARTESIAN_POINT('',(-28.53511022185,5.26E-15,-9.564889778147));
#5311 = ADVANCED_FACE('',(#5312),#5319,.T.);
#5312 = FACE_BOUND('',#5313,.T.);
#5313 = EDGE_LOOP('',(#5314,#5315,#5316,#5317,#5318));
#5314 = ORIENTED_EDGE('',*,*,#4306,.F.);
#5315 = ORIENTED_EDGE('',*,*,#5188,.T.);
#5316 = ORIENTED_EDGE('',*,*,#4340,.T.);
#5317 = ORIENTED_EDGE('',*,*,#4406,.T.);
#5318 = ORIENTED_EDGE('',*,*,#3296,.F.);
#5319 = B_SPLINE_SURFACE_WITH_KNOTS('',1,1,(
    (#5320,#5321)
    ,(#5322,#5323
    )),.UNSPECIFIED.,.F.,.F.,.F.,(2,2),(2,2),(0.,21.082),(0.,1.),
  .PIECEWISE_BEZIER_KNOTS.);
#5320 = CARTESIAN_POINT('',(-35.941,-38.1,-23.241));
#5321 = CARTESIAN_POINT('',(-28.53511022185,3.87E-15,-15.83511022185));
#5322 = CARTESIAN_POINT('',(-14.859,-38.1,-23.241));
#5323 = CARTESIAN_POINT('',(-22.26488977814,3.87E-15,-15.83511022185));
#5324 = ADVANCED_FACE('',(#5325),#5332,.T.);
#5325 = FACE_BOUND('',#5326,.T.);
#5326 = EDGE_LOOP('',(#5327,#5328,#5329,#5330,#5331));
#5327 = ORIENTED_EDGE('',*,*,#4104,.F.);
#5328 = ORIENTED_EDGE('',*,*,#4118,.F.);
#5329 = ORIENTED_EDGE('',*,*,#5197,.T.);
#5330 = ORIENTED_EDGE('',*,*,#4004,.T.);
#5331 = ORIENTED_EDGE('',*,*,#3176,.F.);
#5332 = B_SPLINE_SURFACE_WITH_KNOTS('',1,1,(
    (#5333,#5334)
    ,(#5335,#5336
    )),.UNSPECIFIED.,.F.,.F.,.F.,(2,2),(2,2),(0.,21.082),(0.,1.),
  .PIECEWISE_BEZIER_KNOTS.);
#5333 = CARTESIAN_POINT('',(-14.859,-38.1,23.241));
#5334 = CARTESIAN_POINT('',(-22.26488977814,1.026E-14,15.835110221853));
#5335 = CARTESIAN_POINT('',(-35.941,-38.1,23.241));
#5336 = CARTESIAN_POINT('',(-28.53511022185,1.026E-14,15.835110221853));
#5337 = ADVANCED_FACE('',(#5338),#5345,.T.);
#5338 = FACE_BOUND('',#5339,.T.);
#5339 = EDGE_LOOP('',(#5340,#5341,#5342,#5343,#5344));
#5340 = ORIENTED_EDGE('',*,*,#3998,.F.);
#5341 = ORIENTED_EDGE('',*,*,#5206,.T.);
#5342 = ORIENTED_EDGE('',*,*,#4032,.T.);
#5343 = ORIENTED_EDGE('',*,*,#4098,.T.);
#5344 = ORIENTED_EDGE('',*,*,#3160,.F.);
#5345 = B_SPLINE_SURFACE_WITH_KNOTS('',1,1,(
    (#5346,#5347)
    ,(#5348,#5349
    )),.UNSPECIFIED.,.F.,.F.,.F.,(2,2),(2,2),(0.,21.082),(0.,1.),
  .PIECEWISE_BEZIER_KNOTS.);
#5346 = CARTESIAN_POINT('',(-35.941,-38.1,2.159));
#5347 = CARTESIAN_POINT('',(-28.53511022185,8.87E-15,9.564889778147));
#5348 = CARTESIAN_POINT('',(-14.859,-38.1,2.159));
#5349 = CARTESIAN_POINT('',(-22.26488977814,8.87E-15,9.564889778147));
#5350 = ADVANCED_FACE('',(#5351),#5358,.T.);
#5351 = FACE_BOUND('',#5352,.T.);
#5352 = EDGE_LOOP('',(#5353,#5354,#5355,#5356,#5357));
#5353 = ORIENTED_EDGE('',*,*,#3796,.F.);
#5354 = ORIENTED_EDGE('',*,*,#3810,.F.);
#5355 = ORIENTED_EDGE('',*,*,#5124,.T.);
#5356 = ORIENTED_EDGE('',*,*,#3696,.T.);
#5357 = ORIENTED_EDGE('',*,*,#3040,.F.);
#5358 = B_SPLINE_SURFACE_WITH_KNOTS('',1,1,(
    (#5359,#5360)
    ,(#5361,#5362
    )),.UNSPECIFIED.,.F.,.F.,.F.,(2,2),(2,2),(0.,21.082),(0.,1.),
  .PIECEWISE_BEZIER_KNOTS.);
#5359 = CARTESIAN_POINT('',(-14.859,-38.1,48.641));
#5360 = CARTESIAN_POINT('',(-22.26488977814,1.626E-14,41.235110221853));
#5361 = CARTESIAN_POINT('',(-35.941,-38.1,48.641));
#5362 = CARTESIAN_POINT('',(-28.53511022185,1.626E-14,41.235110221853));
#5363 = ADVANCED_FACE('',(#5364),#5371,.T.);
#5364 = FACE_BOUND('',#5365,.T.);
#5365 = EDGE_LOOP('',(#5366,#5367,#5368,#5369,#5370));
#5366 = ORIENTED_EDGE('',*,*,#3690,.F.);
#5367 = ORIENTED_EDGE('',*,*,#5133,.T.);
#5368 = ORIENTED_EDGE('',*,*,#3724,.T.);
#5369 = ORIENTED_EDGE('',*,*,#3790,.T.);
#5370 = ORIENTED_EDGE('',*,*,#3024,.F.);
#5371 = B_SPLINE_SURFACE_WITH_KNOTS('',1,1,(
    (#5372,#5373)
    ,(#5374,#5375
    )),.UNSPECIFIED.,.F.,.F.,.F.,(2,2),(2,2),(0.,21.082),(0.,1.),
  .PIECEWISE_BEZIER_KNOTS.);
#5372 = CARTESIAN_POINT('',(-35.941,-38.1,27.559));
#5373 = CARTESIAN_POINT('',(-28.53511022185,1.487E-14,34.964889778147));
#5374 = CARTESIAN_POINT('',(-14.859,-38.1,27.559));
#5375 = CARTESIAN_POINT('',(-22.26488977814,1.487E-14,34.964889778147));
#5376 = ADVANCED_FACE('',(#5377),#5384,.F.);
#5377 = FACE_BOUND('',#5378,.F.);
#5378 = EDGE_LOOP('',(#5379,#5380,#5381,#5382,#5383));
#5379 = ORIENTED_EDGE('',*,*,#5142,.T.);
#5380 = ORIENTED_EDGE('',*,*,#4826,.T.);
#5381 = ORIENTED_EDGE('',*,*,#4863,.T.);
#5382 = ORIENTED_EDGE('',*,*,#3524,.F.);
#5383 = ORIENTED_EDGE('',*,*,#4893,.F.);
#5384 = B_SPLINE_SURFACE_WITH_KNOTS('',1,1,(
    (#5385,#5386)
    ,(#5387,#5388
    )),.UNSPECIFIED.,.F.,.F.,.F.,(2,2),(2,2),(0.,21.082),(0.,1.),
  .PIECEWISE_BEZIER_KNOTS.);
#5385 = CARTESIAN_POINT('',(35.941,-38.1,-48.641));
#5386 = CARTESIAN_POINT('',(28.535110221853,-2.05E-15,-41.23511022185));
#5387 = CARTESIAN_POINT('',(14.859,-38.1,-48.641));
#5388 = CARTESIAN_POINT('',(22.264889778147,-2.05E-15,-41.23511022185));
#5389 = ADVANCED_FACE('',(#5390),#5397,.F.);
#5390 = FACE_BOUND('',#5391,.F.);
#5391 = EDGE_LOOP('',(#5392,#5393,#5394,#5395,#5396));
#5392 = ORIENTED_EDGE('',*,*,#4787,.F.);
#5393 = ORIENTED_EDGE('',*,*,#5151,.T.);
#5394 = ORIENTED_EDGE('',*,*,#4899,.T.);
#5395 = ORIENTED_EDGE('',*,*,#3542,.F.);
#5396 = ORIENTED_EDGE('',*,*,#4869,.F.);
#5397 = B_SPLINE_SURFACE_WITH_KNOTS('',1,1,(
    (#5398,#5399)
    ,(#5400,#5401
    )),.UNSPECIFIED.,.F.,.F.,.F.,(2,2),(2,2),(0.,21.082),(0.,1.),
  .PIECEWISE_BEZIER_KNOTS.);
#5398 = CARTESIAN_POINT('',(14.859,-38.1,-27.559));
#5399 = CARTESIAN_POINT('',(22.264889778147,-6.6E-16,-34.96488977814));
#5400 = CARTESIAN_POINT('',(35.941,-38.1,-27.559));
#5401 = CARTESIAN_POINT('',(28.535110221853,-6.6E-16,-34.96488977814));
#5402 = ADVANCED_FACE('',(#5403),#5410,.F.);
#5403 = FACE_BOUND('',#5404,.F.);
#5404 = EDGE_LOOP('',(#5405,#5406,#5407,#5408,#5409));
#5405 = ORIENTED_EDGE('',*,*,#5214,.T.);
#5406 = ORIENTED_EDGE('',*,*,#4518,.T.);
#5407 = ORIENTED_EDGE('',*,*,#4555,.T.);
#5408 = ORIENTED_EDGE('',*,*,#3388,.F.);
#5409 = ORIENTED_EDGE('',*,*,#4585,.F.);
#5410 = B_SPLINE_SURFACE_WITH_KNOTS('',1,1,(
    (#5411,#5412)
    ,(#5413,#5414
    )),.UNSPECIFIED.,.F.,.F.,.F.,(2,2),(2,2),(0.,21.082),(0.,1.),
  .PIECEWISE_BEZIER_KNOTS.);
#5411 = CARTESIAN_POINT('',(35.941,-38.1,-23.241));
#5412 = CARTESIAN_POINT('',(28.535110221853,3.59E-15,-15.83511022185));
#5413 = CARTESIAN_POINT('',(14.859,-38.1,-23.241));
#5414 = CARTESIAN_POINT('',(22.264889778147,3.59E-15,-15.83511022185));
#5415 = ADVANCED_FACE('',(#5416),#5423,.F.);
#5416 = FACE_BOUND('',#5417,.F.);
#5417 = EDGE_LOOP('',(#5418,#5419,#5420,#5421,#5422));
#5418 = ORIENTED_EDGE('',*,*,#4479,.F.);
#5419 = ORIENTED_EDGE('',*,*,#5223,.T.);
#5420 = ORIENTED_EDGE('',*,*,#4591,.T.);
#5421 = ORIENTED_EDGE('',*,*,#3406,.F.);
#5422 = ORIENTED_EDGE('',*,*,#4561,.F.);
#5423 = B_SPLINE_SURFACE_WITH_KNOTS('',1,1,(
    (#5424,#5425)
    ,(#5426,#5427
    )),.UNSPECIFIED.,.F.,.F.,.F.,(2,2),(2,2),(0.,21.082),(0.,1.),
  .PIECEWISE_BEZIER_KNOTS.);
#5424 = CARTESIAN_POINT('',(14.859,-38.1,-2.159));
#5425 = CARTESIAN_POINT('',(22.264889778147,4.98E-15,-9.564889778147));
#5426 = CARTESIAN_POINT('',(35.941,-38.1,-2.159));
#5427 = CARTESIAN_POINT('',(28.535110221853,4.98E-15,-9.564889778147));
#5428 = ADVANCED_FACE('',(#5429),#5436,.F.);
#5429 = FACE_BOUND('',#5430,.F.);
#5430 = EDGE_LOOP('',(#5431,#5432,#5433,#5434,#5435));
#5431 = ORIENTED_EDGE('',*,*,#5232,.T.);
#5432 = ORIENTED_EDGE('',*,*,#4210,.T.);
#5433 = ORIENTED_EDGE('',*,*,#4247,.T.);
#5434 = ORIENTED_EDGE('',*,*,#3252,.F.);
#5435 = ORIENTED_EDGE('',*,*,#4277,.F.);
#5436 = B_SPLINE_SURFACE_WITH_KNOTS('',1,1,(
    (#5437,#5438)
    ,(#5439,#5440
    )),.UNSPECIFIED.,.F.,.F.,.F.,(2,2),(2,2),(0.,21.082),(0.,1.),
  .PIECEWISE_BEZIER_KNOTS.);
#5437 = CARTESIAN_POINT('',(35.941,-38.1,2.159));
#5438 = CARTESIAN_POINT('',(28.535110221853,9.23E-15,9.564889778147));
#5439 = CARTESIAN_POINT('',(14.859,-38.1,2.159));
#5440 = CARTESIAN_POINT('',(22.264889778147,9.23E-15,9.564889778147));
#5441 = ADVANCED_FACE('',(#5442),#5449,.F.);
#5442 = FACE_BOUND('',#5443,.F.);
#5443 = EDGE_LOOP('',(#5444,#5445,#5446,#5447,#5448));
#5444 = ORIENTED_EDGE('',*,*,#4171,.F.);
#5445 = ORIENTED_EDGE('',*,*,#5241,.T.);
#5446 = ORIENTED_EDGE('',*,*,#4283,.T.);
#5447 = ORIENTED_EDGE('',*,*,#3270,.F.);
#5448 = ORIENTED_EDGE('',*,*,#4253,.F.);
#5449 = B_SPLINE_SURFACE_WITH_KNOTS('',1,1,(
    (#5450,#5451)
    ,(#5452,#5453
    )),.UNSPECIFIED.,.F.,.F.,.F.,(2,2),(2,2),(0.,21.082),(0.,1.),
  .PIECEWISE_BEZIER_KNOTS.);
#5450 = CARTESIAN_POINT('',(14.859,-38.1,23.241));
#5451 = CARTESIAN_POINT('',(22.264889778147,1.062E-14,15.835110221853));
#5452 = CARTESIAN_POINT('',(35.941,-38.1,23.241));
#5453 = CARTESIAN_POINT('',(28.535110221853,1.062E-14,15.835110221853));
#5454 = ADVANCED_FACE('',(#5455),#5462,.F.);
#5455 = FACE_BOUND('',#5456,.F.);
#5456 = EDGE_LOOP('',(#5457,#5458,#5459,#5460,#5461));
#5457 = ORIENTED_EDGE('',*,*,#5160,.T.);
#5458 = ORIENTED_EDGE('',*,*,#3931,.T.);
#5459 = ORIENTED_EDGE('',*,*,#3968,.T.);
#5460 = ORIENTED_EDGE('',*,*,#3048,.F.);
#5461 = ORIENTED_EDGE('',*,*,#3844,.F.);
#5462 = B_SPLINE_SURFACE_WITH_KNOTS('',1,1,(
    (#5463,#5464)
    ,(#5465,#5466
    )),.UNSPECIFIED.,.F.,.F.,.F.,(2,2),(2,2),(0.,21.082),(0.,1.),
  .PIECEWISE_BEZIER_KNOTS.);
#5463 = CARTESIAN_POINT('',(35.941,-38.1,27.559));
#5464 = CARTESIAN_POINT('',(28.535110221853,1.487E-14,34.964889778147));
#5465 = CARTESIAN_POINT('',(14.859,-38.1,27.559));
#5466 = CARTESIAN_POINT('',(22.264889778147,1.487E-14,34.964889778147));
#5467 = ADVANCED_FACE('',(#5468),#5475,.F.);
#5468 = FACE_BOUND('',#5469,.F.);
#5469 = EDGE_LOOP('',(#5470,#5471,#5472,#5473,#5474));
#5470 = ORIENTED_EDGE('',*,*,#3892,.F.);
#5471 = ORIENTED_EDGE('',*,*,#5169,.T.);
#5472 = ORIENTED_EDGE('',*,*,#3850,.T.);
#5473 = ORIENTED_EDGE('',*,*,#3066,.F.);
#5474 = ORIENTED_EDGE('',*,*,#3974,.F.);
#5475 = B_SPLINE_SURFACE_WITH_KNOTS('',1,1,(
    (#5476,#5477)
    ,(#5478,#5479
    )),.UNSPECIFIED.,.F.,.F.,.F.,(2,2),(2,2),(0.,21.082),(0.,1.),
  .PIECEWISE_BEZIER_KNOTS.);
#5476 = CARTESIAN_POINT('',(14.859,-38.1,48.641));
#5477 = CARTESIAN_POINT('',(22.264889778147,1.626E-14,41.235110221853));
#5478 = CARTESIAN_POINT('',(35.941,-38.1,48.641));
#5479 = CARTESIAN_POINT('',(28.535110221853,1.626E-14,41.235110221853));
#5480 = ( GEOMETRIC_REPRESENTATION_CONTEXT(3) 
GLOBAL_UNCERTAINTY_ASSIGNED_CONTEXT((#5484)) 
GLOBAL_UNIT_ASSIGNED_CONTEXT((#5481,#5482,#5483)) REPRESENTATION_CONTEXT
('Context #1','3D Context with UNIT and UNCERTAINTY') );
#5481 = ( LENGTH_UNIT() NAMED_UNIT(*) SI_UNIT(.MILLI.,.METRE.) );
#5482 = ( NAMED_UNIT(*) PLANE_ANGLE_UNIT() SI_UNIT($,.RADIAN.) );
#5483 = ( NAMED_UNIT(*) SI_UNIT($,.STERADIAN.) SOLID_ANGLE_UNIT() );
#5484 = UNCERTAINTY_MEASURE_WITH_UNIT(LENGTH_MEASURE(1.E-07),#5481,
  'distance_accuracy_value','confusion accuracy');
#5485 = CONTEXT_DEPENDENT_SHAPE_REPRESENTATION(#5486,#5488);
#5486 = ( REPRESENTATION_RELATIONSHIP('','',#2481,#2458) 
REPRESENTATION_RELATIONSHIP_WITH_TRANSFORMATION(#5487) 
SHAPE_REPRESENTATION_RELATIONSHIP() );
#5487 = ITEM_DEFINED_TRANSFORMATION('','',#11,#2459);
#5488 = PRODUCT_DEFINITION_SHAPE('Placement','Placement of an item',
  #5489);
#5489 = NEXT_ASSEMBLY_USAGE_OCCURRENCE('12','=>[0:1:1:5]','',#2453,#2476
  ,$);
#5490 = PRODUCT_RELATED_PRODUCT_CATEGORY('part',$,(#2478));
#5491 = CONTEXT_DEPENDENT_SHAPE_REPRESENTATION(#5492,#5494);
#5492 = ( REPRESENTATION_RELATIONSHIP('','',#104,#10) 
REPRESENTATION_RELATIONSHIP_WITH_TRANSFORMATION(#5493) 
SHAPE_REPRESENTATION_RELATIONSHIP() );
#5493 = ITEM_DEFINED_TRANSFORMATION('','',#11,#59);
#5494 = PRODUCT_DEFINITION_SHAPE('Placement','Placement of an item',
  #5495);
#5495 = NEXT_ASSEMBLY_USAGE_OCCURRENCE('14','D9','',#5,#99,$);
#5496 = CONTEXT_DEPENDENT_SHAPE_REPRESENTATION(#5497,#5499);
#5497 = ( REPRESENTATION_RELATIONSHIP('','',#104,#10) 
REPRESENTATION_RELATIONSHIP_WITH_TRANSFORMATION(#5498) 
SHAPE_REPRESENTATION_RELATIONSHIP() );
#5498 = ITEM_DEFINED_TRANSFORMATION('','',#11,#63);
#5499 = PRODUCT_DEFINITION_SHAPE('Placement','Placement of an item',
  #5500);
#5500 = NEXT_ASSEMBLY_USAGE_OCCURRENCE('15','D15','',#5,#99,$);
#5501 = CONTEXT_DEPENDENT_SHAPE_REPRESENTATION(#5502,#5504);
#5502 = ( REPRESENTATION_RELATIONSHIP('','',#104,#10) 
REPRESENTATION_RELATIONSHIP_WITH_TRANSFORMATION(#5503) 
SHAPE_REPRESENTATION_RELATIONSHIP() );
#5503 = ITEM_DEFINED_TRANSFORMATION('','',#11,#67);
#5504 = PRODUCT_DEFINITION_SHAPE('Placement','Placement of an item',
  #5505);
#5505 = NEXT_ASSEMBLY_USAGE_OCCURRENCE('16','D4','',#5,#99,$);
#5506 = CONTEXT_DEPENDENT_SHAPE_REPRESENTATION(#5507,#5509);
#5507 = ( REPRESENTATION_RELATIONSHIP('','',#104,#10) 
REPRESENTATION_RELATIONSHIP_WITH_TRANSFORMATION(#5508) 
SHAPE_REPRESENTATION_RELATIONSHIP() );
#5508 = ITEM_DEFINED_TRANSFORMATION('','',#11,#71);
#5509 = PRODUCT_DEFINITION_SHAPE('Placement','Placement of an item',
  #5510);
#5510 = NEXT_ASSEMBLY_USAGE_OCCURRENCE('17','D10','',#5,#99,$);
#5511 = CONTEXT_DEPENDENT_SHAPE_REPRESENTATION(#5512,#5514);
#5512 = ( REPRESENTATION_RELATIONSHIP('','',#104,#10) 
REPRESENTATION_RELATIONSHIP_WITH_TRANSFORMATION(#5513) 
SHAPE_REPRESENTATION_RELATIONSHIP() );
#5513 = ITEM_DEFINED_TRANSFORMATION('','',#11,#75);
#5514 = PRODUCT_DEFINITION_SHAPE('Placement','Placement of an item',
  #5515);
#5515 = NEXT_ASSEMBLY_USAGE_OCCURRENCE('18','D8','',#5,#99,$);
#5516 = CONTEXT_DEPENDENT_SHAPE_REPRESENTATION(#5517,#5519);
#5517 = ( REPRESENTATION_RELATIONSHIP('','',#104,#10) 
REPRESENTATION_RELATIONSHIP_WITH_TRANSFORMATION(#5518) 
SHAPE_REPRESENTATION_RELATIONSHIP() );
#5518 = ITEM_DEFINED_TRANSFORMATION('','',#11,#79);
#5519 = PRODUCT_DEFINITION_SHAPE('Placement','Placement of an item',
  #5520);
#5520 = NEXT_ASSEMBLY_USAGE_OCCURRENCE('19','D7','',#5,#99,$);
#5521 = SHAPE_DEFINITION_REPRESENTATION(#5522,#5528);
#5522 = PRODUCT_DEFINITION_SHAPE('','',#5523);
#5523 = PRODUCT_DEFINITION('design','',#5524,#5527);
#5524 = PRODUCT_DEFINITION_FORMATION('','',#5525);
#5525 = PRODUCT('PinHeader_1x04_P2.54mm_Vertical',
  'PinHeader_1x04_P2.54mm_Vertical','',(#5526));
#5526 = PRODUCT_CONTEXT('',#2,'mechanical');
#5527 = PRODUCT_DEFINITION_CONTEXT('part definition',#2,'design');
#5528 = SHAPE_REPRESENTATION('',(#11,#5529),#5533);
#5529 = AXIS2_PLACEMENT_3D('',#5530,#5531,#5532);
#5530 = CARTESIAN_POINT('',(0.,0.,0.));
#5531 = DIRECTION('',(0.,0.,1.));
#5532 = DIRECTION('',(1.,0.,-0.));
#5533 = ( GEOMETRIC_REPRESENTATION_CONTEXT(3) 
GLOBAL_UNCERTAINTY_ASSIGNED_CONTEXT((#5537)) 
GLOBAL_UNIT_ASSIGNED_CONTEXT((#5534,#5535,#5536)) REPRESENTATION_CONTEXT
('Context #1','3D Context with UNIT and UNCERTAINTY') );
#5534 = ( LENGTH_UNIT() NAMED_UNIT(*) SI_UNIT(.MILLI.,.METRE.) );
#5535 = ( NAMED_UNIT(*) PLANE_ANGLE_UNIT() SI_UNIT($,.RADIAN.) );
#5536 = ( NAMED_UNIT(*) SI_UNIT($,.STERADIAN.) SOLID_ANGLE_UNIT() );
#5537 = UNCERTAINTY_MEASURE_WITH_UNIT(LENGTH_MEASURE(1.E-07),#5534,
  'distance_accuracy_value','confusion accuracy');
#5538 = CONTEXT_DEPENDENT_SHAPE_REPRESENTATION(#5539,#5541);
#5539 = ( REPRESENTATION_RELATIONSHIP('','',#5528,#10) 
REPRESENTATION_RELATIONSHIP_WITH_TRANSFORMATION(#5540) 
SHAPE_REPRESENTATION_RELATIONSHIP() );
#5540 = ITEM_DEFINED_TRANSFORMATION('','',#11,#83);
#5541 = PRODUCT_DEFINITION_SHAPE('Placement','Placement of an item',
  #5542);
#5542 = NEXT_ASSEMBLY_USAGE_OCCURRENCE('21','J1','',#5,#5523,$);
#5543 = PRODUCT_RELATED_PRODUCT_CATEGORY('part',$,(#5525));
#5544 = SHAPE_DEFINITION_REPRESENTATION(#5545,#5551);
#5545 = PRODUCT_DEFINITION_SHAPE('','',#5546);
#5546 = PRODUCT_DEFINITION('design','',#5547,#5550);
#5547 = PRODUCT_DEFINITION_FORMATION('','',#5548);
#5548 = PRODUCT('PinHeader_1x04_P254mm_Vertical',
  'PinHeader_1x04_P254mm_Vertical','',(#5549));
#5549 = PRODUCT_CONTEXT('',#2,'mechanical');
#5550 = PRODUCT_DEFINITION_CONTEXT('part definition',#2,'design');
#5551 = ADVANCED_BREP_SHAPE_REPRESENTATION('',(#11,#5552),#8332);
#5552 = MANIFOLD_SOLID_BREP('',#5553);
#5553 = CLOSED_SHELL('',(#5554,#5594,#5625,#5656,#5985,#6314,#6331,#6348
    ,#6365,#6382,#6399,#6416,#6433,#6450,#6467,#6484,#6501,#6518,#6535,
    #6552,#6569,#6586,#6603,#6620,#6637,#6654,#6671,#6688,#6700,#6731,
    #6755,#6779,#6796,#6827,#6851,#6875,#6892,#6923,#6947,#6971,#6988,
    #7019,#7043,#7067,#7084,#7115,#7139,#7163,#7180,#7211,#7235,#7259,
    #7276,#7307,#7331,#7355,#7372,#7403,#7427,#7451,#7468,#7499,#7523,
    #7547,#7564,#7595,#7619,#7643,#7660,#7691,#7715,#7739,#7756,#7787,
    #7811,#7835,#7852,#7883,#7907,#7931,#7948,#7979,#8003,#8027,#8044,
    #8075,#8099,#8123,#8140,#8171,#8195,#8219,#8236,#8248,#8260,#8272,
    #8284,#8296,#8308,#8320));
#5554 = ADVANCED_FACE('',(#5555),#5589,.F.);
#5555 = FACE_BOUND('',#5556,.F.);
#5556 = EDGE_LOOP('',(#5557,#5567,#5575,#5583));
#5557 = ORIENTED_EDGE('',*,*,#5558,.T.);
#5558 = EDGE_CURVE('',#5559,#5561,#5563,.T.);
#5559 = VERTEX_POINT('',#5560);
#5560 = CARTESIAN_POINT('',(-1.016,1.27,0.));
#5561 = VERTEX_POINT('',#5562);
#5562 = CARTESIAN_POINT('',(-1.016,1.27,2.54));
#5563 = LINE('',#5564,#5565);
#5564 = CARTESIAN_POINT('',(-1.016,1.27,0.));
#5565 = VECTOR('',#5566,1.);
#5566 = DIRECTION('',(0.,0.,1.));
#5567 = ORIENTED_EDGE('',*,*,#5568,.T.);
#5568 = EDGE_CURVE('',#5561,#5569,#5571,.T.);
#5569 = VERTEX_POINT('',#5570);
#5570 = CARTESIAN_POINT('',(-1.27,1.016,2.54));
#5571 = LINE('',#5572,#5573);
#5572 = CARTESIAN_POINT('',(-1.016,1.27,2.54));
#5573 = VECTOR('',#5574,1.);
#5574 = DIRECTION('',(-0.707106781187,-0.707106781187,0.));
#5575 = ORIENTED_EDGE('',*,*,#5576,.F.);
#5576 = EDGE_CURVE('',#5577,#5569,#5579,.T.);
#5577 = VERTEX_POINT('',#5578);
#5578 = CARTESIAN_POINT('',(-1.27,1.016,0.));
#5579 = LINE('',#5580,#5581);
#5580 = CARTESIAN_POINT('',(-1.27,1.016,0.));
#5581 = VECTOR('',#5582,1.);
#5582 = DIRECTION('',(0.,0.,1.));
#5583 = ORIENTED_EDGE('',*,*,#5584,.F.);
#5584 = EDGE_CURVE('',#5559,#5577,#5585,.T.);
#5585 = LINE('',#5586,#5587);
#5586 = CARTESIAN_POINT('',(-1.016,1.27,0.));
#5587 = VECTOR('',#5588,1.);
#5588 = DIRECTION('',(-0.707106781187,-0.707106781187,0.));
#5589 = PLANE('',#5590);
#5590 = AXIS2_PLACEMENT_3D('',#5591,#5592,#5593);
#5591 = CARTESIAN_POINT('',(-1.016,1.27,0.));
#5592 = DIRECTION('',(0.707106781187,-0.707106781187,0.));
#5593 = DIRECTION('',(-0.707106781187,-0.707106781187,0.));
#5594 = ADVANCED_FACE('',(#5595),#5620,.F.);
#5595 = FACE_BOUND('',#5596,.F.);
#5596 = EDGE_LOOP('',(#5597,#5607,#5613,#5614));
#5597 = ORIENTED_EDGE('',*,*,#5598,.T.);
#5598 = EDGE_CURVE('',#5599,#5601,#5603,.T.);
#5599 = VERTEX_POINT('',#5600);
#5600 = CARTESIAN_POINT('',(1.016,1.27,0.));
#5601 = VERTEX_POINT('',#5602);
#5602 = CARTESIAN_POINT('',(1.016,1.27,2.54));
#5603 = LINE('',#5604,#5605);
#5604 = CARTESIAN_POINT('',(1.016,1.27,0.));
#5605 = VECTOR('',#5606,1.);
#5606 = DIRECTION('',(0.,0.,1.));
#5607 = ORIENTED_EDGE('',*,*,#5608,.T.);
#5608 = EDGE_CURVE('',#5601,#5561,#5609,.T.);
#5609 = LINE('',#5610,#5611);
#5610 = CARTESIAN_POINT('',(1.016,1.27,2.54));
#5611 = VECTOR('',#5612,1.);
#5612 = DIRECTION('',(-1.,0.,0.));
#5613 = ORIENTED_EDGE('',*,*,#5558,.F.);
#5614 = ORIENTED_EDGE('',*,*,#5615,.F.);
#5615 = EDGE_CURVE('',#5599,#5559,#5616,.T.);
#5616 = LINE('',#5617,#5618);
#5617 = CARTESIAN_POINT('',(1.016,1.27,0.));
#5618 = VECTOR('',#5619,1.);
#5619 = DIRECTION('',(-1.,0.,0.));
#5620 = PLANE('',#5621);
#5621 = AXIS2_PLACEMENT_3D('',#5622,#5623,#5624);
#5622 = CARTESIAN_POINT('',(1.016,1.27,0.));
#5623 = DIRECTION('',(0.,-1.,0.));
#5624 = DIRECTION('',(-1.,0.,0.));
#5625 = ADVANCED_FACE('',(#5626),#5651,.F.);
#5626 = FACE_BOUND('',#5627,.F.);
#5627 = EDGE_LOOP('',(#5628,#5629,#5637,#5645));
#5628 = ORIENTED_EDGE('',*,*,#5576,.T.);
#5629 = ORIENTED_EDGE('',*,*,#5630,.T.);
#5630 = EDGE_CURVE('',#5569,#5631,#5633,.T.);
#5631 = VERTEX_POINT('',#5632);
#5632 = CARTESIAN_POINT('',(-1.27,-1.016,2.54));
#5633 = LINE('',#5634,#5635);
#5634 = CARTESIAN_POINT('',(-1.27,1.016,2.54));
#5635 = VECTOR('',#5636,1.);
#5636 = DIRECTION('',(0.,-1.,0.));
#5637 = ORIENTED_EDGE('',*,*,#5638,.F.);
#5638 = EDGE_CURVE('',#5639,#5631,#5641,.T.);
#5639 = VERTEX_POINT('',#5640);
#5640 = CARTESIAN_POINT('',(-1.27,-1.016,0.));
#5641 = LINE('',#5642,#5643);
#5642 = CARTESIAN_POINT('',(-1.27,-1.016,0.));
#5643 = VECTOR('',#5644,1.);
#5644 = DIRECTION('',(0.,0.,1.));
#5645 = ORIENTED_EDGE('',*,*,#5646,.F.);
#5646 = EDGE_CURVE('',#5577,#5639,#5647,.T.);
#5647 = LINE('',#5648,#5649);
#5648 = CARTESIAN_POINT('',(-1.27,1.016,0.));
#5649 = VECTOR('',#5650,1.);
#5650 = DIRECTION('',(0.,-1.,0.));
#5651 = PLANE('',#5652);
#5652 = AXIS2_PLACEMENT_3D('',#5653,#5654,#5655);
#5653 = CARTESIAN_POINT('',(-1.27,1.016,0.));
#5654 = DIRECTION('',(1.,0.,0.));
#5655 = DIRECTION('',(0.,-1.,0.));
#5656 = ADVANCED_FACE('',(#5657,#5844,#5878,#5912,#5946),#5980,.F.);
#5657 = FACE_BOUND('',#5658,.F.);
#5658 = EDGE_LOOP('',(#5659,#5660,#5661,#5669,#5677,#5685,#5693,#5701,
    #5709,#5717,#5725,#5733,#5741,#5749,#5757,#5765,#5773,#5781,#5789,
    #5797,#5805,#5813,#5821,#5829,#5837,#5843));
#5659 = ORIENTED_EDGE('',*,*,#5584,.T.);
#5660 = ORIENTED_EDGE('',*,*,#5646,.T.);
#5661 = ORIENTED_EDGE('',*,*,#5662,.T.);
#5662 = EDGE_CURVE('',#5639,#5663,#5665,.T.);
#5663 = VERTEX_POINT('',#5664);
#5664 = CARTESIAN_POINT('',(-1.016,-1.27,0.));
#5665 = LINE('',#5666,#5667);
#5666 = CARTESIAN_POINT('',(-1.27,-1.016,0.));
#5667 = VECTOR('',#5668,1.);
#5668 = DIRECTION('',(0.707106781187,-0.707106781187,0.));
#5669 = ORIENTED_EDGE('',*,*,#5670,.T.);
#5670 = EDGE_CURVE('',#5663,#5671,#5673,.T.);
#5671 = VERTEX_POINT('',#5672);
#5672 = CARTESIAN_POINT('',(-1.27,-1.524,0.));
#5673 = LINE('',#5674,#5675);
#5674 = CARTESIAN_POINT('',(-1.016,-1.27,0.));
#5675 = VECTOR('',#5676,1.);
#5676 = DIRECTION('',(-0.707106781187,-0.707106781187,0.));
#5677 = ORIENTED_EDGE('',*,*,#5678,.T.);
#5678 = EDGE_CURVE('',#5671,#5679,#5681,.T.);
#5679 = VERTEX_POINT('',#5680);
#5680 = CARTESIAN_POINT('',(-1.27,-3.556,0.));
#5681 = LINE('',#5682,#5683);
#5682 = CARTESIAN_POINT('',(-1.27,-1.524,0.));
#5683 = VECTOR('',#5684,1.);
#5684 = DIRECTION('',(0.,-1.,0.));
#5685 = ORIENTED_EDGE('',*,*,#5686,.T.);
#5686 = EDGE_CURVE('',#5679,#5687,#5689,.T.);
#5687 = VERTEX_POINT('',#5688);
#5688 = CARTESIAN_POINT('',(-1.016,-3.81,0.));
#5689 = LINE('',#5690,#5691);
#5690 = CARTESIAN_POINT('',(-1.27,-3.556,0.));
#5691 = VECTOR('',#5692,1.);
#5692 = DIRECTION('',(0.707106781187,-0.707106781187,0.));
#5693 = ORIENTED_EDGE('',*,*,#5694,.T.);
#5694 = EDGE_CURVE('',#5687,#5695,#5697,.T.);
#5695 = VERTEX_POINT('',#5696);
#5696 = CARTESIAN_POINT('',(-1.27,-4.064,0.));
#5697 = LINE('',#5698,#5699);
#5698 = CARTESIAN_POINT('',(-1.016,-3.81,0.));
#5699 = VECTOR('',#5700,1.);
#5700 = DIRECTION('',(-0.707106781187,-0.707106781187,0.));
#5701 = ORIENTED_EDGE('',*,*,#5702,.T.);
#5702 = EDGE_CURVE('',#5695,#5703,#5705,.T.);
#5703 = VERTEX_POINT('',#5704);
#5704 = CARTESIAN_POINT('',(-1.27,-6.096,0.));
#5705 = LINE('',#5706,#5707);
#5706 = CARTESIAN_POINT('',(-1.27,-4.064,0.));
#5707 = VECTOR('',#5708,1.);
#5708 = DIRECTION('',(0.,-1.,0.));
#5709 = ORIENTED_EDGE('',*,*,#5710,.T.);
#5710 = EDGE_CURVE('',#5703,#5711,#5713,.T.);
#5711 = VERTEX_POINT('',#5712);
#5712 = CARTESIAN_POINT('',(-1.016,-6.35,0.));
#5713 = LINE('',#5714,#5715);
#5714 = CARTESIAN_POINT('',(-1.27,-6.096,0.));
#5715 = VECTOR('',#5716,1.);
#5716 = DIRECTION('',(0.707106781187,-0.707106781187,0.));
#5717 = ORIENTED_EDGE('',*,*,#5718,.T.);
#5718 = EDGE_CURVE('',#5711,#5719,#5721,.T.);
#5719 = VERTEX_POINT('',#5720);
#5720 = CARTESIAN_POINT('',(-1.27,-6.604,0.));
#5721 = LINE('',#5722,#5723);
#5722 = CARTESIAN_POINT('',(-1.016,-6.35,0.));
#5723 = VECTOR('',#5724,1.);
#5724 = DIRECTION('',(-0.707106781187,-0.707106781187,0.));
#5725 = ORIENTED_EDGE('',*,*,#5726,.T.);
#5726 = EDGE_CURVE('',#5719,#5727,#5729,.T.);
#5727 = VERTEX_POINT('',#5728);
#5728 = CARTESIAN_POINT('',(-1.27,-8.636,0.));
#5729 = LINE('',#5730,#5731);
#5730 = CARTESIAN_POINT('',(-1.27,-6.604,0.));
#5731 = VECTOR('',#5732,1.);
#5732 = DIRECTION('',(0.,-1.,0.));
#5733 = ORIENTED_EDGE('',*,*,#5734,.T.);
#5734 = EDGE_CURVE('',#5727,#5735,#5737,.T.);
#5735 = VERTEX_POINT('',#5736);
#5736 = CARTESIAN_POINT('',(-1.016,-8.89,0.));
#5737 = LINE('',#5738,#5739);
#5738 = CARTESIAN_POINT('',(-1.27,-8.636,0.));
#5739 = VECTOR('',#5740,1.);
#5740 = DIRECTION('',(0.707106781187,-0.707106781187,0.));
#5741 = ORIENTED_EDGE('',*,*,#5742,.T.);
#5742 = EDGE_CURVE('',#5735,#5743,#5745,.T.);
#5743 = VERTEX_POINT('',#5744);
#5744 = CARTESIAN_POINT('',(1.016,-8.89,0.));
#5745 = LINE('',#5746,#5747);
#5746 = CARTESIAN_POINT('',(-1.016,-8.89,0.));
#5747 = VECTOR('',#5748,1.);
#5748 = DIRECTION('',(1.,0.,0.));
#5749 = ORIENTED_EDGE('',*,*,#5750,.T.);
#5750 = EDGE_CURVE('',#5743,#5751,#5753,.T.);
#5751 = VERTEX_POINT('',#5752);
#5752 = CARTESIAN_POINT('',(1.27,-8.636,0.));
#5753 = LINE('',#5754,#5755);
#5754 = CARTESIAN_POINT('',(1.016,-8.89,0.));
#5755 = VECTOR('',#5756,1.);
#5756 = DIRECTION('',(0.707106781187,0.707106781187,0.));
#5757 = ORIENTED_EDGE('',*,*,#5758,.T.);
#5758 = EDGE_CURVE('',#5751,#5759,#5761,.T.);
#5759 = VERTEX_POINT('',#5760);
#5760 = CARTESIAN_POINT('',(1.27,-6.604,0.));
#5761 = LINE('',#5762,#5763);
#5762 = CARTESIAN_POINT('',(1.27,-8.636,0.));
#5763 = VECTOR('',#5764,1.);
#5764 = DIRECTION('',(0.,1.,0.));
#5765 = ORIENTED_EDGE('',*,*,#5766,.T.);
#5766 = EDGE_CURVE('',#5759,#5767,#5769,.T.);
#5767 = VERTEX_POINT('',#5768);
#5768 = CARTESIAN_POINT('',(1.016,-6.35,0.));
#5769 = LINE('',#5770,#5771);
#5770 = CARTESIAN_POINT('',(1.27,-6.604,0.));
#5771 = VECTOR('',#5772,1.);
#5772 = DIRECTION('',(-0.707106781187,0.707106781187,0.));
#5773 = ORIENTED_EDGE('',*,*,#5774,.T.);
#5774 = EDGE_CURVE('',#5767,#5775,#5777,.T.);
#5775 = VERTEX_POINT('',#5776);
#5776 = CARTESIAN_POINT('',(1.27,-6.096,0.));
#5777 = LINE('',#5778,#5779);
#5778 = CARTESIAN_POINT('',(1.016,-6.35,0.));
#5779 = VECTOR('',#5780,1.);
#5780 = DIRECTION('',(0.707106781187,0.707106781187,0.));
#5781 = ORIENTED_EDGE('',*,*,#5782,.T.);
#5782 = EDGE_CURVE('',#5775,#5783,#5785,.T.);
#5783 = VERTEX_POINT('',#5784);
#5784 = CARTESIAN_POINT('',(1.27,-4.064,0.));
#5785 = LINE('',#5786,#5787);
#5786 = CARTESIAN_POINT('',(1.27,-6.096,0.));
#5787 = VECTOR('',#5788,1.);
#5788 = DIRECTION('',(0.,1.,0.));
#5789 = ORIENTED_EDGE('',*,*,#5790,.T.);
#5790 = EDGE_CURVE('',#5783,#5791,#5793,.T.);
#5791 = VERTEX_POINT('',#5792);
#5792 = CARTESIAN_POINT('',(1.016,-3.81,0.));
#5793 = LINE('',#5794,#5795);
#5794 = CARTESIAN_POINT('',(1.27,-4.064,0.));
#5795 = VECTOR('',#5796,1.);
#5796 = DIRECTION('',(-0.707106781187,0.707106781187,0.));
#5797 = ORIENTED_EDGE('',*,*,#5798,.T.);
#5798 = EDGE_CURVE('',#5791,#5799,#5801,.T.);
#5799 = VERTEX_POINT('',#5800);
#5800 = CARTESIAN_POINT('',(1.27,-3.556,0.));
#5801 = LINE('',#5802,#5803);
#5802 = CARTESIAN_POINT('',(1.016,-3.81,0.));
#5803 = VECTOR('',#5804,1.);
#5804 = DIRECTION('',(0.707106781187,0.707106781187,0.));
#5805 = ORIENTED_EDGE('',*,*,#5806,.T.);
#5806 = EDGE_CURVE('',#5799,#5807,#5809,.T.);
#5807 = VERTEX_POINT('',#5808);
#5808 = CARTESIAN_POINT('',(1.27,-1.524,0.));
#5809 = LINE('',#5810,#5811);
#5810 = CARTESIAN_POINT('',(1.27,-3.556,0.));
#5811 = VECTOR('',#5812,1.);
#5812 = DIRECTION('',(0.,1.,0.));
#5813 = ORIENTED_EDGE('',*,*,#5814,.T.);
#5814 = EDGE_CURVE('',#5807,#5815,#5817,.T.);
#5815 = VERTEX_POINT('',#5816);
#5816 = CARTESIAN_POINT('',(1.016,-1.27,0.));
#5817 = LINE('',#5818,#5819);
#5818 = CARTESIAN_POINT('',(1.27,-1.524,0.));
#5819 = VECTOR('',#5820,1.);
#5820 = DIRECTION('',(-0.707106781187,0.707106781187,0.));
#5821 = ORIENTED_EDGE('',*,*,#5822,.T.);
#5822 = EDGE_CURVE('',#5815,#5823,#5825,.T.);
#5823 = VERTEX_POINT('',#5824);
#5824 = CARTESIAN_POINT('',(1.27,-1.016,0.));
#5825 = LINE('',#5826,#5827);
#5826 = CARTESIAN_POINT('',(1.016,-1.27,0.));
#5827 = VECTOR('',#5828,1.);
#5828 = DIRECTION('',(0.707106781187,0.707106781187,0.));
#5829 = ORIENTED_EDGE('',*,*,#5830,.T.);
#5830 = EDGE_CURVE('',#5823,#5831,#5833,.T.);
#5831 = VERTEX_POINT('',#5832);
#5832 = CARTESIAN_POINT('',(1.27,1.016,0.));
#5833 = LINE('',#5834,#5835);
#5834 = CARTESIAN_POINT('',(1.27,-1.016,0.));
#5835 = VECTOR('',#5836,1.);
#5836 = DIRECTION('',(0.,1.,0.));
#5837 = ORIENTED_EDGE('',*,*,#5838,.T.);
#5838 = EDGE_CURVE('',#5831,#5599,#5839,.T.);
#5839 = LINE('',#5840,#5841);
#5840 = CARTESIAN_POINT('',(1.27,1.016,0.));
#5841 = VECTOR('',#5842,1.);
#5842 = DIRECTION('',(-0.707106781187,0.707106781187,0.));
#5843 = ORIENTED_EDGE('',*,*,#5615,.T.);
#5844 = FACE_BOUND('',#5845,.F.);
#5845 = EDGE_LOOP('',(#5846,#5856,#5864,#5872));
#5846 = ORIENTED_EDGE('',*,*,#5847,.F.);
#5847 = EDGE_CURVE('',#5848,#5850,#5852,.T.);
#5848 = VERTEX_POINT('',#5849);
#5849 = CARTESIAN_POINT('',(0.32,-4.76,0.));
#5850 = VERTEX_POINT('',#5851);
#5851 = CARTESIAN_POINT('',(-0.32,-4.76,0.));
#5852 = LINE('',#5853,#5854);
#5853 = CARTESIAN_POINT('',(-0.16,-4.76,0.));
#5854 = VECTOR('',#5855,1.);
#5855 = DIRECTION('',(-1.,0.,0.));
#5856 = ORIENTED_EDGE('',*,*,#5857,.F.);
#5857 = EDGE_CURVE('',#5858,#5848,#5860,.T.);
#5858 = VERTEX_POINT('',#5859);
#5859 = CARTESIAN_POINT('',(0.32,-5.4,0.));
#5860 = LINE('',#5861,#5862);
#5861 = CARTESIAN_POINT('',(0.32,-4.605,0.));
#5862 = VECTOR('',#5863,1.);
#5863 = DIRECTION('',(0.,1.,0.));
#5864 = ORIENTED_EDGE('',*,*,#5865,.T.);
#5865 = EDGE_CURVE('',#5858,#5866,#5868,.T.);
#5866 = VERTEX_POINT('',#5867);
#5867 = CARTESIAN_POINT('',(-0.32,-5.4,0.));
#5868 = LINE('',#5869,#5870);
#5869 = CARTESIAN_POINT('',(-0.16,-5.4,0.));
#5870 = VECTOR('',#5871,1.);
#5871 = DIRECTION('',(-1.,0.,0.));
#5872 = ORIENTED_EDGE('',*,*,#5873,.T.);
#5873 = EDGE_CURVE('',#5866,#5850,#5874,.T.);
#5874 = LINE('',#5875,#5876);
#5875 = CARTESIAN_POINT('',(-0.32,-4.605,0.));
#5876 = VECTOR('',#5877,1.);
#5877 = DIRECTION('',(0.,1.,0.));
#5878 = FACE_BOUND('',#5879,.F.);
#5879 = EDGE_LOOP('',(#5880,#5890,#5898,#5906));
#5880 = ORIENTED_EDGE('',*,*,#5881,.F.);
#5881 = EDGE_CURVE('',#5882,#5884,#5886,.T.);
#5882 = VERTEX_POINT('',#5883);
#5883 = CARTESIAN_POINT('',(0.32,-7.94,0.));
#5884 = VERTEX_POINT('',#5885);
#5885 = CARTESIAN_POINT('',(0.32,-7.3,0.));
#5886 = LINE('',#5887,#5888);
#5887 = CARTESIAN_POINT('',(0.32,-5.875,0.));
#5888 = VECTOR('',#5889,1.);
#5889 = DIRECTION('',(0.,1.,0.));
#5890 = ORIENTED_EDGE('',*,*,#5891,.T.);
#5891 = EDGE_CURVE('',#5882,#5892,#5894,.T.);
#5892 = VERTEX_POINT('',#5893);
#5893 = CARTESIAN_POINT('',(-0.32,-7.94,0.));
#5894 = LINE('',#5895,#5896);
#5895 = CARTESIAN_POINT('',(-0.16,-7.94,0.));
#5896 = VECTOR('',#5897,1.);
#5897 = DIRECTION('',(-1.,0.,0.));
#5898 = ORIENTED_EDGE('',*,*,#5899,.T.);
#5899 = EDGE_CURVE('',#5892,#5900,#5902,.T.);
#5900 = VERTEX_POINT('',#5901);
#5901 = CARTESIAN_POINT('',(-0.32,-7.3,0.));
#5902 = LINE('',#5903,#5904);
#5903 = CARTESIAN_POINT('',(-0.32,-5.875,0.));
#5904 = VECTOR('',#5905,1.);
#5905 = DIRECTION('',(0.,1.,0.));
#5906 = ORIENTED_EDGE('',*,*,#5907,.F.);
#5907 = EDGE_CURVE('',#5884,#5900,#5908,.T.);
#5908 = LINE('',#5909,#5910);
#5909 = CARTESIAN_POINT('',(-0.16,-7.3,0.));
#5910 = VECTOR('',#5911,1.);
#5911 = DIRECTION('',(-1.,0.,0.));
#5912 = FACE_BOUND('',#5913,.F.);
#5913 = EDGE_LOOP('',(#5914,#5924,#5932,#5940));
#5914 = ORIENTED_EDGE('',*,*,#5915,.F.);
#5915 = EDGE_CURVE('',#5916,#5918,#5920,.T.);
#5916 = VERTEX_POINT('',#5917);
#5917 = CARTESIAN_POINT('',(0.32,-0.32,0.));
#5918 = VERTEX_POINT('',#5919);
#5919 = CARTESIAN_POINT('',(0.32,0.32,0.));
#5920 = LINE('',#5921,#5922);
#5921 = CARTESIAN_POINT('',(0.32,-2.065,0.));
#5922 = VECTOR('',#5923,1.);
#5923 = DIRECTION('',(0.,1.,0.));
#5924 = ORIENTED_EDGE('',*,*,#5925,.T.);
#5925 = EDGE_CURVE('',#5916,#5926,#5928,.T.);
#5926 = VERTEX_POINT('',#5927);
#5927 = CARTESIAN_POINT('',(-0.32,-0.32,0.));
#5928 = LINE('',#5929,#5930);
#5929 = CARTESIAN_POINT('',(-0.16,-0.32,0.));
#5930 = VECTOR('',#5931,1.);
#5931 = DIRECTION('',(-1.,0.,0.));
#5932 = ORIENTED_EDGE('',*,*,#5933,.T.);
#5933 = EDGE_CURVE('',#5926,#5934,#5936,.T.);
#5934 = VERTEX_POINT('',#5935);
#5935 = CARTESIAN_POINT('',(-0.32,0.32,0.));
#5936 = LINE('',#5937,#5938);
#5937 = CARTESIAN_POINT('',(-0.32,-2.065,0.));
#5938 = VECTOR('',#5939,1.);
#5939 = DIRECTION('',(0.,1.,0.));
#5940 = ORIENTED_EDGE('',*,*,#5941,.F.);
#5941 = EDGE_CURVE('',#5918,#5934,#5942,.T.);
#5942 = LINE('',#5943,#5944);
#5943 = CARTESIAN_POINT('',(-0.16,0.32,0.));
#5944 = VECTOR('',#5945,1.);
#5945 = DIRECTION('',(-1.,0.,0.));
#5946 = FACE_BOUND('',#5947,.F.);
#5947 = EDGE_LOOP('',(#5948,#5958,#5966,#5974));
#5948 = ORIENTED_EDGE('',*,*,#5949,.F.);
#5949 = EDGE_CURVE('',#5950,#5952,#5954,.T.);
#5950 = VERTEX_POINT('',#5951);
#5951 = CARTESIAN_POINT('',(0.32,-2.22,0.));
#5952 = VERTEX_POINT('',#5953);
#5953 = CARTESIAN_POINT('',(-0.32,-2.22,0.));
#5954 = LINE('',#5955,#5956);
#5955 = CARTESIAN_POINT('',(-0.16,-2.22,0.));
#5956 = VECTOR('',#5957,1.);
#5957 = DIRECTION('',(-1.,0.,0.));
#5958 = ORIENTED_EDGE('',*,*,#5959,.F.);
#5959 = EDGE_CURVE('',#5960,#5950,#5962,.T.);
#5960 = VERTEX_POINT('',#5961);
#5961 = CARTESIAN_POINT('',(0.32,-2.86,0.));
#5962 = LINE('',#5963,#5964);
#5963 = CARTESIAN_POINT('',(0.32,-3.335,0.));
#5964 = VECTOR('',#5965,1.);
#5965 = DIRECTION('',(0.,1.,0.));
#5966 = ORIENTED_EDGE('',*,*,#5967,.T.);
#5967 = EDGE_CURVE('',#5960,#5968,#5970,.T.);
#5968 = VERTEX_POINT('',#5969);
#5969 = CARTESIAN_POINT('',(-0.32,-2.86,0.));
#5970 = LINE('',#5971,#5972);
#5971 = CARTESIAN_POINT('',(-0.16,-2.86,0.));
#5972 = VECTOR('',#5973,1.);
#5973 = DIRECTION('',(-1.,0.,0.));
#5974 = ORIENTED_EDGE('',*,*,#5975,.T.);
#5975 = EDGE_CURVE('',#5968,#5952,#5976,.T.);
#5976 = LINE('',#5977,#5978);
#5977 = CARTESIAN_POINT('',(-0.32,-3.335,0.));
#5978 = VECTOR('',#5979,1.);
#5979 = DIRECTION('',(0.,1.,0.));
#5980 = PLANE('',#5981);
#5981 = AXIS2_PLACEMENT_3D('',#5982,#5983,#5984);
#5982 = CARTESIAN_POINT('',(4.259053689278E-17,-3.81,0.));
#5983 = DIRECTION('',(0.,0.,1.));
#5984 = DIRECTION('',(1.,0.,-0.));
#5985 = ADVANCED_FACE('',(#5986,#6173,#6207,#6241,#6275),#6309,.T.);
#5986 = FACE_BOUND('',#5987,.T.);
#5987 = EDGE_LOOP('',(#5988,#5989,#5990,#5998,#6006,#6014,#6022,#6030,
    #6038,#6046,#6054,#6062,#6070,#6078,#6086,#6094,#6102,#6110,#6118,
    #6126,#6134,#6142,#6150,#6158,#6166,#6172));
#5988 = ORIENTED_EDGE('',*,*,#5568,.T.);
#5989 = ORIENTED_EDGE('',*,*,#5630,.T.);
#5990 = ORIENTED_EDGE('',*,*,#5991,.T.);
#5991 = EDGE_CURVE('',#5631,#5992,#5994,.T.);
#5992 = VERTEX_POINT('',#5993);
#5993 = CARTESIAN_POINT('',(-1.016,-1.27,2.54));
#5994 = LINE('',#5995,#5996);
#5995 = CARTESIAN_POINT('',(-1.27,-1.016,2.54));
#5996 = VECTOR('',#5997,1.);
#5997 = DIRECTION('',(0.707106781187,-0.707106781187,0.));
#5998 = ORIENTED_EDGE('',*,*,#5999,.T.);
#5999 = EDGE_CURVE('',#5992,#6000,#6002,.T.);
#6000 = VERTEX_POINT('',#6001);
#6001 = CARTESIAN_POINT('',(-1.27,-1.524,2.54));
#6002 = LINE('',#6003,#6004);
#6003 = CARTESIAN_POINT('',(-1.016,-1.27,2.54));
#6004 = VECTOR('',#6005,1.);
#6005 = DIRECTION('',(-0.707106781187,-0.707106781187,0.));
#6006 = ORIENTED_EDGE('',*,*,#6007,.T.);
#6007 = EDGE_CURVE('',#6000,#6008,#6010,.T.);
#6008 = VERTEX_POINT('',#6009);
#6009 = CARTESIAN_POINT('',(-1.27,-3.556,2.54));
#6010 = LINE('',#6011,#6012);
#6011 = CARTESIAN_POINT('',(-1.27,-1.524,2.54));
#6012 = VECTOR('',#6013,1.);
#6013 = DIRECTION('',(0.,-1.,0.));
#6014 = ORIENTED_EDGE('',*,*,#6015,.T.);
#6015 = EDGE_CURVE('',#6008,#6016,#6018,.T.);
#6016 = VERTEX_POINT('',#6017);
#6017 = CARTESIAN_POINT('',(-1.016,-3.81,2.54));
#6018 = LINE('',#6019,#6020);
#6019 = CARTESIAN_POINT('',(-1.27,-3.556,2.54));
#6020 = VECTOR('',#6021,1.);
#6021 = DIRECTION('',(0.707106781187,-0.707106781187,0.));
#6022 = ORIENTED_EDGE('',*,*,#6023,.T.);
#6023 = EDGE_CURVE('',#6016,#6024,#6026,.T.);
#6024 = VERTEX_POINT('',#6025);
#6025 = CARTESIAN_POINT('',(-1.27,-4.064,2.54));
#6026 = LINE('',#6027,#6028);
#6027 = CARTESIAN_POINT('',(-1.016,-3.81,2.54));
#6028 = VECTOR('',#6029,1.);
#6029 = DIRECTION('',(-0.707106781187,-0.707106781187,0.));
#6030 = ORIENTED_EDGE('',*,*,#6031,.T.);
#6031 = EDGE_CURVE('',#6024,#6032,#6034,.T.);
#6032 = VERTEX_POINT('',#6033);
#6033 = CARTESIAN_POINT('',(-1.27,-6.096,2.54));
#6034 = LINE('',#6035,#6036);
#6035 = CARTESIAN_POINT('',(-1.27,-4.064,2.54));
#6036 = VECTOR('',#6037,1.);
#6037 = DIRECTION('',(0.,-1.,0.));
#6038 = ORIENTED_EDGE('',*,*,#6039,.T.);
#6039 = EDGE_CURVE('',#6032,#6040,#6042,.T.);
#6040 = VERTEX_POINT('',#6041);
#6041 = CARTESIAN_POINT('',(-1.016,-6.35,2.54));
#6042 = LINE('',#6043,#6044);
#6043 = CARTESIAN_POINT('',(-1.27,-6.096,2.54));
#6044 = VECTOR('',#6045,1.);
#6045 = DIRECTION('',(0.707106781187,-0.707106781187,0.));
#6046 = ORIENTED_EDGE('',*,*,#6047,.T.);
#6047 = EDGE_CURVE('',#6040,#6048,#6050,.T.);
#6048 = VERTEX_POINT('',#6049);
#6049 = CARTESIAN_POINT('',(-1.27,-6.604,2.54));
#6050 = LINE('',#6051,#6052);
#6051 = CARTESIAN_POINT('',(-1.016,-6.35,2.54));
#6052 = VECTOR('',#6053,1.);
#6053 = DIRECTION('',(-0.707106781187,-0.707106781187,0.));
#6054 = ORIENTED_EDGE('',*,*,#6055,.T.);
#6055 = EDGE_CURVE('',#6048,#6056,#6058,.T.);
#6056 = VERTEX_POINT('',#6057);
#6057 = CARTESIAN_POINT('',(-1.27,-8.636,2.54));
#6058 = LINE('',#6059,#6060);
#6059 = CARTESIAN_POINT('',(-1.27,-6.604,2.54));
#6060 = VECTOR('',#6061,1.);
#6061 = DIRECTION('',(0.,-1.,0.));
#6062 = ORIENTED_EDGE('',*,*,#6063,.T.);
#6063 = EDGE_CURVE('',#6056,#6064,#6066,.T.);
#6064 = VERTEX_POINT('',#6065);
#6065 = CARTESIAN_POINT('',(-1.016,-8.89,2.54));
#6066 = LINE('',#6067,#6068);
#6067 = CARTESIAN_POINT('',(-1.27,-8.636,2.54));
#6068 = VECTOR('',#6069,1.);
#6069 = DIRECTION('',(0.707106781187,-0.707106781187,0.));
#6070 = ORIENTED_EDGE('',*,*,#6071,.T.);
#6071 = EDGE_CURVE('',#6064,#6072,#6074,.T.);
#6072 = VERTEX_POINT('',#6073);
#6073 = CARTESIAN_POINT('',(1.016,-8.89,2.54));
#6074 = LINE('',#6075,#6076);
#6075 = CARTESIAN_POINT('',(-1.016,-8.89,2.54));
#6076 = VECTOR('',#6077,1.);
#6077 = DIRECTION('',(1.,0.,0.));
#6078 = ORIENTED_EDGE('',*,*,#6079,.T.);
#6079 = EDGE_CURVE('',#6072,#6080,#6082,.T.);
#6080 = VERTEX_POINT('',#6081);
#6081 = CARTESIAN_POINT('',(1.27,-8.636,2.54));
#6082 = LINE('',#6083,#6084);
#6083 = CARTESIAN_POINT('',(1.016,-8.89,2.54));
#6084 = VECTOR('',#6085,1.);
#6085 = DIRECTION('',(0.707106781187,0.707106781187,0.));
#6086 = ORIENTED_EDGE('',*,*,#6087,.T.);
#6087 = EDGE_CURVE('',#6080,#6088,#6090,.T.);
#6088 = VERTEX_POINT('',#6089);
#6089 = CARTESIAN_POINT('',(1.27,-6.604,2.54));
#6090 = LINE('',#6091,#6092);
#6091 = CARTESIAN_POINT('',(1.27,-8.636,2.54));
#6092 = VECTOR('',#6093,1.);
#6093 = DIRECTION('',(0.,1.,0.));
#6094 = ORIENTED_EDGE('',*,*,#6095,.T.);
#6095 = EDGE_CURVE('',#6088,#6096,#6098,.T.);
#6096 = VERTEX_POINT('',#6097);
#6097 = CARTESIAN_POINT('',(1.016,-6.35,2.54));
#6098 = LINE('',#6099,#6100);
#6099 = CARTESIAN_POINT('',(1.27,-6.604,2.54));
#6100 = VECTOR('',#6101,1.);
#6101 = DIRECTION('',(-0.707106781187,0.707106781187,0.));
#6102 = ORIENTED_EDGE('',*,*,#6103,.T.);
#6103 = EDGE_CURVE('',#6096,#6104,#6106,.T.);
#6104 = VERTEX_POINT('',#6105);
#6105 = CARTESIAN_POINT('',(1.27,-6.096,2.54));
#6106 = LINE('',#6107,#6108);
#6107 = CARTESIAN_POINT('',(1.016,-6.35,2.54));
#6108 = VECTOR('',#6109,1.);
#6109 = DIRECTION('',(0.707106781187,0.707106781187,0.));
#6110 = ORIENTED_EDGE('',*,*,#6111,.T.);
#6111 = EDGE_CURVE('',#6104,#6112,#6114,.T.);
#6112 = VERTEX_POINT('',#6113);
#6113 = CARTESIAN_POINT('',(1.27,-4.064,2.54));
#6114 = LINE('',#6115,#6116);
#6115 = CARTESIAN_POINT('',(1.27,-6.096,2.54));
#6116 = VECTOR('',#6117,1.);
#6117 = DIRECTION('',(0.,1.,0.));
#6118 = ORIENTED_EDGE('',*,*,#6119,.T.);
#6119 = EDGE_CURVE('',#6112,#6120,#6122,.T.);
#6120 = VERTEX_POINT('',#6121);
#6121 = CARTESIAN_POINT('',(1.016,-3.81,2.54));
#6122 = LINE('',#6123,#6124);
#6123 = CARTESIAN_POINT('',(1.27,-4.064,2.54));
#6124 = VECTOR('',#6125,1.);
#6125 = DIRECTION('',(-0.707106781187,0.707106781187,0.));
#6126 = ORIENTED_EDGE('',*,*,#6127,.T.);
#6127 = EDGE_CURVE('',#6120,#6128,#6130,.T.);
#6128 = VERTEX_POINT('',#6129);
#6129 = CARTESIAN_POINT('',(1.27,-3.556,2.54));
#6130 = LINE('',#6131,#6132);
#6131 = CARTESIAN_POINT('',(1.016,-3.81,2.54));
#6132 = VECTOR('',#6133,1.);
#6133 = DIRECTION('',(0.707106781187,0.707106781187,0.));
#6134 = ORIENTED_EDGE('',*,*,#6135,.T.);
#6135 = EDGE_CURVE('',#6128,#6136,#6138,.T.);
#6136 = VERTEX_POINT('',#6137);
#6137 = CARTESIAN_POINT('',(1.27,-1.524,2.54));
#6138 = LINE('',#6139,#6140);
#6139 = CARTESIAN_POINT('',(1.27,-3.556,2.54));
#6140 = VECTOR('',#6141,1.);
#6141 = DIRECTION('',(0.,1.,0.));
#6142 = ORIENTED_EDGE('',*,*,#6143,.T.);
#6143 = EDGE_CURVE('',#6136,#6144,#6146,.T.);
#6144 = VERTEX_POINT('',#6145);
#6145 = CARTESIAN_POINT('',(1.016,-1.27,2.54));
#6146 = LINE('',#6147,#6148);
#6147 = CARTESIAN_POINT('',(1.27,-1.524,2.54));
#6148 = VECTOR('',#6149,1.);
#6149 = DIRECTION('',(-0.707106781187,0.707106781187,0.));
#6150 = ORIENTED_EDGE('',*,*,#6151,.T.);
#6151 = EDGE_CURVE('',#6144,#6152,#6154,.T.);
#6152 = VERTEX_POINT('',#6153);
#6153 = CARTESIAN_POINT('',(1.27,-1.016,2.54));
#6154 = LINE('',#6155,#6156);
#6155 = CARTESIAN_POINT('',(1.016,-1.27,2.54));
#6156 = VECTOR('',#6157,1.);
#6157 = DIRECTION('',(0.707106781187,0.707106781187,0.));
#6158 = ORIENTED_EDGE('',*,*,#6159,.T.);
#6159 = EDGE_CURVE('',#6152,#6160,#6162,.T.);
#6160 = VERTEX_POINT('',#6161);
#6161 = CARTESIAN_POINT('',(1.27,1.016,2.54));
#6162 = LINE('',#6163,#6164);
#6163 = CARTESIAN_POINT('',(1.27,-1.016,2.54));
#6164 = VECTOR('',#6165,1.);
#6165 = DIRECTION('',(0.,1.,0.));
#6166 = ORIENTED_EDGE('',*,*,#6167,.T.);
#6167 = EDGE_CURVE('',#6160,#5601,#6168,.T.);
#6168 = LINE('',#6169,#6170);
#6169 = CARTESIAN_POINT('',(1.27,1.016,2.54));
#6170 = VECTOR('',#6171,1.);
#6171 = DIRECTION('',(-0.707106781187,0.707106781187,0.));
#6172 = ORIENTED_EDGE('',*,*,#5608,.T.);
#6173 = FACE_BOUND('',#6174,.T.);
#6174 = EDGE_LOOP('',(#6175,#6185,#6193,#6201));
#6175 = ORIENTED_EDGE('',*,*,#6176,.F.);
#6176 = EDGE_CURVE('',#6177,#6179,#6181,.T.);
#6177 = VERTEX_POINT('',#6178);
#6178 = CARTESIAN_POINT('',(0.32,-4.76,2.54));
#6179 = VERTEX_POINT('',#6180);
#6180 = CARTESIAN_POINT('',(-0.32,-4.76,2.54));
#6181 = LINE('',#6182,#6183);
#6182 = CARTESIAN_POINT('',(-0.16,-4.76,2.54));
#6183 = VECTOR('',#6184,1.);
#6184 = DIRECTION('',(-1.,0.,0.));
#6185 = ORIENTED_EDGE('',*,*,#6186,.F.);
#6186 = EDGE_CURVE('',#6187,#6177,#6189,.T.);
#6187 = VERTEX_POINT('',#6188);
#6188 = CARTESIAN_POINT('',(0.32,-5.4,2.54));
#6189 = LINE('',#6190,#6191);
#6190 = CARTESIAN_POINT('',(0.32,-4.605,2.54));
#6191 = VECTOR('',#6192,1.);
#6192 = DIRECTION('',(0.,1.,0.));
#6193 = ORIENTED_EDGE('',*,*,#6194,.T.);
#6194 = EDGE_CURVE('',#6187,#6195,#6197,.T.);
#6195 = VERTEX_POINT('',#6196);
#6196 = CARTESIAN_POINT('',(-0.32,-5.4,2.54));
#6197 = LINE('',#6198,#6199);
#6198 = CARTESIAN_POINT('',(-0.16,-5.4,2.54));
#6199 = VECTOR('',#6200,1.);
#6200 = DIRECTION('',(-1.,0.,0.));
#6201 = ORIENTED_EDGE('',*,*,#6202,.T.);
#6202 = EDGE_CURVE('',#6195,#6179,#6203,.T.);
#6203 = LINE('',#6204,#6205);
#6204 = CARTESIAN_POINT('',(-0.32,-4.605,2.54));
#6205 = VECTOR('',#6206,1.);
#6206 = DIRECTION('',(0.,1.,0.));
#6207 = FACE_BOUND('',#6208,.T.);
#6208 = EDGE_LOOP('',(#6209,#6219,#6227,#6235));
#6209 = ORIENTED_EDGE('',*,*,#6210,.F.);
#6210 = EDGE_CURVE('',#6211,#6213,#6215,.T.);
#6211 = VERTEX_POINT('',#6212);
#6212 = CARTESIAN_POINT('',(0.32,-7.94,2.54));
#6213 = VERTEX_POINT('',#6214);
#6214 = CARTESIAN_POINT('',(0.32,-7.3,2.54));
#6215 = LINE('',#6216,#6217);
#6216 = CARTESIAN_POINT('',(0.32,-5.875,2.54));
#6217 = VECTOR('',#6218,1.);
#6218 = DIRECTION('',(0.,1.,0.));
#6219 = ORIENTED_EDGE('',*,*,#6220,.T.);
#6220 = EDGE_CURVE('',#6211,#6221,#6223,.T.);
#6221 = VERTEX_POINT('',#6222);
#6222 = CARTESIAN_POINT('',(-0.32,-7.94,2.54));
#6223 = LINE('',#6224,#6225);
#6224 = CARTESIAN_POINT('',(-0.16,-7.94,2.54));
#6225 = VECTOR('',#6226,1.);
#6226 = DIRECTION('',(-1.,0.,0.));
#6227 = ORIENTED_EDGE('',*,*,#6228,.T.);
#6228 = EDGE_CURVE('',#6221,#6229,#6231,.T.);
#6229 = VERTEX_POINT('',#6230);
#6230 = CARTESIAN_POINT('',(-0.32,-7.3,2.54));
#6231 = LINE('',#6232,#6233);
#6232 = CARTESIAN_POINT('',(-0.32,-5.875,2.54));
#6233 = VECTOR('',#6234,1.);
#6234 = DIRECTION('',(0.,1.,0.));
#6235 = ORIENTED_EDGE('',*,*,#6236,.F.);
#6236 = EDGE_CURVE('',#6213,#6229,#6237,.T.);
#6237 = LINE('',#6238,#6239);
#6238 = CARTESIAN_POINT('',(-0.16,-7.3,2.54));
#6239 = VECTOR('',#6240,1.);
#6240 = DIRECTION('',(-1.,0.,0.));
#6241 = FACE_BOUND('',#6242,.T.);
#6242 = EDGE_LOOP('',(#6243,#6253,#6261,#6269));
#6243 = ORIENTED_EDGE('',*,*,#6244,.F.);
#6244 = EDGE_CURVE('',#6245,#6247,#6249,.T.);
#6245 = VERTEX_POINT('',#6246);
#6246 = CARTESIAN_POINT('',(0.32,-0.32,2.54));
#6247 = VERTEX_POINT('',#6248);
#6248 = CARTESIAN_POINT('',(0.32,0.32,2.54));
#6249 = LINE('',#6250,#6251);
#6250 = CARTESIAN_POINT('',(0.32,-2.065,2.54));
#6251 = VECTOR('',#6252,1.);
#6252 = DIRECTION('',(0.,1.,0.));
#6253 = ORIENTED_EDGE('',*,*,#6254,.T.);
#6254 = EDGE_CURVE('',#6245,#6255,#6257,.T.);
#6255 = VERTEX_POINT('',#6256);
#6256 = CARTESIAN_POINT('',(-0.32,-0.32,2.54));
#6257 = LINE('',#6258,#6259);
#6258 = CARTESIAN_POINT('',(-0.16,-0.32,2.54));
#6259 = VECTOR('',#6260,1.);
#6260 = DIRECTION('',(-1.,0.,0.));
#6261 = ORIENTED_EDGE('',*,*,#6262,.T.);
#6262 = EDGE_CURVE('',#6255,#6263,#6265,.T.);
#6263 = VERTEX_POINT('',#6264);
#6264 = CARTESIAN_POINT('',(-0.32,0.32,2.54));
#6265 = LINE('',#6266,#6267);
#6266 = CARTESIAN_POINT('',(-0.32,-2.065,2.54));
#6267 = VECTOR('',#6268,1.);
#6268 = DIRECTION('',(0.,1.,0.));
#6269 = ORIENTED_EDGE('',*,*,#6270,.F.);
#6270 = EDGE_CURVE('',#6247,#6263,#6271,.T.);
#6271 = LINE('',#6272,#6273);
#6272 = CARTESIAN_POINT('',(-0.16,0.32,2.54));
#6273 = VECTOR('',#6274,1.);
#6274 = DIRECTION('',(-1.,0.,0.));
#6275 = FACE_BOUND('',#6276,.T.);
#6276 = EDGE_LOOP('',(#6277,#6287,#6295,#6303));
#6277 = ORIENTED_EDGE('',*,*,#6278,.F.);
#6278 = EDGE_CURVE('',#6279,#6281,#6283,.T.);
#6279 = VERTEX_POINT('',#6280);
#6280 = CARTESIAN_POINT('',(0.32,-2.22,2.54));
#6281 = VERTEX_POINT('',#6282);
#6282 = CARTESIAN_POINT('',(-0.32,-2.22,2.54));
#6283 = LINE('',#6284,#6285);
#6284 = CARTESIAN_POINT('',(-0.16,-2.22,2.54));
#6285 = VECTOR('',#6286,1.);
#6286 = DIRECTION('',(-1.,0.,0.));
#6287 = ORIENTED_EDGE('',*,*,#6288,.F.);
#6288 = EDGE_CURVE('',#6289,#6279,#6291,.T.);
#6289 = VERTEX_POINT('',#6290);
#6290 = CARTESIAN_POINT('',(0.32,-2.86,2.54));
#6291 = LINE('',#6292,#6293);
#6292 = CARTESIAN_POINT('',(0.32,-3.335,2.54));
#6293 = VECTOR('',#6294,1.);
#6294 = DIRECTION('',(0.,1.,0.));
#6295 = ORIENTED_EDGE('',*,*,#6296,.T.);
#6296 = EDGE_CURVE('',#6289,#6297,#6299,.T.);
#6297 = VERTEX_POINT('',#6298);
#6298 = CARTESIAN_POINT('',(-0.32,-2.86,2.54));
#6299 = LINE('',#6300,#6301);
#6300 = CARTESIAN_POINT('',(-0.16,-2.86,2.54));
#6301 = VECTOR('',#6302,1.);
#6302 = DIRECTION('',(-1.,0.,0.));
#6303 = ORIENTED_EDGE('',*,*,#6304,.T.);
#6304 = EDGE_CURVE('',#6297,#6281,#6305,.T.);
#6305 = LINE('',#6306,#6307);
#6306 = CARTESIAN_POINT('',(-0.32,-3.335,2.54));
#6307 = VECTOR('',#6308,1.);
#6308 = DIRECTION('',(0.,1.,0.));
#6309 = PLANE('',#6310);
#6310 = AXIS2_PLACEMENT_3D('',#6311,#6312,#6313);
#6311 = CARTESIAN_POINT('',(4.259053689278E-17,-3.81,2.54));
#6312 = DIRECTION('',(0.,0.,1.));
#6313 = DIRECTION('',(1.,0.,-0.));
#6314 = ADVANCED_FACE('',(#6315),#6326,.F.);
#6315 = FACE_BOUND('',#6316,.F.);
#6316 = EDGE_LOOP('',(#6317,#6323,#6324,#6325));
#6317 = ORIENTED_EDGE('',*,*,#6318,.T.);
#6318 = EDGE_CURVE('',#5831,#6160,#6319,.T.);
#6319 = LINE('',#6320,#6321);
#6320 = CARTESIAN_POINT('',(1.27,1.016,0.));
#6321 = VECTOR('',#6322,1.);
#6322 = DIRECTION('',(0.,0.,1.));
#6323 = ORIENTED_EDGE('',*,*,#6167,.T.);
#6324 = ORIENTED_EDGE('',*,*,#5598,.F.);
#6325 = ORIENTED_EDGE('',*,*,#5838,.F.);
#6326 = PLANE('',#6327);
#6327 = AXIS2_PLACEMENT_3D('',#6328,#6329,#6330);
#6328 = CARTESIAN_POINT('',(1.27,1.016,0.));
#6329 = DIRECTION('',(-0.707106781187,-0.707106781187,0.));
#6330 = DIRECTION('',(-0.707106781187,0.707106781187,0.));
#6331 = ADVANCED_FACE('',(#6332),#6343,.F.);
#6332 = FACE_BOUND('',#6333,.F.);
#6333 = EDGE_LOOP('',(#6334,#6335,#6336,#6342));
#6334 = ORIENTED_EDGE('',*,*,#5638,.T.);
#6335 = ORIENTED_EDGE('',*,*,#5991,.T.);
#6336 = ORIENTED_EDGE('',*,*,#6337,.F.);
#6337 = EDGE_CURVE('',#5663,#5992,#6338,.T.);
#6338 = LINE('',#6339,#6340);
#6339 = CARTESIAN_POINT('',(-1.016,-1.27,0.));
#6340 = VECTOR('',#6341,1.);
#6341 = DIRECTION('',(0.,0.,1.));
#6342 = ORIENTED_EDGE('',*,*,#5662,.F.);
#6343 = PLANE('',#6344);
#6344 = AXIS2_PLACEMENT_3D('',#6345,#6346,#6347);
#6345 = CARTESIAN_POINT('',(-1.27,-1.016,0.));
#6346 = DIRECTION('',(0.707106781187,0.707106781187,0.));
#6347 = DIRECTION('',(0.707106781187,-0.707106781187,0.));
#6348 = ADVANCED_FACE('',(#6349),#6360,.F.);
#6349 = FACE_BOUND('',#6350,.F.);
#6350 = EDGE_LOOP('',(#6351,#6357,#6358,#6359));
#6351 = ORIENTED_EDGE('',*,*,#6352,.T.);
#6352 = EDGE_CURVE('',#5823,#6152,#6353,.T.);
#6353 = LINE('',#6354,#6355);
#6354 = CARTESIAN_POINT('',(1.27,-1.016,0.));
#6355 = VECTOR('',#6356,1.);
#6356 = DIRECTION('',(0.,0.,1.));
#6357 = ORIENTED_EDGE('',*,*,#6159,.T.);
#6358 = ORIENTED_EDGE('',*,*,#6318,.F.);
#6359 = ORIENTED_EDGE('',*,*,#5830,.F.);
#6360 = PLANE('',#6361);
#6361 = AXIS2_PLACEMENT_3D('',#6362,#6363,#6364);
#6362 = CARTESIAN_POINT('',(1.27,-1.016,0.));
#6363 = DIRECTION('',(-1.,0.,0.));
#6364 = DIRECTION('',(0.,1.,0.));
#6365 = ADVANCED_FACE('',(#6366),#6377,.F.);
#6366 = FACE_BOUND('',#6367,.F.);
#6367 = EDGE_LOOP('',(#6368,#6369,#6370,#6376));
#6368 = ORIENTED_EDGE('',*,*,#6337,.T.);
#6369 = ORIENTED_EDGE('',*,*,#5999,.T.);
#6370 = ORIENTED_EDGE('',*,*,#6371,.F.);
#6371 = EDGE_CURVE('',#5671,#6000,#6372,.T.);
#6372 = LINE('',#6373,#6374);
#6373 = CARTESIAN_POINT('',(-1.27,-1.524,0.));
#6374 = VECTOR('',#6375,1.);
#6375 = DIRECTION('',(0.,0.,1.));
#6376 = ORIENTED_EDGE('',*,*,#5670,.F.);
#6377 = PLANE('',#6378);
#6378 = AXIS2_PLACEMENT_3D('',#6379,#6380,#6381);
#6379 = CARTESIAN_POINT('',(-1.016,-1.27,0.));
#6380 = DIRECTION('',(0.707106781187,-0.707106781187,0.));
#6381 = DIRECTION('',(-0.707106781187,-0.707106781187,0.));
#6382 = ADVANCED_FACE('',(#6383),#6394,.F.);
#6383 = FACE_BOUND('',#6384,.F.);
#6384 = EDGE_LOOP('',(#6385,#6391,#6392,#6393));
#6385 = ORIENTED_EDGE('',*,*,#6386,.T.);
#6386 = EDGE_CURVE('',#5815,#6144,#6387,.T.);
#6387 = LINE('',#6388,#6389);
#6388 = CARTESIAN_POINT('',(1.016,-1.27,0.));
#6389 = VECTOR('',#6390,1.);
#6390 = DIRECTION('',(0.,0.,1.));
#6391 = ORIENTED_EDGE('',*,*,#6151,.T.);
#6392 = ORIENTED_EDGE('',*,*,#6352,.F.);
#6393 = ORIENTED_EDGE('',*,*,#5822,.F.);
#6394 = PLANE('',#6395);
#6395 = AXIS2_PLACEMENT_3D('',#6396,#6397,#6398);
#6396 = CARTESIAN_POINT('',(1.016,-1.27,0.));
#6397 = DIRECTION('',(-0.707106781187,0.707106781187,0.));
#6398 = DIRECTION('',(0.707106781187,0.707106781187,0.));
#6399 = ADVANCED_FACE('',(#6400),#6411,.F.);
#6400 = FACE_BOUND('',#6401,.F.);
#6401 = EDGE_LOOP('',(#6402,#6403,#6404,#6410));
#6402 = ORIENTED_EDGE('',*,*,#6371,.T.);
#6403 = ORIENTED_EDGE('',*,*,#6007,.T.);
#6404 = ORIENTED_EDGE('',*,*,#6405,.F.);
#6405 = EDGE_CURVE('',#5679,#6008,#6406,.T.);
#6406 = LINE('',#6407,#6408);
#6407 = CARTESIAN_POINT('',(-1.27,-3.556,0.));
#6408 = VECTOR('',#6409,1.);
#6409 = DIRECTION('',(0.,0.,1.));
#6410 = ORIENTED_EDGE('',*,*,#5678,.F.);
#6411 = PLANE('',#6412);
#6412 = AXIS2_PLACEMENT_3D('',#6413,#6414,#6415);
#6413 = CARTESIAN_POINT('',(-1.27,-1.524,0.));
#6414 = DIRECTION('',(1.,0.,0.));
#6415 = DIRECTION('',(0.,-1.,0.));
#6416 = ADVANCED_FACE('',(#6417),#6428,.F.);
#6417 = FACE_BOUND('',#6418,.F.);
#6418 = EDGE_LOOP('',(#6419,#6425,#6426,#6427));
#6419 = ORIENTED_EDGE('',*,*,#6420,.T.);
#6420 = EDGE_CURVE('',#5807,#6136,#6421,.T.);
#6421 = LINE('',#6422,#6423);
#6422 = CARTESIAN_POINT('',(1.27,-1.524,0.));
#6423 = VECTOR('',#6424,1.);
#6424 = DIRECTION('',(0.,0.,1.));
#6425 = ORIENTED_EDGE('',*,*,#6143,.T.);
#6426 = ORIENTED_EDGE('',*,*,#6386,.F.);
#6427 = ORIENTED_EDGE('',*,*,#5814,.F.);
#6428 = PLANE('',#6429);
#6429 = AXIS2_PLACEMENT_3D('',#6430,#6431,#6432);
#6430 = CARTESIAN_POINT('',(1.27,-1.524,0.));
#6431 = DIRECTION('',(-0.707106781187,-0.707106781187,0.));
#6432 = DIRECTION('',(-0.707106781187,0.707106781187,0.));
#6433 = ADVANCED_FACE('',(#6434),#6445,.F.);
#6434 = FACE_BOUND('',#6435,.F.);
#6435 = EDGE_LOOP('',(#6436,#6437,#6438,#6444));
#6436 = ORIENTED_EDGE('',*,*,#6405,.T.);
#6437 = ORIENTED_EDGE('',*,*,#6015,.T.);
#6438 = ORIENTED_EDGE('',*,*,#6439,.F.);
#6439 = EDGE_CURVE('',#5687,#6016,#6440,.T.);
#6440 = LINE('',#6441,#6442);
#6441 = CARTESIAN_POINT('',(-1.016,-3.81,0.));
#6442 = VECTOR('',#6443,1.);
#6443 = DIRECTION('',(0.,0.,1.));
#6444 = ORIENTED_EDGE('',*,*,#5686,.F.);
#6445 = PLANE('',#6446);
#6446 = AXIS2_PLACEMENT_3D('',#6447,#6448,#6449);
#6447 = CARTESIAN_POINT('',(-1.27,-3.556,0.));
#6448 = DIRECTION('',(0.707106781187,0.707106781187,0.));
#6449 = DIRECTION('',(0.707106781187,-0.707106781187,0.));
#6450 = ADVANCED_FACE('',(#6451),#6462,.F.);
#6451 = FACE_BOUND('',#6452,.F.);
#6452 = EDGE_LOOP('',(#6453,#6459,#6460,#6461));
#6453 = ORIENTED_EDGE('',*,*,#6454,.T.);
#6454 = EDGE_CURVE('',#5799,#6128,#6455,.T.);
#6455 = LINE('',#6456,#6457);
#6456 = CARTESIAN_POINT('',(1.27,-3.556,0.));
#6457 = VECTOR('',#6458,1.);
#6458 = DIRECTION('',(0.,0.,1.));
#6459 = ORIENTED_EDGE('',*,*,#6135,.T.);
#6460 = ORIENTED_EDGE('',*,*,#6420,.F.);
#6461 = ORIENTED_EDGE('',*,*,#5806,.F.);
#6462 = PLANE('',#6463);
#6463 = AXIS2_PLACEMENT_3D('',#6464,#6465,#6466);
#6464 = CARTESIAN_POINT('',(1.27,-3.556,0.));
#6465 = DIRECTION('',(-1.,0.,0.));
#6466 = DIRECTION('',(0.,1.,0.));
#6467 = ADVANCED_FACE('',(#6468),#6479,.F.);
#6468 = FACE_BOUND('',#6469,.F.);
#6469 = EDGE_LOOP('',(#6470,#6471,#6472,#6478));
#6470 = ORIENTED_EDGE('',*,*,#6439,.T.);
#6471 = ORIENTED_EDGE('',*,*,#6023,.T.);
#6472 = ORIENTED_EDGE('',*,*,#6473,.F.);
#6473 = EDGE_CURVE('',#5695,#6024,#6474,.T.);
#6474 = LINE('',#6475,#6476);
#6475 = CARTESIAN_POINT('',(-1.27,-4.064,0.));
#6476 = VECTOR('',#6477,1.);
#6477 = DIRECTION('',(0.,0.,1.));
#6478 = ORIENTED_EDGE('',*,*,#5694,.F.);
#6479 = PLANE('',#6480);
#6480 = AXIS2_PLACEMENT_3D('',#6481,#6482,#6483);
#6481 = CARTESIAN_POINT('',(-1.016,-3.81,0.));
#6482 = DIRECTION('',(0.707106781187,-0.707106781187,0.));
#6483 = DIRECTION('',(-0.707106781187,-0.707106781187,0.));
#6484 = ADVANCED_FACE('',(#6485),#6496,.F.);
#6485 = FACE_BOUND('',#6486,.F.);
#6486 = EDGE_LOOP('',(#6487,#6493,#6494,#6495));
#6487 = ORIENTED_EDGE('',*,*,#6488,.T.);
#6488 = EDGE_CURVE('',#5791,#6120,#6489,.T.);
#6489 = LINE('',#6490,#6491);
#6490 = CARTESIAN_POINT('',(1.016,-3.81,0.));
#6491 = VECTOR('',#6492,1.);
#6492 = DIRECTION('',(0.,0.,1.));
#6493 = ORIENTED_EDGE('',*,*,#6127,.T.);
#6494 = ORIENTED_EDGE('',*,*,#6454,.F.);
#6495 = ORIENTED_EDGE('',*,*,#5798,.F.);
#6496 = PLANE('',#6497);
#6497 = AXIS2_PLACEMENT_3D('',#6498,#6499,#6500);
#6498 = CARTESIAN_POINT('',(1.016,-3.81,0.));
#6499 = DIRECTION('',(-0.707106781187,0.707106781187,0.));
#6500 = DIRECTION('',(0.707106781187,0.707106781187,0.));
#6501 = ADVANCED_FACE('',(#6502),#6513,.F.);
#6502 = FACE_BOUND('',#6503,.F.);
#6503 = EDGE_LOOP('',(#6504,#6505,#6506,#6512));
#6504 = ORIENTED_EDGE('',*,*,#6473,.T.);
#6505 = ORIENTED_EDGE('',*,*,#6031,.T.);
#6506 = ORIENTED_EDGE('',*,*,#6507,.F.);
#6507 = EDGE_CURVE('',#5703,#6032,#6508,.T.);
#6508 = LINE('',#6509,#6510);
#6509 = CARTESIAN_POINT('',(-1.27,-6.096,0.));
#6510 = VECTOR('',#6511,1.);
#6511 = DIRECTION('',(0.,0.,1.));
#6512 = ORIENTED_EDGE('',*,*,#5702,.F.);
#6513 = PLANE('',#6514);
#6514 = AXIS2_PLACEMENT_3D('',#6515,#6516,#6517);
#6515 = CARTESIAN_POINT('',(-1.27,-4.064,0.));
#6516 = DIRECTION('',(1.,0.,0.));
#6517 = DIRECTION('',(0.,-1.,0.));
#6518 = ADVANCED_FACE('',(#6519),#6530,.F.);
#6519 = FACE_BOUND('',#6520,.F.);
#6520 = EDGE_LOOP('',(#6521,#6527,#6528,#6529));
#6521 = ORIENTED_EDGE('',*,*,#6522,.T.);
#6522 = EDGE_CURVE('',#5783,#6112,#6523,.T.);
#6523 = LINE('',#6524,#6525);
#6524 = CARTESIAN_POINT('',(1.27,-4.064,0.));
#6525 = VECTOR('',#6526,1.);
#6526 = DIRECTION('',(0.,0.,1.));
#6527 = ORIENTED_EDGE('',*,*,#6119,.T.);
#6528 = ORIENTED_EDGE('',*,*,#6488,.F.);
#6529 = ORIENTED_EDGE('',*,*,#5790,.F.);
#6530 = PLANE('',#6531);
#6531 = AXIS2_PLACEMENT_3D('',#6532,#6533,#6534);
#6532 = CARTESIAN_POINT('',(1.27,-4.064,0.));
#6533 = DIRECTION('',(-0.707106781187,-0.707106781187,0.));
#6534 = DIRECTION('',(-0.707106781187,0.707106781187,0.));
#6535 = ADVANCED_FACE('',(#6536),#6547,.F.);
#6536 = FACE_BOUND('',#6537,.F.);
#6537 = EDGE_LOOP('',(#6538,#6539,#6540,#6546));
#6538 = ORIENTED_EDGE('',*,*,#6507,.T.);
#6539 = ORIENTED_EDGE('',*,*,#6039,.T.);
#6540 = ORIENTED_EDGE('',*,*,#6541,.F.);
#6541 = EDGE_CURVE('',#5711,#6040,#6542,.T.);
#6542 = LINE('',#6543,#6544);
#6543 = CARTESIAN_POINT('',(-1.016,-6.35,0.));
#6544 = VECTOR('',#6545,1.);
#6545 = DIRECTION('',(0.,0.,1.));
#6546 = ORIENTED_EDGE('',*,*,#5710,.F.);
#6547 = PLANE('',#6548);
#6548 = AXIS2_PLACEMENT_3D('',#6549,#6550,#6551);
#6549 = CARTESIAN_POINT('',(-1.27,-6.096,0.));
#6550 = DIRECTION('',(0.707106781187,0.707106781187,0.));
#6551 = DIRECTION('',(0.707106781187,-0.707106781187,0.));
#6552 = ADVANCED_FACE('',(#6553),#6564,.F.);
#6553 = FACE_BOUND('',#6554,.F.);
#6554 = EDGE_LOOP('',(#6555,#6561,#6562,#6563));
#6555 = ORIENTED_EDGE('',*,*,#6556,.T.);
#6556 = EDGE_CURVE('',#5775,#6104,#6557,.T.);
#6557 = LINE('',#6558,#6559);
#6558 = CARTESIAN_POINT('',(1.27,-6.096,0.));
#6559 = VECTOR('',#6560,1.);
#6560 = DIRECTION('',(0.,0.,1.));
#6561 = ORIENTED_EDGE('',*,*,#6111,.T.);
#6562 = ORIENTED_EDGE('',*,*,#6522,.F.);
#6563 = ORIENTED_EDGE('',*,*,#5782,.F.);
#6564 = PLANE('',#6565);
#6565 = AXIS2_PLACEMENT_3D('',#6566,#6567,#6568);
#6566 = CARTESIAN_POINT('',(1.27,-6.096,0.));
#6567 = DIRECTION('',(-1.,0.,0.));
#6568 = DIRECTION('',(0.,1.,0.));
#6569 = ADVANCED_FACE('',(#6570),#6581,.F.);
#6570 = FACE_BOUND('',#6571,.F.);
#6571 = EDGE_LOOP('',(#6572,#6573,#6574,#6580));
#6572 = ORIENTED_EDGE('',*,*,#6541,.T.);
#6573 = ORIENTED_EDGE('',*,*,#6047,.T.);
#6574 = ORIENTED_EDGE('',*,*,#6575,.F.);
#6575 = EDGE_CURVE('',#5719,#6048,#6576,.T.);
#6576 = LINE('',#6577,#6578);
#6577 = CARTESIAN_POINT('',(-1.27,-6.604,0.));
#6578 = VECTOR('',#6579,1.);
#6579 = DIRECTION('',(0.,0.,1.));
#6580 = ORIENTED_EDGE('',*,*,#5718,.F.);
#6581 = PLANE('',#6582);
#6582 = AXIS2_PLACEMENT_3D('',#6583,#6584,#6585);
#6583 = CARTESIAN_POINT('',(-1.016,-6.35,0.));
#6584 = DIRECTION('',(0.707106781187,-0.707106781187,0.));
#6585 = DIRECTION('',(-0.707106781187,-0.707106781187,0.));
#6586 = ADVANCED_FACE('',(#6587),#6598,.F.);
#6587 = FACE_BOUND('',#6588,.F.);
#6588 = EDGE_LOOP('',(#6589,#6595,#6596,#6597));
#6589 = ORIENTED_EDGE('',*,*,#6590,.T.);
#6590 = EDGE_CURVE('',#5767,#6096,#6591,.T.);
#6591 = LINE('',#6592,#6593);
#6592 = CARTESIAN_POINT('',(1.016,-6.35,0.));
#6593 = VECTOR('',#6594,1.);
#6594 = DIRECTION('',(0.,0.,1.));
#6595 = ORIENTED_EDGE('',*,*,#6103,.T.);
#6596 = ORIENTED_EDGE('',*,*,#6556,.F.);
#6597 = ORIENTED_EDGE('',*,*,#5774,.F.);
#6598 = PLANE('',#6599);
#6599 = AXIS2_PLACEMENT_3D('',#6600,#6601,#6602);
#6600 = CARTESIAN_POINT('',(1.016,-6.35,0.));
#6601 = DIRECTION('',(-0.707106781187,0.707106781187,0.));
#6602 = DIRECTION('',(0.707106781187,0.707106781187,0.));
#6603 = ADVANCED_FACE('',(#6604),#6615,.F.);
#6604 = FACE_BOUND('',#6605,.F.);
#6605 = EDGE_LOOP('',(#6606,#6607,#6608,#6614));
#6606 = ORIENTED_EDGE('',*,*,#6575,.T.);
#6607 = ORIENTED_EDGE('',*,*,#6055,.T.);
#6608 = ORIENTED_EDGE('',*,*,#6609,.F.);
#6609 = EDGE_CURVE('',#5727,#6056,#6610,.T.);
#6610 = LINE('',#6611,#6612);
#6611 = CARTESIAN_POINT('',(-1.27,-8.636,0.));
#6612 = VECTOR('',#6613,1.);
#6613 = DIRECTION('',(0.,0.,1.));
#6614 = ORIENTED_EDGE('',*,*,#5726,.F.);
#6615 = PLANE('',#6616);
#6616 = AXIS2_PLACEMENT_3D('',#6617,#6618,#6619);
#6617 = CARTESIAN_POINT('',(-1.27,-6.604,0.));
#6618 = DIRECTION('',(1.,0.,0.));
#6619 = DIRECTION('',(0.,-1.,0.));
#6620 = ADVANCED_FACE('',(#6621),#6632,.F.);
#6621 = FACE_BOUND('',#6622,.F.);
#6622 = EDGE_LOOP('',(#6623,#6629,#6630,#6631));
#6623 = ORIENTED_EDGE('',*,*,#6624,.T.);
#6624 = EDGE_CURVE('',#5759,#6088,#6625,.T.);
#6625 = LINE('',#6626,#6627);
#6626 = CARTESIAN_POINT('',(1.27,-6.604,0.));
#6627 = VECTOR('',#6628,1.);
#6628 = DIRECTION('',(0.,0.,1.));
#6629 = ORIENTED_EDGE('',*,*,#6095,.T.);
#6630 = ORIENTED_EDGE('',*,*,#6590,.F.);
#6631 = ORIENTED_EDGE('',*,*,#5766,.F.);
#6632 = PLANE('',#6633);
#6633 = AXIS2_PLACEMENT_3D('',#6634,#6635,#6636);
#6634 = CARTESIAN_POINT('',(1.27,-6.604,0.));
#6635 = DIRECTION('',(-0.707106781187,-0.707106781187,0.));
#6636 = DIRECTION('',(-0.707106781187,0.707106781187,0.));
#6637 = ADVANCED_FACE('',(#6638),#6649,.F.);
#6638 = FACE_BOUND('',#6639,.F.);
#6639 = EDGE_LOOP('',(#6640,#6641,#6642,#6648));
#6640 = ORIENTED_EDGE('',*,*,#6609,.T.);
#6641 = ORIENTED_EDGE('',*,*,#6063,.T.);
#6642 = ORIENTED_EDGE('',*,*,#6643,.F.);
#6643 = EDGE_CURVE('',#5735,#6064,#6644,.T.);
#6644 = LINE('',#6645,#6646);
#6645 = CARTESIAN_POINT('',(-1.016,-8.89,0.));
#6646 = VECTOR('',#6647,1.);
#6647 = DIRECTION('',(0.,0.,1.));
#6648 = ORIENTED_EDGE('',*,*,#5734,.F.);
#6649 = PLANE('',#6650);
#6650 = AXIS2_PLACEMENT_3D('',#6651,#6652,#6653);
#6651 = CARTESIAN_POINT('',(-1.27,-8.636,0.));
#6652 = DIRECTION('',(0.707106781187,0.707106781187,0.));
#6653 = DIRECTION('',(0.707106781187,-0.707106781187,0.));
#6654 = ADVANCED_FACE('',(#6655),#6666,.F.);
#6655 = FACE_BOUND('',#6656,.F.);
#6656 = EDGE_LOOP('',(#6657,#6663,#6664,#6665));
#6657 = ORIENTED_EDGE('',*,*,#6658,.T.);
#6658 = EDGE_CURVE('',#5751,#6080,#6659,.T.);
#6659 = LINE('',#6660,#6661);
#6660 = CARTESIAN_POINT('',(1.27,-8.636,0.));
#6661 = VECTOR('',#6662,1.);
#6662 = DIRECTION('',(0.,0.,1.));
#6663 = ORIENTED_EDGE('',*,*,#6087,.T.);
#6664 = ORIENTED_EDGE('',*,*,#6624,.F.);
#6665 = ORIENTED_EDGE('',*,*,#5758,.F.);
#6666 = PLANE('',#6667);
#6667 = AXIS2_PLACEMENT_3D('',#6668,#6669,#6670);
#6668 = CARTESIAN_POINT('',(1.27,-8.636,0.));
#6669 = DIRECTION('',(-1.,0.,0.));
#6670 = DIRECTION('',(0.,1.,0.));
#6671 = ADVANCED_FACE('',(#6672),#6683,.F.);
#6672 = FACE_BOUND('',#6673,.F.);
#6673 = EDGE_LOOP('',(#6674,#6675,#6676,#6682));
#6674 = ORIENTED_EDGE('',*,*,#6643,.T.);
#6675 = ORIENTED_EDGE('',*,*,#6071,.T.);
#6676 = ORIENTED_EDGE('',*,*,#6677,.F.);
#6677 = EDGE_CURVE('',#5743,#6072,#6678,.T.);
#6678 = LINE('',#6679,#6680);
#6679 = CARTESIAN_POINT('',(1.016,-8.89,0.));
#6680 = VECTOR('',#6681,1.);
#6681 = DIRECTION('',(0.,0.,1.));
#6682 = ORIENTED_EDGE('',*,*,#5742,.F.);
#6683 = PLANE('',#6684);
#6684 = AXIS2_PLACEMENT_3D('',#6685,#6686,#6687);
#6685 = CARTESIAN_POINT('',(-1.016,-8.89,0.));
#6686 = DIRECTION('',(0.,1.,0.));
#6687 = DIRECTION('',(1.,0.,0.));
#6688 = ADVANCED_FACE('',(#6689),#6695,.F.);
#6689 = FACE_BOUND('',#6690,.F.);
#6690 = EDGE_LOOP('',(#6691,#6692,#6693,#6694));
#6691 = ORIENTED_EDGE('',*,*,#6677,.T.);
#6692 = ORIENTED_EDGE('',*,*,#6079,.T.);
#6693 = ORIENTED_EDGE('',*,*,#6658,.F.);
#6694 = ORIENTED_EDGE('',*,*,#5750,.F.);
#6695 = PLANE('',#6696);
#6696 = AXIS2_PLACEMENT_3D('',#6697,#6698,#6699);
#6697 = CARTESIAN_POINT('',(1.016,-8.89,0.));
#6698 = DIRECTION('',(-0.707106781187,0.707106781187,0.));
#6699 = DIRECTION('',(0.707106781187,0.707106781187,0.));
#6700 = ADVANCED_FACE('',(#6701),#6726,.T.);
#6701 = FACE_BOUND('',#6702,.T.);
#6702 = EDGE_LOOP('',(#6703,#6711,#6719,#6725));
#6703 = ORIENTED_EDGE('',*,*,#6704,.F.);
#6704 = EDGE_CURVE('',#6705,#5848,#6707,.T.);
#6705 = VERTEX_POINT('',#6706);
#6706 = CARTESIAN_POINT('',(0.32,-4.76,-2.84));
#6707 = LINE('',#6708,#6709);
#6708 = CARTESIAN_POINT('',(0.32,-4.76,-3.));
#6709 = VECTOR('',#6710,1.);
#6710 = DIRECTION('',(0.,0.,1.));
#6711 = ORIENTED_EDGE('',*,*,#6712,.F.);
#6712 = EDGE_CURVE('',#6713,#6705,#6715,.T.);
#6713 = VERTEX_POINT('',#6714);
#6714 = CARTESIAN_POINT('',(-0.32,-4.76,-2.84));
#6715 = LINE('',#6716,#6717);
#6716 = CARTESIAN_POINT('',(-0.32,-4.76,-2.84));
#6717 = VECTOR('',#6718,1.);
#6718 = DIRECTION('',(1.,0.,0.));
#6719 = ORIENTED_EDGE('',*,*,#6720,.T.);
#6720 = EDGE_CURVE('',#6713,#5850,#6721,.T.);
#6721 = LINE('',#6722,#6723);
#6722 = CARTESIAN_POINT('',(-0.32,-4.76,-3.));
#6723 = VECTOR('',#6724,1.);
#6724 = DIRECTION('',(0.,0.,1.));
#6725 = ORIENTED_EDGE('',*,*,#5847,.F.);
#6726 = PLANE('',#6727);
#6727 = AXIS2_PLACEMENT_3D('',#6728,#6729,#6730);
#6728 = CARTESIAN_POINT('',(-0.32,-4.76,-3.));
#6729 = DIRECTION('',(0.,1.,0.));
#6730 = DIRECTION('',(0.,-0.,1.));
#6731 = ADVANCED_FACE('',(#6732),#6750,.F.);
#6732 = FACE_BOUND('',#6733,.F.);
#6733 = EDGE_LOOP('',(#6734,#6742,#6748,#6749));
#6734 = ORIENTED_EDGE('',*,*,#6735,.F.);
#6735 = EDGE_CURVE('',#6736,#5866,#6738,.T.);
#6736 = VERTEX_POINT('',#6737);
#6737 = CARTESIAN_POINT('',(-0.32,-5.4,-2.84));
#6738 = LINE('',#6739,#6740);
#6739 = CARTESIAN_POINT('',(-0.32,-5.4,-3.));
#6740 = VECTOR('',#6741,1.);
#6741 = DIRECTION('',(0.,0.,1.));
#6742 = ORIENTED_EDGE('',*,*,#6743,.T.);
#6743 = EDGE_CURVE('',#6736,#6713,#6744,.T.);
#6744 = LINE('',#6745,#6746);
#6745 = CARTESIAN_POINT('',(-0.32,-5.4,-2.84));
#6746 = VECTOR('',#6747,1.);
#6747 = DIRECTION('',(0.,1.,0.));
#6748 = ORIENTED_EDGE('',*,*,#6720,.T.);
#6749 = ORIENTED_EDGE('',*,*,#5873,.F.);
#6750 = PLANE('',#6751);
#6751 = AXIS2_PLACEMENT_3D('',#6752,#6753,#6754);
#6752 = CARTESIAN_POINT('',(-0.32,-5.4,-3.));
#6753 = DIRECTION('',(1.,0.,0.));
#6754 = DIRECTION('',(0.,0.,1.));
#6755 = ADVANCED_FACE('',(#6756),#6774,.F.);
#6756 = FACE_BOUND('',#6757,.F.);
#6757 = EDGE_LOOP('',(#6758,#6766,#6772,#6773));
#6758 = ORIENTED_EDGE('',*,*,#6759,.F.);
#6759 = EDGE_CURVE('',#6760,#5858,#6762,.T.);
#6760 = VERTEX_POINT('',#6761);
#6761 = CARTESIAN_POINT('',(0.32,-5.4,-2.84));
#6762 = LINE('',#6763,#6764);
#6763 = CARTESIAN_POINT('',(0.32,-5.4,-3.));
#6764 = VECTOR('',#6765,1.);
#6765 = DIRECTION('',(0.,0.,1.));
#6766 = ORIENTED_EDGE('',*,*,#6767,.F.);
#6767 = EDGE_CURVE('',#6736,#6760,#6768,.T.);
#6768 = LINE('',#6769,#6770);
#6769 = CARTESIAN_POINT('',(-0.32,-5.4,-2.84));
#6770 = VECTOR('',#6771,1.);
#6771 = DIRECTION('',(1.,0.,0.));
#6772 = ORIENTED_EDGE('',*,*,#6735,.T.);
#6773 = ORIENTED_EDGE('',*,*,#5865,.F.);
#6774 = PLANE('',#6775);
#6775 = AXIS2_PLACEMENT_3D('',#6776,#6777,#6778);
#6776 = CARTESIAN_POINT('',(-0.32,-5.4,-3.));
#6777 = DIRECTION('',(0.,1.,0.));
#6778 = DIRECTION('',(0.,-0.,1.));
#6779 = ADVANCED_FACE('',(#6780),#6791,.T.);
#6780 = FACE_BOUND('',#6781,.T.);
#6781 = EDGE_LOOP('',(#6782,#6783,#6789,#6790));
#6782 = ORIENTED_EDGE('',*,*,#6759,.F.);
#6783 = ORIENTED_EDGE('',*,*,#6784,.T.);
#6784 = EDGE_CURVE('',#6760,#6705,#6785,.T.);
#6785 = LINE('',#6786,#6787);
#6786 = CARTESIAN_POINT('',(0.32,-5.4,-2.84));
#6787 = VECTOR('',#6788,1.);
#6788 = DIRECTION('',(0.,1.,0.));
#6789 = ORIENTED_EDGE('',*,*,#6704,.T.);
#6790 = ORIENTED_EDGE('',*,*,#5857,.F.);
#6791 = PLANE('',#6792);
#6792 = AXIS2_PLACEMENT_3D('',#6793,#6794,#6795);
#6793 = CARTESIAN_POINT('',(0.32,-5.4,-3.));
#6794 = DIRECTION('',(1.,0.,0.));
#6795 = DIRECTION('',(0.,0.,1.));
#6796 = ADVANCED_FACE('',(#6797),#6822,.T.);
#6797 = FACE_BOUND('',#6798,.T.);
#6798 = EDGE_LOOP('',(#6799,#6807,#6815,#6821));
#6799 = ORIENTED_EDGE('',*,*,#6800,.F.);
#6800 = EDGE_CURVE('',#6801,#5882,#6803,.T.);
#6801 = VERTEX_POINT('',#6802);
#6802 = CARTESIAN_POINT('',(0.32,-7.94,-2.84));
#6803 = LINE('',#6804,#6805);
#6804 = CARTESIAN_POINT('',(0.32,-7.94,-3.));
#6805 = VECTOR('',#6806,1.);
#6806 = DIRECTION('',(0.,0.,1.));
#6807 = ORIENTED_EDGE('',*,*,#6808,.T.);
#6808 = EDGE_CURVE('',#6801,#6809,#6811,.T.);
#6809 = VERTEX_POINT('',#6810);
#6810 = CARTESIAN_POINT('',(0.32,-7.3,-2.84));
#6811 = LINE('',#6812,#6813);
#6812 = CARTESIAN_POINT('',(0.32,-7.94,-2.84));
#6813 = VECTOR('',#6814,1.);
#6814 = DIRECTION('',(0.,1.,0.));
#6815 = ORIENTED_EDGE('',*,*,#6816,.T.);
#6816 = EDGE_CURVE('',#6809,#5884,#6817,.T.);
#6817 = LINE('',#6818,#6819);
#6818 = CARTESIAN_POINT('',(0.32,-7.3,-3.));
#6819 = VECTOR('',#6820,1.);
#6820 = DIRECTION('',(0.,0.,1.));
#6821 = ORIENTED_EDGE('',*,*,#5881,.F.);
#6822 = PLANE('',#6823);
#6823 = AXIS2_PLACEMENT_3D('',#6824,#6825,#6826);
#6824 = CARTESIAN_POINT('',(0.32,-7.94,-3.));
#6825 = DIRECTION('',(1.,0.,0.));
#6826 = DIRECTION('',(0.,0.,1.));
#6827 = ADVANCED_FACE('',(#6828),#6846,.T.);
#6828 = FACE_BOUND('',#6829,.T.);
#6829 = EDGE_LOOP('',(#6830,#6831,#6839,#6845));
#6830 = ORIENTED_EDGE('',*,*,#6816,.F.);
#6831 = ORIENTED_EDGE('',*,*,#6832,.F.);
#6832 = EDGE_CURVE('',#6833,#6809,#6835,.T.);
#6833 = VERTEX_POINT('',#6834);
#6834 = CARTESIAN_POINT('',(-0.32,-7.3,-2.84));
#6835 = LINE('',#6836,#6837);
#6836 = CARTESIAN_POINT('',(-0.32,-7.3,-2.84));
#6837 = VECTOR('',#6838,1.);
#6838 = DIRECTION('',(1.,0.,0.));
#6839 = ORIENTED_EDGE('',*,*,#6840,.T.);
#6840 = EDGE_CURVE('',#6833,#5900,#6841,.T.);
#6841 = LINE('',#6842,#6843);
#6842 = CARTESIAN_POINT('',(-0.32,-7.3,-3.));
#6843 = VECTOR('',#6844,1.);
#6844 = DIRECTION('',(0.,0.,1.));
#6845 = ORIENTED_EDGE('',*,*,#5907,.F.);
#6846 = PLANE('',#6847);
#6847 = AXIS2_PLACEMENT_3D('',#6848,#6849,#6850);
#6848 = CARTESIAN_POINT('',(-0.32,-7.3,-3.));
#6849 = DIRECTION('',(0.,1.,0.));
#6850 = DIRECTION('',(0.,-0.,1.));
#6851 = ADVANCED_FACE('',(#6852),#6870,.F.);
#6852 = FACE_BOUND('',#6853,.F.);
#6853 = EDGE_LOOP('',(#6854,#6862,#6868,#6869));
#6854 = ORIENTED_EDGE('',*,*,#6855,.F.);
#6855 = EDGE_CURVE('',#6856,#5892,#6858,.T.);
#6856 = VERTEX_POINT('',#6857);
#6857 = CARTESIAN_POINT('',(-0.32,-7.94,-2.84));
#6858 = LINE('',#6859,#6860);
#6859 = CARTESIAN_POINT('',(-0.32,-7.94,-3.));
#6860 = VECTOR('',#6861,1.);
#6861 = DIRECTION('',(0.,0.,1.));
#6862 = ORIENTED_EDGE('',*,*,#6863,.T.);
#6863 = EDGE_CURVE('',#6856,#6833,#6864,.T.);
#6864 = LINE('',#6865,#6866);
#6865 = CARTESIAN_POINT('',(-0.32,-7.94,-2.84));
#6866 = VECTOR('',#6867,1.);
#6867 = DIRECTION('',(0.,1.,0.));
#6868 = ORIENTED_EDGE('',*,*,#6840,.T.);
#6869 = ORIENTED_EDGE('',*,*,#5899,.F.);
#6870 = PLANE('',#6871);
#6871 = AXIS2_PLACEMENT_3D('',#6872,#6873,#6874);
#6872 = CARTESIAN_POINT('',(-0.32,-7.94,-3.));
#6873 = DIRECTION('',(1.,0.,0.));
#6874 = DIRECTION('',(0.,0.,1.));
#6875 = ADVANCED_FACE('',(#6876),#6887,.F.);
#6876 = FACE_BOUND('',#6877,.F.);
#6877 = EDGE_LOOP('',(#6878,#6879,#6885,#6886));
#6878 = ORIENTED_EDGE('',*,*,#6800,.F.);
#6879 = ORIENTED_EDGE('',*,*,#6880,.F.);
#6880 = EDGE_CURVE('',#6856,#6801,#6881,.T.);
#6881 = LINE('',#6882,#6883);
#6882 = CARTESIAN_POINT('',(-0.32,-7.94,-2.84));
#6883 = VECTOR('',#6884,1.);
#6884 = DIRECTION('',(1.,0.,0.));
#6885 = ORIENTED_EDGE('',*,*,#6855,.T.);
#6886 = ORIENTED_EDGE('',*,*,#5891,.F.);
#6887 = PLANE('',#6888);
#6888 = AXIS2_PLACEMENT_3D('',#6889,#6890,#6891);
#6889 = CARTESIAN_POINT('',(-0.32,-7.94,-3.));
#6890 = DIRECTION('',(0.,1.,0.));
#6891 = DIRECTION('',(0.,-0.,1.));
#6892 = ADVANCED_FACE('',(#6893),#6918,.T.);
#6893 = FACE_BOUND('',#6894,.T.);
#6894 = EDGE_LOOP('',(#6895,#6903,#6911,#6917));
#6895 = ORIENTED_EDGE('',*,*,#6896,.F.);
#6896 = EDGE_CURVE('',#6897,#5916,#6899,.T.);
#6897 = VERTEX_POINT('',#6898);
#6898 = CARTESIAN_POINT('',(0.32,-0.32,-2.84));
#6899 = LINE('',#6900,#6901);
#6900 = CARTESIAN_POINT('',(0.32,-0.32,-3.));
#6901 = VECTOR('',#6902,1.);
#6902 = DIRECTION('',(0.,0.,1.));
#6903 = ORIENTED_EDGE('',*,*,#6904,.T.);
#6904 = EDGE_CURVE('',#6897,#6905,#6907,.T.);
#6905 = VERTEX_POINT('',#6906);
#6906 = CARTESIAN_POINT('',(0.32,0.32,-2.84));
#6907 = LINE('',#6908,#6909);
#6908 = CARTESIAN_POINT('',(0.32,-0.32,-2.84));
#6909 = VECTOR('',#6910,1.);
#6910 = DIRECTION('',(0.,1.,0.));
#6911 = ORIENTED_EDGE('',*,*,#6912,.T.);
#6912 = EDGE_CURVE('',#6905,#5918,#6913,.T.);
#6913 = LINE('',#6914,#6915);
#6914 = CARTESIAN_POINT('',(0.32,0.32,-3.));
#6915 = VECTOR('',#6916,1.);
#6916 = DIRECTION('',(0.,0.,1.));
#6917 = ORIENTED_EDGE('',*,*,#5915,.F.);
#6918 = PLANE('',#6919);
#6919 = AXIS2_PLACEMENT_3D('',#6920,#6921,#6922);
#6920 = CARTESIAN_POINT('',(0.32,-0.32,-3.));
#6921 = DIRECTION('',(1.,0.,0.));
#6922 = DIRECTION('',(0.,0.,1.));
#6923 = ADVANCED_FACE('',(#6924),#6942,.T.);
#6924 = FACE_BOUND('',#6925,.T.);
#6925 = EDGE_LOOP('',(#6926,#6927,#6935,#6941));
#6926 = ORIENTED_EDGE('',*,*,#6912,.F.);
#6927 = ORIENTED_EDGE('',*,*,#6928,.F.);
#6928 = EDGE_CURVE('',#6929,#6905,#6931,.T.);
#6929 = VERTEX_POINT('',#6930);
#6930 = CARTESIAN_POINT('',(-0.32,0.32,-2.84));
#6931 = LINE('',#6932,#6933);
#6932 = CARTESIAN_POINT('',(-0.32,0.32,-2.84));
#6933 = VECTOR('',#6934,1.);
#6934 = DIRECTION('',(1.,0.,0.));
#6935 = ORIENTED_EDGE('',*,*,#6936,.T.);
#6936 = EDGE_CURVE('',#6929,#5934,#6937,.T.);
#6937 = LINE('',#6938,#6939);
#6938 = CARTESIAN_POINT('',(-0.32,0.32,-3.));
#6939 = VECTOR('',#6940,1.);
#6940 = DIRECTION('',(0.,0.,1.));
#6941 = ORIENTED_EDGE('',*,*,#5941,.F.);
#6942 = PLANE('',#6943);
#6943 = AXIS2_PLACEMENT_3D('',#6944,#6945,#6946);
#6944 = CARTESIAN_POINT('',(-0.32,0.32,-3.));
#6945 = DIRECTION('',(0.,1.,0.));
#6946 = DIRECTION('',(0.,-0.,1.));
#6947 = ADVANCED_FACE('',(#6948),#6966,.F.);
#6948 = FACE_BOUND('',#6949,.F.);
#6949 = EDGE_LOOP('',(#6950,#6958,#6964,#6965));
#6950 = ORIENTED_EDGE('',*,*,#6951,.F.);
#6951 = EDGE_CURVE('',#6952,#5926,#6954,.T.);
#6952 = VERTEX_POINT('',#6953);
#6953 = CARTESIAN_POINT('',(-0.32,-0.32,-2.84));
#6954 = LINE('',#6955,#6956);
#6955 = CARTESIAN_POINT('',(-0.32,-0.32,-3.));
#6956 = VECTOR('',#6957,1.);
#6957 = DIRECTION('',(0.,0.,1.));
#6958 = ORIENTED_EDGE('',*,*,#6959,.T.);
#6959 = EDGE_CURVE('',#6952,#6929,#6960,.T.);
#6960 = LINE('',#6961,#6962);
#6961 = CARTESIAN_POINT('',(-0.32,-0.32,-2.84));
#6962 = VECTOR('',#6963,1.);
#6963 = DIRECTION('',(0.,1.,0.));
#6964 = ORIENTED_EDGE('',*,*,#6936,.T.);
#6965 = ORIENTED_EDGE('',*,*,#5933,.F.);
#6966 = PLANE('',#6967);
#6967 = AXIS2_PLACEMENT_3D('',#6968,#6969,#6970);
#6968 = CARTESIAN_POINT('',(-0.32,-0.32,-3.));
#6969 = DIRECTION('',(1.,0.,0.));
#6970 = DIRECTION('',(0.,0.,1.));
#6971 = ADVANCED_FACE('',(#6972),#6983,.F.);
#6972 = FACE_BOUND('',#6973,.F.);
#6973 = EDGE_LOOP('',(#6974,#6975,#6981,#6982));
#6974 = ORIENTED_EDGE('',*,*,#6896,.F.);
#6975 = ORIENTED_EDGE('',*,*,#6976,.F.);
#6976 = EDGE_CURVE('',#6952,#6897,#6977,.T.);
#6977 = LINE('',#6978,#6979);
#6978 = CARTESIAN_POINT('',(-0.32,-0.32,-2.84));
#6979 = VECTOR('',#6980,1.);
#6980 = DIRECTION('',(1.,0.,0.));
#6981 = ORIENTED_EDGE('',*,*,#6951,.T.);
#6982 = ORIENTED_EDGE('',*,*,#5925,.F.);
#6983 = PLANE('',#6984);
#6984 = AXIS2_PLACEMENT_3D('',#6985,#6986,#6987);
#6985 = CARTESIAN_POINT('',(-0.32,-0.32,-3.));
#6986 = DIRECTION('',(0.,1.,0.));
#6987 = DIRECTION('',(0.,-0.,1.));
#6988 = ADVANCED_FACE('',(#6989),#7014,.T.);
#6989 = FACE_BOUND('',#6990,.T.);
#6990 = EDGE_LOOP('',(#6991,#6999,#7007,#7013));
#6991 = ORIENTED_EDGE('',*,*,#6992,.F.);
#6992 = EDGE_CURVE('',#6993,#5950,#6995,.T.);
#6993 = VERTEX_POINT('',#6994);
#6994 = CARTESIAN_POINT('',(0.32,-2.22,-2.84));
#6995 = LINE('',#6996,#6997);
#6996 = CARTESIAN_POINT('',(0.32,-2.22,-3.));
#6997 = VECTOR('',#6998,1.);
#6998 = DIRECTION('',(0.,0.,1.));
#6999 = ORIENTED_EDGE('',*,*,#7000,.F.);
#7000 = EDGE_CURVE('',#7001,#6993,#7003,.T.);
#7001 = VERTEX_POINT('',#7002);
#7002 = CARTESIAN_POINT('',(-0.32,-2.22,-2.84));
#7003 = LINE('',#7004,#7005);
#7004 = CARTESIAN_POINT('',(-0.32,-2.22,-2.84));
#7005 = VECTOR('',#7006,1.);
#7006 = DIRECTION('',(1.,0.,0.));
#7007 = ORIENTED_EDGE('',*,*,#7008,.T.);
#7008 = EDGE_CURVE('',#7001,#5952,#7009,.T.);
#7009 = LINE('',#7010,#7011);
#7010 = CARTESIAN_POINT('',(-0.32,-2.22,-3.));
#7011 = VECTOR('',#7012,1.);
#7012 = DIRECTION('',(0.,0.,1.));
#7013 = ORIENTED_EDGE('',*,*,#5949,.F.);
#7014 = PLANE('',#7015);
#7015 = AXIS2_PLACEMENT_3D('',#7016,#7017,#7018);
#7016 = CARTESIAN_POINT('',(-0.32,-2.22,-3.));
#7017 = DIRECTION('',(0.,1.,0.));
#7018 = DIRECTION('',(0.,-0.,1.));
#7019 = ADVANCED_FACE('',(#7020),#7038,.F.);
#7020 = FACE_BOUND('',#7021,.F.);
#7021 = EDGE_LOOP('',(#7022,#7030,#7036,#7037));
#7022 = ORIENTED_EDGE('',*,*,#7023,.F.);
#7023 = EDGE_CURVE('',#7024,#5968,#7026,.T.);
#7024 = VERTEX_POINT('',#7025);
#7025 = CARTESIAN_POINT('',(-0.32,-2.86,-2.84));
#7026 = LINE('',#7027,#7028);
#7027 = CARTESIAN_POINT('',(-0.32,-2.86,-3.));
#7028 = VECTOR('',#7029,1.);
#7029 = DIRECTION('',(0.,0.,1.));
#7030 = ORIENTED_EDGE('',*,*,#7031,.T.);
#7031 = EDGE_CURVE('',#7024,#7001,#7032,.T.);
#7032 = LINE('',#7033,#7034);
#7033 = CARTESIAN_POINT('',(-0.32,-2.86,-2.84));
#7034 = VECTOR('',#7035,1.);
#7035 = DIRECTION('',(0.,1.,0.));
#7036 = ORIENTED_EDGE('',*,*,#7008,.T.);
#7037 = ORIENTED_EDGE('',*,*,#5975,.F.);
#7038 = PLANE('',#7039);
#7039 = AXIS2_PLACEMENT_3D('',#7040,#7041,#7042);
#7040 = CARTESIAN_POINT('',(-0.32,-2.86,-3.));
#7041 = DIRECTION('',(1.,0.,0.));
#7042 = DIRECTION('',(0.,0.,1.));
#7043 = ADVANCED_FACE('',(#7044),#7062,.F.);
#7044 = FACE_BOUND('',#7045,.F.);
#7045 = EDGE_LOOP('',(#7046,#7054,#7060,#7061));
#7046 = ORIENTED_EDGE('',*,*,#7047,.F.);
#7047 = EDGE_CURVE('',#7048,#5960,#7050,.T.);
#7048 = VERTEX_POINT('',#7049);
#7049 = CARTESIAN_POINT('',(0.32,-2.86,-2.84));
#7050 = LINE('',#7051,#7052);
#7051 = CARTESIAN_POINT('',(0.32,-2.86,-3.));
#7052 = VECTOR('',#7053,1.);
#7053 = DIRECTION('',(0.,0.,1.));
#7054 = ORIENTED_EDGE('',*,*,#7055,.F.);
#7055 = EDGE_CURVE('',#7024,#7048,#7056,.T.);
#7056 = LINE('',#7057,#7058);
#7057 = CARTESIAN_POINT('',(-0.32,-2.86,-2.84));
#7058 = VECTOR('',#7059,1.);
#7059 = DIRECTION('',(1.,0.,0.));
#7060 = ORIENTED_EDGE('',*,*,#7023,.T.);
#7061 = ORIENTED_EDGE('',*,*,#5967,.F.);
#7062 = PLANE('',#7063);
#7063 = AXIS2_PLACEMENT_3D('',#7064,#7065,#7066);
#7064 = CARTESIAN_POINT('',(-0.32,-2.86,-3.));
#7065 = DIRECTION('',(0.,1.,0.));
#7066 = DIRECTION('',(0.,-0.,1.));
#7067 = ADVANCED_FACE('',(#7068),#7079,.T.);
#7068 = FACE_BOUND('',#7069,.T.);
#7069 = EDGE_LOOP('',(#7070,#7071,#7077,#7078));
#7070 = ORIENTED_EDGE('',*,*,#7047,.F.);
#7071 = ORIENTED_EDGE('',*,*,#7072,.T.);
#7072 = EDGE_CURVE('',#7048,#6993,#7073,.T.);
#7073 = LINE('',#7074,#7075);
#7074 = CARTESIAN_POINT('',(0.32,-2.86,-2.84));
#7075 = VECTOR('',#7076,1.);
#7076 = DIRECTION('',(0.,1.,0.));
#7077 = ORIENTED_EDGE('',*,*,#6992,.T.);
#7078 = ORIENTED_EDGE('',*,*,#5959,.F.);
#7079 = PLANE('',#7080);
#7080 = AXIS2_PLACEMENT_3D('',#7081,#7082,#7083);
#7081 = CARTESIAN_POINT('',(0.32,-2.86,-3.));
#7082 = DIRECTION('',(1.,0.,0.));
#7083 = DIRECTION('',(0.,0.,1.));
#7084 = ADVANCED_FACE('',(#7085),#7110,.T.);
#7085 = FACE_BOUND('',#7086,.T.);
#7086 = EDGE_LOOP('',(#7087,#7095,#7096,#7104));
#7087 = ORIENTED_EDGE('',*,*,#7088,.F.);
#7088 = EDGE_CURVE('',#6177,#7089,#7091,.T.);
#7089 = VERTEX_POINT('',#7090);
#7090 = CARTESIAN_POINT('',(0.32,-4.76,8.38));
#7091 = LINE('',#7092,#7093);
#7092 = CARTESIAN_POINT('',(0.32,-4.76,-3.));
#7093 = VECTOR('',#7094,1.);
#7094 = DIRECTION('',(0.,0.,1.));
#7095 = ORIENTED_EDGE('',*,*,#6176,.T.);
#7096 = ORIENTED_EDGE('',*,*,#7097,.T.);
#7097 = EDGE_CURVE('',#6179,#7098,#7100,.T.);
#7098 = VERTEX_POINT('',#7099);
#7099 = CARTESIAN_POINT('',(-0.32,-4.76,8.38));
#7100 = LINE('',#7101,#7102);
#7101 = CARTESIAN_POINT('',(-0.32,-4.76,-3.));
#7102 = VECTOR('',#7103,1.);
#7103 = DIRECTION('',(0.,0.,1.));
#7104 = ORIENTED_EDGE('',*,*,#7105,.T.);
#7105 = EDGE_CURVE('',#7098,#7089,#7106,.T.);
#7106 = LINE('',#7107,#7108);
#7107 = CARTESIAN_POINT('',(-0.32,-4.76,8.38));
#7108 = VECTOR('',#7109,1.);
#7109 = DIRECTION('',(1.,0.,0.));
#7110 = PLANE('',#7111);
#7111 = AXIS2_PLACEMENT_3D('',#7112,#7113,#7114);
#7112 = CARTESIAN_POINT('',(-0.32,-4.76,-3.));
#7113 = DIRECTION('',(0.,1.,0.));
#7114 = DIRECTION('',(0.,-0.,1.));
#7115 = ADVANCED_FACE('',(#7116),#7134,.F.);
#7116 = FACE_BOUND('',#7117,.F.);
#7117 = EDGE_LOOP('',(#7118,#7126,#7127,#7128));
#7118 = ORIENTED_EDGE('',*,*,#7119,.F.);
#7119 = EDGE_CURVE('',#6195,#7120,#7122,.T.);
#7120 = VERTEX_POINT('',#7121);
#7121 = CARTESIAN_POINT('',(-0.32,-5.4,8.38));
#7122 = LINE('',#7123,#7124);
#7123 = CARTESIAN_POINT('',(-0.32,-5.4,-3.));
#7124 = VECTOR('',#7125,1.);
#7125 = DIRECTION('',(0.,0.,1.));
#7126 = ORIENTED_EDGE('',*,*,#6202,.T.);
#7127 = ORIENTED_EDGE('',*,*,#7097,.T.);
#7128 = ORIENTED_EDGE('',*,*,#7129,.F.);
#7129 = EDGE_CURVE('',#7120,#7098,#7130,.T.);
#7130 = LINE('',#7131,#7132);
#7131 = CARTESIAN_POINT('',(-0.32,-5.4,8.38));
#7132 = VECTOR('',#7133,1.);
#7133 = DIRECTION('',(0.,1.,0.));
#7134 = PLANE('',#7135);
#7135 = AXIS2_PLACEMENT_3D('',#7136,#7137,#7138);
#7136 = CARTESIAN_POINT('',(-0.32,-5.4,-3.));
#7137 = DIRECTION('',(1.,0.,0.));
#7138 = DIRECTION('',(0.,0.,1.));
#7139 = ADVANCED_FACE('',(#7140),#7158,.F.);
#7140 = FACE_BOUND('',#7141,.F.);
#7141 = EDGE_LOOP('',(#7142,#7150,#7151,#7152));
#7142 = ORIENTED_EDGE('',*,*,#7143,.F.);
#7143 = EDGE_CURVE('',#6187,#7144,#7146,.T.);
#7144 = VERTEX_POINT('',#7145);
#7145 = CARTESIAN_POINT('',(0.32,-5.4,8.38));
#7146 = LINE('',#7147,#7148);
#7147 = CARTESIAN_POINT('',(0.32,-5.4,-3.));
#7148 = VECTOR('',#7149,1.);
#7149 = DIRECTION('',(0.,0.,1.));
#7150 = ORIENTED_EDGE('',*,*,#6194,.T.);
#7151 = ORIENTED_EDGE('',*,*,#7119,.T.);
#7152 = ORIENTED_EDGE('',*,*,#7153,.T.);
#7153 = EDGE_CURVE('',#7120,#7144,#7154,.T.);
#7154 = LINE('',#7155,#7156);
#7155 = CARTESIAN_POINT('',(-0.32,-5.4,8.38));
#7156 = VECTOR('',#7157,1.);
#7157 = DIRECTION('',(1.,0.,0.));
#7158 = PLANE('',#7159);
#7159 = AXIS2_PLACEMENT_3D('',#7160,#7161,#7162);
#7160 = CARTESIAN_POINT('',(-0.32,-5.4,-3.));
#7161 = DIRECTION('',(0.,1.,0.));
#7162 = DIRECTION('',(0.,-0.,1.));
#7163 = ADVANCED_FACE('',(#7164),#7175,.T.);
#7164 = FACE_BOUND('',#7165,.T.);
#7165 = EDGE_LOOP('',(#7166,#7167,#7168,#7169));
#7166 = ORIENTED_EDGE('',*,*,#7143,.F.);
#7167 = ORIENTED_EDGE('',*,*,#6186,.T.);
#7168 = ORIENTED_EDGE('',*,*,#7088,.T.);
#7169 = ORIENTED_EDGE('',*,*,#7170,.F.);
#7170 = EDGE_CURVE('',#7144,#7089,#7171,.T.);
#7171 = LINE('',#7172,#7173);
#7172 = CARTESIAN_POINT('',(0.32,-5.4,8.38));
#7173 = VECTOR('',#7174,1.);
#7174 = DIRECTION('',(0.,1.,0.));
#7175 = PLANE('',#7176);
#7176 = AXIS2_PLACEMENT_3D('',#7177,#7178,#7179);
#7177 = CARTESIAN_POINT('',(0.32,-5.4,-3.));
#7178 = DIRECTION('',(1.,0.,0.));
#7179 = DIRECTION('',(0.,0.,1.));
#7180 = ADVANCED_FACE('',(#7181),#7206,.T.);
#7181 = FACE_BOUND('',#7182,.T.);
#7182 = EDGE_LOOP('',(#7183,#7191,#7192,#7200));
#7183 = ORIENTED_EDGE('',*,*,#7184,.F.);
#7184 = EDGE_CURVE('',#6211,#7185,#7187,.T.);
#7185 = VERTEX_POINT('',#7186);
#7186 = CARTESIAN_POINT('',(0.32,-7.94,8.38));
#7187 = LINE('',#7188,#7189);
#7188 = CARTESIAN_POINT('',(0.32,-7.94,-3.));
#7189 = VECTOR('',#7190,1.);
#7190 = DIRECTION('',(0.,0.,1.));
#7191 = ORIENTED_EDGE('',*,*,#6210,.T.);
#7192 = ORIENTED_EDGE('',*,*,#7193,.T.);
#7193 = EDGE_CURVE('',#6213,#7194,#7196,.T.);
#7194 = VERTEX_POINT('',#7195);
#7195 = CARTESIAN_POINT('',(0.32,-7.3,8.38));
#7196 = LINE('',#7197,#7198);
#7197 = CARTESIAN_POINT('',(0.32,-7.3,-3.));
#7198 = VECTOR('',#7199,1.);
#7199 = DIRECTION('',(0.,0.,1.));
#7200 = ORIENTED_EDGE('',*,*,#7201,.F.);
#7201 = EDGE_CURVE('',#7185,#7194,#7202,.T.);
#7202 = LINE('',#7203,#7204);
#7203 = CARTESIAN_POINT('',(0.32,-7.94,8.38));
#7204 = VECTOR('',#7205,1.);
#7205 = DIRECTION('',(0.,1.,0.));
#7206 = PLANE('',#7207);
#7207 = AXIS2_PLACEMENT_3D('',#7208,#7209,#7210);
#7208 = CARTESIAN_POINT('',(0.32,-7.94,-3.));
#7209 = DIRECTION('',(1.,0.,0.));
#7210 = DIRECTION('',(0.,0.,1.));
#7211 = ADVANCED_FACE('',(#7212),#7230,.T.);
#7212 = FACE_BOUND('',#7213,.T.);
#7213 = EDGE_LOOP('',(#7214,#7215,#7216,#7224));
#7214 = ORIENTED_EDGE('',*,*,#7193,.F.);
#7215 = ORIENTED_EDGE('',*,*,#6236,.T.);
#7216 = ORIENTED_EDGE('',*,*,#7217,.T.);
#7217 = EDGE_CURVE('',#6229,#7218,#7220,.T.);
#7218 = VERTEX_POINT('',#7219);
#7219 = CARTESIAN_POINT('',(-0.32,-7.3,8.38));
#7220 = LINE('',#7221,#7222);
#7221 = CARTESIAN_POINT('',(-0.32,-7.3,-3.));
#7222 = VECTOR('',#7223,1.);
#7223 = DIRECTION('',(0.,0.,1.));
#7224 = ORIENTED_EDGE('',*,*,#7225,.T.);
#7225 = EDGE_CURVE('',#7218,#7194,#7226,.T.);
#7226 = LINE('',#7227,#7228);
#7227 = CARTESIAN_POINT('',(-0.32,-7.3,8.38));
#7228 = VECTOR('',#7229,1.);
#7229 = DIRECTION('',(1.,0.,0.));
#7230 = PLANE('',#7231);
#7231 = AXIS2_PLACEMENT_3D('',#7232,#7233,#7234);
#7232 = CARTESIAN_POINT('',(-0.32,-7.3,-3.));
#7233 = DIRECTION('',(0.,1.,0.));
#7234 = DIRECTION('',(0.,-0.,1.));
#7235 = ADVANCED_FACE('',(#7236),#7254,.F.);
#7236 = FACE_BOUND('',#7237,.F.);
#7237 = EDGE_LOOP('',(#7238,#7246,#7247,#7248));
#7238 = ORIENTED_EDGE('',*,*,#7239,.F.);
#7239 = EDGE_CURVE('',#6221,#7240,#7242,.T.);
#7240 = VERTEX_POINT('',#7241);
#7241 = CARTESIAN_POINT('',(-0.32,-7.94,8.38));
#7242 = LINE('',#7243,#7244);
#7243 = CARTESIAN_POINT('',(-0.32,-7.94,-3.));
#7244 = VECTOR('',#7245,1.);
#7245 = DIRECTION('',(0.,0.,1.));
#7246 = ORIENTED_EDGE('',*,*,#6228,.T.);
#7247 = ORIENTED_EDGE('',*,*,#7217,.T.);
#7248 = ORIENTED_EDGE('',*,*,#7249,.F.);
#7249 = EDGE_CURVE('',#7240,#7218,#7250,.T.);
#7250 = LINE('',#7251,#7252);
#7251 = CARTESIAN_POINT('',(-0.32,-7.94,8.38));
#7252 = VECTOR('',#7253,1.);
#7253 = DIRECTION('',(0.,1.,0.));
#7254 = PLANE('',#7255);
#7255 = AXIS2_PLACEMENT_3D('',#7256,#7257,#7258);
#7256 = CARTESIAN_POINT('',(-0.32,-7.94,-3.));
#7257 = DIRECTION('',(1.,0.,0.));
#7258 = DIRECTION('',(0.,0.,1.));
#7259 = ADVANCED_FACE('',(#7260),#7271,.F.);
#7260 = FACE_BOUND('',#7261,.F.);
#7261 = EDGE_LOOP('',(#7262,#7263,#7264,#7265));
#7262 = ORIENTED_EDGE('',*,*,#7184,.F.);
#7263 = ORIENTED_EDGE('',*,*,#6220,.T.);
#7264 = ORIENTED_EDGE('',*,*,#7239,.T.);
#7265 = ORIENTED_EDGE('',*,*,#7266,.T.);
#7266 = EDGE_CURVE('',#7240,#7185,#7267,.T.);
#7267 = LINE('',#7268,#7269);
#7268 = CARTESIAN_POINT('',(-0.32,-7.94,8.38));
#7269 = VECTOR('',#7270,1.);
#7270 = DIRECTION('',(1.,0.,0.));
#7271 = PLANE('',#7272);
#7272 = AXIS2_PLACEMENT_3D('',#7273,#7274,#7275);
#7273 = CARTESIAN_POINT('',(-0.32,-7.94,-3.));
#7274 = DIRECTION('',(0.,1.,0.));
#7275 = DIRECTION('',(0.,-0.,1.));
#7276 = ADVANCED_FACE('',(#7277),#7302,.T.);
#7277 = FACE_BOUND('',#7278,.T.);
#7278 = EDGE_LOOP('',(#7279,#7287,#7288,#7296));
#7279 = ORIENTED_EDGE('',*,*,#7280,.F.);
#7280 = EDGE_CURVE('',#6245,#7281,#7283,.T.);
#7281 = VERTEX_POINT('',#7282);
#7282 = CARTESIAN_POINT('',(0.32,-0.32,8.38));
#7283 = LINE('',#7284,#7285);
#7284 = CARTESIAN_POINT('',(0.32,-0.32,-3.));
#7285 = VECTOR('',#7286,1.);
#7286 = DIRECTION('',(0.,0.,1.));
#7287 = ORIENTED_EDGE('',*,*,#6244,.T.);
#7288 = ORIENTED_EDGE('',*,*,#7289,.T.);
#7289 = EDGE_CURVE('',#6247,#7290,#7292,.T.);
#7290 = VERTEX_POINT('',#7291);
#7291 = CARTESIAN_POINT('',(0.32,0.32,8.38));
#7292 = LINE('',#7293,#7294);
#7293 = CARTESIAN_POINT('',(0.32,0.32,-3.));
#7294 = VECTOR('',#7295,1.);
#7295 = DIRECTION('',(0.,0.,1.));
#7296 = ORIENTED_EDGE('',*,*,#7297,.F.);
#7297 = EDGE_CURVE('',#7281,#7290,#7298,.T.);
#7298 = LINE('',#7299,#7300);
#7299 = CARTESIAN_POINT('',(0.32,-0.32,8.38));
#7300 = VECTOR('',#7301,1.);
#7301 = DIRECTION('',(0.,1.,0.));
#7302 = PLANE('',#7303);
#7303 = AXIS2_PLACEMENT_3D('',#7304,#7305,#7306);
#7304 = CARTESIAN_POINT('',(0.32,-0.32,-3.));
#7305 = DIRECTION('',(1.,0.,0.));
#7306 = DIRECTION('',(0.,0.,1.));
#7307 = ADVANCED_FACE('',(#7308),#7326,.T.);
#7308 = FACE_BOUND('',#7309,.T.);
#7309 = EDGE_LOOP('',(#7310,#7311,#7312,#7320));
#7310 = ORIENTED_EDGE('',*,*,#7289,.F.);
#7311 = ORIENTED_EDGE('',*,*,#6270,.T.);
#7312 = ORIENTED_EDGE('',*,*,#7313,.T.);
#7313 = EDGE_CURVE('',#6263,#7314,#7316,.T.);
#7314 = VERTEX_POINT('',#7315);
#7315 = CARTESIAN_POINT('',(-0.32,0.32,8.38));
#7316 = LINE('',#7317,#7318);
#7317 = CARTESIAN_POINT('',(-0.32,0.32,-3.));
#7318 = VECTOR('',#7319,1.);
#7319 = DIRECTION('',(0.,0.,1.));
#7320 = ORIENTED_EDGE('',*,*,#7321,.T.);
#7321 = EDGE_CURVE('',#7314,#7290,#7322,.T.);
#7322 = LINE('',#7323,#7324);
#7323 = CARTESIAN_POINT('',(-0.32,0.32,8.38));
#7324 = VECTOR('',#7325,1.);
#7325 = DIRECTION('',(1.,0.,0.));
#7326 = PLANE('',#7327);
#7327 = AXIS2_PLACEMENT_3D('',#7328,#7329,#7330);
#7328 = CARTESIAN_POINT('',(-0.32,0.32,-3.));
#7329 = DIRECTION('',(0.,1.,0.));
#7330 = DIRECTION('',(0.,-0.,1.));
#7331 = ADVANCED_FACE('',(#7332),#7350,.F.);
#7332 = FACE_BOUND('',#7333,.F.);
#7333 = EDGE_LOOP('',(#7334,#7342,#7343,#7344));
#7334 = ORIENTED_EDGE('',*,*,#7335,.F.);
#7335 = EDGE_CURVE('',#6255,#7336,#7338,.T.);
#7336 = VERTEX_POINT('',#7337);
#7337 = CARTESIAN_POINT('',(-0.32,-0.32,8.38));
#7338 = LINE('',#7339,#7340);
#7339 = CARTESIAN_POINT('',(-0.32,-0.32,-3.));
#7340 = VECTOR('',#7341,1.);
#7341 = DIRECTION('',(0.,0.,1.));
#7342 = ORIENTED_EDGE('',*,*,#6262,.T.);
#7343 = ORIENTED_EDGE('',*,*,#7313,.T.);
#7344 = ORIENTED_EDGE('',*,*,#7345,.F.);
#7345 = EDGE_CURVE('',#7336,#7314,#7346,.T.);
#7346 = LINE('',#7347,#7348);
#7347 = CARTESIAN_POINT('',(-0.32,-0.32,8.38));
#7348 = VECTOR('',#7349,1.);
#7349 = DIRECTION('',(0.,1.,0.));
#7350 = PLANE('',#7351);
#7351 = AXIS2_PLACEMENT_3D('',#7352,#7353,#7354);
#7352 = CARTESIAN_POINT('',(-0.32,-0.32,-3.));
#7353 = DIRECTION('',(1.,0.,0.));
#7354 = DIRECTION('',(0.,0.,1.));
#7355 = ADVANCED_FACE('',(#7356),#7367,.F.);
#7356 = FACE_BOUND('',#7357,.F.);
#7357 = EDGE_LOOP('',(#7358,#7359,#7360,#7361));
#7358 = ORIENTED_EDGE('',*,*,#7280,.F.);
#7359 = ORIENTED_EDGE('',*,*,#6254,.T.);
#7360 = ORIENTED_EDGE('',*,*,#7335,.T.);
#7361 = ORIENTED_EDGE('',*,*,#7362,.T.);
#7362 = EDGE_CURVE('',#7336,#7281,#7363,.T.);
#7363 = LINE('',#7364,#7365);
#7364 = CARTESIAN_POINT('',(-0.32,-0.32,8.38));
#7365 = VECTOR('',#7366,1.);
#7366 = DIRECTION('',(1.,0.,0.));
#7367 = PLANE('',#7368);
#7368 = AXIS2_PLACEMENT_3D('',#7369,#7370,#7371);
#7369 = CARTESIAN_POINT('',(-0.32,-0.32,-3.));
#7370 = DIRECTION('',(0.,1.,0.));
#7371 = DIRECTION('',(0.,-0.,1.));
#7372 = ADVANCED_FACE('',(#7373),#7398,.T.);
#7373 = FACE_BOUND('',#7374,.T.);
#7374 = EDGE_LOOP('',(#7375,#7383,#7384,#7392));
#7375 = ORIENTED_EDGE('',*,*,#7376,.F.);
#7376 = EDGE_CURVE('',#6279,#7377,#7379,.T.);
#7377 = VERTEX_POINT('',#7378);
#7378 = CARTESIAN_POINT('',(0.32,-2.22,8.38));
#7379 = LINE('',#7380,#7381);
#7380 = CARTESIAN_POINT('',(0.32,-2.22,-3.));
#7381 = VECTOR('',#7382,1.);
#7382 = DIRECTION('',(0.,0.,1.));
#7383 = ORIENTED_EDGE('',*,*,#6278,.T.);
#7384 = ORIENTED_EDGE('',*,*,#7385,.T.);
#7385 = EDGE_CURVE('',#6281,#7386,#7388,.T.);
#7386 = VERTEX_POINT('',#7387);
#7387 = CARTESIAN_POINT('',(-0.32,-2.22,8.38));
#7388 = LINE('',#7389,#7390);
#7389 = CARTESIAN_POINT('',(-0.32,-2.22,-3.));
#7390 = VECTOR('',#7391,1.);
#7391 = DIRECTION('',(0.,0.,1.));
#7392 = ORIENTED_EDGE('',*,*,#7393,.T.);
#7393 = EDGE_CURVE('',#7386,#7377,#7394,.T.);
#7394 = LINE('',#7395,#7396);
#7395 = CARTESIAN_POINT('',(-0.32,-2.22,8.38));
#7396 = VECTOR('',#7397,1.);
#7397 = DIRECTION('',(1.,0.,0.));
#7398 = PLANE('',#7399);
#7399 = AXIS2_PLACEMENT_3D('',#7400,#7401,#7402);
#7400 = CARTESIAN_POINT('',(-0.32,-2.22,-3.));
#7401 = DIRECTION('',(0.,1.,0.));
#7402 = DIRECTION('',(0.,-0.,1.));
#7403 = ADVANCED_FACE('',(#7404),#7422,.F.);
#7404 = FACE_BOUND('',#7405,.F.);
#7405 = EDGE_LOOP('',(#7406,#7414,#7415,#7416));
#7406 = ORIENTED_EDGE('',*,*,#7407,.F.);
#7407 = EDGE_CURVE('',#6297,#7408,#7410,.T.);
#7408 = VERTEX_POINT('',#7409);
#7409 = CARTESIAN_POINT('',(-0.32,-2.86,8.38));
#7410 = LINE('',#7411,#7412);
#7411 = CARTESIAN_POINT('',(-0.32,-2.86,-3.));
#7412 = VECTOR('',#7413,1.);
#7413 = DIRECTION('',(0.,0.,1.));
#7414 = ORIENTED_EDGE('',*,*,#6304,.T.);
#7415 = ORIENTED_EDGE('',*,*,#7385,.T.);
#7416 = ORIENTED_EDGE('',*,*,#7417,.F.);
#7417 = EDGE_CURVE('',#7408,#7386,#7418,.T.);
#7418 = LINE('',#7419,#7420);
#7419 = CARTESIAN_POINT('',(-0.32,-2.86,8.38));
#7420 = VECTOR('',#7421,1.);
#7421 = DIRECTION('',(0.,1.,0.));
#7422 = PLANE('',#7423);
#7423 = AXIS2_PLACEMENT_3D('',#7424,#7425,#7426);
#7424 = CARTESIAN_POINT('',(-0.32,-2.86,-3.));
#7425 = DIRECTION('',(1.,0.,0.));
#7426 = DIRECTION('',(0.,0.,1.));
#7427 = ADVANCED_FACE('',(#7428),#7446,.F.);
#7428 = FACE_BOUND('',#7429,.F.);
#7429 = EDGE_LOOP('',(#7430,#7438,#7439,#7440));
#7430 = ORIENTED_EDGE('',*,*,#7431,.F.);
#7431 = EDGE_CURVE('',#6289,#7432,#7434,.T.);
#7432 = VERTEX_POINT('',#7433);
#7433 = CARTESIAN_POINT('',(0.32,-2.86,8.38));
#7434 = LINE('',#7435,#7436);
#7435 = CARTESIAN_POINT('',(0.32,-2.86,-3.));
#7436 = VECTOR('',#7437,1.);
#7437 = DIRECTION('',(0.,0.,1.));
#7438 = ORIENTED_EDGE('',*,*,#6296,.T.);
#7439 = ORIENTED_EDGE('',*,*,#7407,.T.);
#7440 = ORIENTED_EDGE('',*,*,#7441,.T.);
#7441 = EDGE_CURVE('',#7408,#7432,#7442,.T.);
#7442 = LINE('',#7443,#7444);
#7443 = CARTESIAN_POINT('',(-0.32,-2.86,8.38));
#7444 = VECTOR('',#7445,1.);
#7445 = DIRECTION('',(1.,0.,0.));
#7446 = PLANE('',#7447);
#7447 = AXIS2_PLACEMENT_3D('',#7448,#7449,#7450);
#7448 = CARTESIAN_POINT('',(-0.32,-2.86,-3.));
#7449 = DIRECTION('',(0.,1.,0.));
#7450 = DIRECTION('',(0.,-0.,1.));
#7451 = ADVANCED_FACE('',(#7452),#7463,.T.);
#7452 = FACE_BOUND('',#7453,.T.);
#7453 = EDGE_LOOP('',(#7454,#7455,#7456,#7457));
#7454 = ORIENTED_EDGE('',*,*,#7431,.F.);
#7455 = ORIENTED_EDGE('',*,*,#6288,.T.);
#7456 = ORIENTED_EDGE('',*,*,#7376,.T.);
#7457 = ORIENTED_EDGE('',*,*,#7458,.F.);
#7458 = EDGE_CURVE('',#7432,#7377,#7459,.T.);
#7459 = LINE('',#7460,#7461);
#7460 = CARTESIAN_POINT('',(0.32,-2.86,8.38));
#7461 = VECTOR('',#7462,1.);
#7462 = DIRECTION('',(0.,1.,0.));
#7463 = PLANE('',#7464);
#7464 = AXIS2_PLACEMENT_3D('',#7465,#7466,#7467);
#7465 = CARTESIAN_POINT('',(0.32,-2.86,-3.));
#7466 = DIRECTION('',(1.,0.,0.));
#7467 = DIRECTION('',(0.,0.,1.));
#7468 = ADVANCED_FACE('',(#7469),#7494,.F.);
#7469 = FACE_BOUND('',#7470,.T.);
#7470 = EDGE_LOOP('',(#7471,#7479,#7480,#7488));
#7471 = ORIENTED_EDGE('',*,*,#7472,.F.);
#7472 = EDGE_CURVE('',#6713,#7473,#7475,.T.);
#7473 = VERTEX_POINT('',#7474);
#7474 = CARTESIAN_POINT('',(-0.16,-4.92,-3.));
#7475 = LINE('',#7476,#7477);
#7476 = CARTESIAN_POINT('',(-0.16,-4.92,-3.));
#7477 = VECTOR('',#7478,1.);
#7478 = DIRECTION('',(0.57735026919,-0.57735026919,-0.57735026919));
#7479 = ORIENTED_EDGE('',*,*,#6712,.T.);
#7480 = ORIENTED_EDGE('',*,*,#7481,.T.);
#7481 = EDGE_CURVE('',#6705,#7482,#7484,.T.);
#7482 = VERTEX_POINT('',#7483);
#7483 = CARTESIAN_POINT('',(0.16,-4.92,-3.));
#7484 = LINE('',#7485,#7486);
#7485 = CARTESIAN_POINT('',(5.333333333333E-02,-5.026666666667,
    -3.106666666667));
#7486 = VECTOR('',#7487,1.);
#7487 = DIRECTION('',(-0.57735026919,-0.57735026919,-0.57735026919));
#7488 = ORIENTED_EDGE('',*,*,#7489,.F.);
#7489 = EDGE_CURVE('',#7473,#7482,#7490,.T.);
#7490 = LINE('',#7491,#7492);
#7491 = CARTESIAN_POINT('',(-0.32,-4.92,-3.));
#7492 = VECTOR('',#7493,1.);
#7493 = DIRECTION('',(1.,0.,0.));
#7494 = PLANE('',#7495);
#7495 = AXIS2_PLACEMENT_3D('',#7496,#7497,#7498);
#7496 = CARTESIAN_POINT('',(-0.32,-4.84,-2.92));
#7497 = DIRECTION('',(-1.735167508357E-18,-0.707106781187,0.707106781187
    ));
#7498 = DIRECTION('',(-1.,1.226948711654E-18,-1.226948711654E-18));
#7499 = ADVANCED_FACE('',(#7500),#7518,.T.);
#7500 = FACE_BOUND('',#7501,.T.);
#7501 = EDGE_LOOP('',(#7502,#7510,#7511,#7512));
#7502 = ORIENTED_EDGE('',*,*,#7503,.F.);
#7503 = EDGE_CURVE('',#6736,#7504,#7506,.T.);
#7504 = VERTEX_POINT('',#7505);
#7505 = CARTESIAN_POINT('',(-0.16,-5.24,-3.));
#7506 = LINE('',#7507,#7508);
#7507 = CARTESIAN_POINT('',(-0.266666666667,-5.346666666667,
    -2.893333333333));
#7508 = VECTOR('',#7509,1.);
#7509 = DIRECTION('',(0.57735026919,0.57735026919,-0.57735026919));
#7510 = ORIENTED_EDGE('',*,*,#6743,.T.);
#7511 = ORIENTED_EDGE('',*,*,#7472,.T.);
#7512 = ORIENTED_EDGE('',*,*,#7513,.F.);
#7513 = EDGE_CURVE('',#7504,#7473,#7514,.T.);
#7514 = LINE('',#7515,#7516);
#7515 = CARTESIAN_POINT('',(-0.16,-5.4,-3.));
#7516 = VECTOR('',#7517,1.);
#7517 = DIRECTION('',(0.,1.,0.));
#7518 = PLANE('',#7519);
#7519 = AXIS2_PLACEMENT_3D('',#7520,#7521,#7522);
#7520 = CARTESIAN_POINT('',(-0.24,-5.4,-2.92));
#7521 = DIRECTION('',(-0.707106781187,-1.735167508357E-18,
    -0.707106781187));
#7522 = DIRECTION('',(-1.226948711654E-18,1.,-1.226948711654E-18));
#7523 = ADVANCED_FACE('',(#7524),#7542,.T.);
#7524 = FACE_BOUND('',#7525,.F.);
#7525 = EDGE_LOOP('',(#7526,#7527,#7528,#7536));
#7526 = ORIENTED_EDGE('',*,*,#7503,.F.);
#7527 = ORIENTED_EDGE('',*,*,#6767,.T.);
#7528 = ORIENTED_EDGE('',*,*,#7529,.T.);
#7529 = EDGE_CURVE('',#6760,#7530,#7532,.T.);
#7530 = VERTEX_POINT('',#7531);
#7531 = CARTESIAN_POINT('',(0.16,-5.24,-3.));
#7532 = LINE('',#7533,#7534);
#7533 = CARTESIAN_POINT('',(0.16,-5.24,-3.));
#7534 = VECTOR('',#7535,1.);
#7535 = DIRECTION('',(-0.57735026919,0.57735026919,-0.57735026919));
#7536 = ORIENTED_EDGE('',*,*,#7537,.F.);
#7537 = EDGE_CURVE('',#7504,#7530,#7538,.T.);
#7538 = LINE('',#7539,#7540);
#7539 = CARTESIAN_POINT('',(-0.32,-5.24,-3.));
#7540 = VECTOR('',#7541,1.);
#7541 = DIRECTION('',(1.,0.,0.));
#7542 = PLANE('',#7543);
#7543 = AXIS2_PLACEMENT_3D('',#7544,#7545,#7546);
#7544 = CARTESIAN_POINT('',(-0.32,-5.32,-2.92));
#7545 = DIRECTION('',(1.735167508357E-18,-0.707106781187,-0.707106781187
    ));
#7546 = DIRECTION('',(-1.,-1.226948711654E-18,-1.226948711654E-18));
#7547 = ADVANCED_FACE('',(#7548),#7559,.F.);
#7548 = FACE_BOUND('',#7549,.F.);
#7549 = EDGE_LOOP('',(#7550,#7551,#7552,#7553));
#7550 = ORIENTED_EDGE('',*,*,#7529,.F.);
#7551 = ORIENTED_EDGE('',*,*,#6784,.T.);
#7552 = ORIENTED_EDGE('',*,*,#7481,.T.);
#7553 = ORIENTED_EDGE('',*,*,#7554,.F.);
#7554 = EDGE_CURVE('',#7530,#7482,#7555,.T.);
#7555 = LINE('',#7556,#7557);
#7556 = CARTESIAN_POINT('',(0.16,-5.4,-3.));
#7557 = VECTOR('',#7558,1.);
#7558 = DIRECTION('',(0.,1.,0.));
#7559 = PLANE('',#7560);
#7560 = AXIS2_PLACEMENT_3D('',#7561,#7562,#7563);
#7561 = CARTESIAN_POINT('',(0.24,-5.4,-2.92));
#7562 = DIRECTION('',(-0.707106781187,1.735167508357E-18,0.707106781187)
  );
#7563 = DIRECTION('',(1.226948711654E-18,1.,-1.226948711654E-18));
#7564 = ADVANCED_FACE('',(#7565),#7590,.F.);
#7565 = FACE_BOUND('',#7566,.F.);
#7566 = EDGE_LOOP('',(#7567,#7575,#7576,#7584));
#7567 = ORIENTED_EDGE('',*,*,#7568,.F.);
#7568 = EDGE_CURVE('',#6801,#7569,#7571,.T.);
#7569 = VERTEX_POINT('',#7570);
#7570 = CARTESIAN_POINT('',(0.16,-7.78,-3.));
#7571 = LINE('',#7572,#7573);
#7572 = CARTESIAN_POINT('',(0.16,-7.78,-3.));
#7573 = VECTOR('',#7574,1.);
#7574 = DIRECTION('',(-0.57735026919,0.57735026919,-0.57735026919));
#7575 = ORIENTED_EDGE('',*,*,#6808,.T.);
#7576 = ORIENTED_EDGE('',*,*,#7577,.T.);
#7577 = EDGE_CURVE('',#6809,#7578,#7580,.T.);
#7578 = VERTEX_POINT('',#7579);
#7579 = CARTESIAN_POINT('',(0.16,-7.46,-3.));
#7580 = LINE('',#7581,#7582);
#7581 = CARTESIAN_POINT('',(5.333333333333E-02,-7.566666666667,
    -3.106666666667));
#7582 = VECTOR('',#7583,1.);
#7583 = DIRECTION('',(-0.57735026919,-0.57735026919,-0.57735026919));
#7584 = ORIENTED_EDGE('',*,*,#7585,.F.);
#7585 = EDGE_CURVE('',#7569,#7578,#7586,.T.);
#7586 = LINE('',#7587,#7588);
#7587 = CARTESIAN_POINT('',(0.16,-7.94,-3.));
#7588 = VECTOR('',#7589,1.);
#7589 = DIRECTION('',(0.,1.,0.));
#7590 = PLANE('',#7591);
#7591 = AXIS2_PLACEMENT_3D('',#7592,#7593,#7594);
#7592 = CARTESIAN_POINT('',(0.24,-7.94,-2.92));
#7593 = DIRECTION('',(-0.707106781187,1.735167508357E-18,0.707106781187)
  );
#7594 = DIRECTION('',(1.226948711654E-18,1.,-1.226948711654E-18));
#7595 = ADVANCED_FACE('',(#7596),#7614,.F.);
#7596 = FACE_BOUND('',#7597,.T.);
#7597 = EDGE_LOOP('',(#7598,#7606,#7607,#7608));
#7598 = ORIENTED_EDGE('',*,*,#7599,.F.);
#7599 = EDGE_CURVE('',#6833,#7600,#7602,.T.);
#7600 = VERTEX_POINT('',#7601);
#7601 = CARTESIAN_POINT('',(-0.16,-7.46,-3.));
#7602 = LINE('',#7603,#7604);
#7603 = CARTESIAN_POINT('',(-0.16,-7.46,-3.));
#7604 = VECTOR('',#7605,1.);
#7605 = DIRECTION('',(0.57735026919,-0.57735026919,-0.57735026919));
#7606 = ORIENTED_EDGE('',*,*,#6832,.T.);
#7607 = ORIENTED_EDGE('',*,*,#7577,.T.);
#7608 = ORIENTED_EDGE('',*,*,#7609,.F.);
#7609 = EDGE_CURVE('',#7600,#7578,#7610,.T.);
#7610 = LINE('',#7611,#7612);
#7611 = CARTESIAN_POINT('',(-0.32,-7.46,-3.));
#7612 = VECTOR('',#7613,1.);
#7613 = DIRECTION('',(1.,0.,0.));
#7614 = PLANE('',#7615);
#7615 = AXIS2_PLACEMENT_3D('',#7616,#7617,#7618);
#7616 = CARTESIAN_POINT('',(-0.32,-7.38,-2.92));
#7617 = DIRECTION('',(-1.735167508357E-18,-0.707106781187,0.707106781187
    ));
#7618 = DIRECTION('',(-1.,1.226948711654E-18,-1.226948711654E-18));
#7619 = ADVANCED_FACE('',(#7620),#7638,.T.);
#7620 = FACE_BOUND('',#7621,.T.);
#7621 = EDGE_LOOP('',(#7622,#7630,#7631,#7632));
#7622 = ORIENTED_EDGE('',*,*,#7623,.F.);
#7623 = EDGE_CURVE('',#6856,#7624,#7626,.T.);
#7624 = VERTEX_POINT('',#7625);
#7625 = CARTESIAN_POINT('',(-0.16,-7.78,-3.));
#7626 = LINE('',#7627,#7628);
#7627 = CARTESIAN_POINT('',(-0.266666666667,-7.886666666667,
    -2.893333333333));
#7628 = VECTOR('',#7629,1.);
#7629 = DIRECTION('',(0.57735026919,0.57735026919,-0.57735026919));
#7630 = ORIENTED_EDGE('',*,*,#6863,.T.);
#7631 = ORIENTED_EDGE('',*,*,#7599,.T.);
#7632 = ORIENTED_EDGE('',*,*,#7633,.F.);
#7633 = EDGE_CURVE('',#7624,#7600,#7634,.T.);
#7634 = LINE('',#7635,#7636);
#7635 = CARTESIAN_POINT('',(-0.16,-7.94,-3.));
#7636 = VECTOR('',#7637,1.);
#7637 = DIRECTION('',(0.,1.,0.));
#7638 = PLANE('',#7639);
#7639 = AXIS2_PLACEMENT_3D('',#7640,#7641,#7642);
#7640 = CARTESIAN_POINT('',(-0.24,-7.94,-2.92));
#7641 = DIRECTION('',(-0.707106781187,-1.735167508357E-18,
    -0.707106781187));
#7642 = DIRECTION('',(-1.226948711654E-18,1.,-1.226948711654E-18));
#7643 = ADVANCED_FACE('',(#7644),#7655,.T.);
#7644 = FACE_BOUND('',#7645,.F.);
#7645 = EDGE_LOOP('',(#7646,#7647,#7648,#7649));
#7646 = ORIENTED_EDGE('',*,*,#7623,.F.);
#7647 = ORIENTED_EDGE('',*,*,#6880,.T.);
#7648 = ORIENTED_EDGE('',*,*,#7568,.T.);
#7649 = ORIENTED_EDGE('',*,*,#7650,.F.);
#7650 = EDGE_CURVE('',#7624,#7569,#7651,.T.);
#7651 = LINE('',#7652,#7653);
#7652 = CARTESIAN_POINT('',(-0.32,-7.78,-3.));
#7653 = VECTOR('',#7654,1.);
#7654 = DIRECTION('',(1.,0.,0.));
#7655 = PLANE('',#7656);
#7656 = AXIS2_PLACEMENT_3D('',#7657,#7658,#7659);
#7657 = CARTESIAN_POINT('',(-0.32,-7.86,-2.92));
#7658 = DIRECTION('',(1.735167508357E-18,-0.707106781187,-0.707106781187
    ));
#7659 = DIRECTION('',(-1.,-1.226948711654E-18,-1.226948711654E-18));
#7660 = ADVANCED_FACE('',(#7661),#7686,.F.);
#7661 = FACE_BOUND('',#7662,.F.);
#7662 = EDGE_LOOP('',(#7663,#7671,#7672,#7680));
#7663 = ORIENTED_EDGE('',*,*,#7664,.F.);
#7664 = EDGE_CURVE('',#6897,#7665,#7667,.T.);
#7665 = VERTEX_POINT('',#7666);
#7666 = CARTESIAN_POINT('',(0.16,-0.16,-3.));
#7667 = LINE('',#7668,#7669);
#7668 = CARTESIAN_POINT('',(0.16,-0.16,-3.));
#7669 = VECTOR('',#7670,1.);
#7670 = DIRECTION('',(-0.57735026919,0.57735026919,-0.57735026919));
#7671 = ORIENTED_EDGE('',*,*,#6904,.T.);
#7672 = ORIENTED_EDGE('',*,*,#7673,.T.);
#7673 = EDGE_CURVE('',#6905,#7674,#7676,.T.);
#7674 = VERTEX_POINT('',#7675);
#7675 = CARTESIAN_POINT('',(0.16,0.16,-3.));
#7676 = LINE('',#7677,#7678);
#7677 = CARTESIAN_POINT('',(5.333333333333E-02,5.333333333333E-02,
    -3.106666666667));
#7678 = VECTOR('',#7679,1.);
#7679 = DIRECTION('',(-0.57735026919,-0.57735026919,-0.57735026919));
#7680 = ORIENTED_EDGE('',*,*,#7681,.F.);
#7681 = EDGE_CURVE('',#7665,#7674,#7682,.T.);
#7682 = LINE('',#7683,#7684);
#7683 = CARTESIAN_POINT('',(0.16,-0.32,-3.));
#7684 = VECTOR('',#7685,1.);
#7685 = DIRECTION('',(0.,1.,0.));
#7686 = PLANE('',#7687);
#7687 = AXIS2_PLACEMENT_3D('',#7688,#7689,#7690);
#7688 = CARTESIAN_POINT('',(0.24,-0.32,-2.92));
#7689 = DIRECTION('',(-0.707106781187,1.735167508357E-18,0.707106781187)
  );
#7690 = DIRECTION('',(1.226948711654E-18,1.,-1.226948711654E-18));
#7691 = ADVANCED_FACE('',(#7692),#7710,.F.);
#7692 = FACE_BOUND('',#7693,.T.);
#7693 = EDGE_LOOP('',(#7694,#7702,#7703,#7704));
#7694 = ORIENTED_EDGE('',*,*,#7695,.F.);
#7695 = EDGE_CURVE('',#6929,#7696,#7698,.T.);
#7696 = VERTEX_POINT('',#7697);
#7697 = CARTESIAN_POINT('',(-0.16,0.16,-3.));
#7698 = LINE('',#7699,#7700);
#7699 = CARTESIAN_POINT('',(-0.16,0.16,-3.));
#7700 = VECTOR('',#7701,1.);
#7701 = DIRECTION('',(0.57735026919,-0.57735026919,-0.57735026919));
#7702 = ORIENTED_EDGE('',*,*,#6928,.T.);
#7703 = ORIENTED_EDGE('',*,*,#7673,.T.);
#7704 = ORIENTED_EDGE('',*,*,#7705,.F.);
#7705 = EDGE_CURVE('',#7696,#7674,#7706,.T.);
#7706 = LINE('',#7707,#7708);
#7707 = CARTESIAN_POINT('',(-0.32,0.16,-3.));
#7708 = VECTOR('',#7709,1.);
#7709 = DIRECTION('',(1.,0.,0.));
#7710 = PLANE('',#7711);
#7711 = AXIS2_PLACEMENT_3D('',#7712,#7713,#7714);
#7712 = CARTESIAN_POINT('',(-0.32,0.24,-2.92));
#7713 = DIRECTION('',(-1.735167508357E-18,-0.707106781187,0.707106781187
    ));
#7714 = DIRECTION('',(-1.,1.226948711654E-18,-1.226948711654E-18));
#7715 = ADVANCED_FACE('',(#7716),#7734,.T.);
#7716 = FACE_BOUND('',#7717,.T.);
#7717 = EDGE_LOOP('',(#7718,#7726,#7727,#7728));
#7718 = ORIENTED_EDGE('',*,*,#7719,.F.);
#7719 = EDGE_CURVE('',#6952,#7720,#7722,.T.);
#7720 = VERTEX_POINT('',#7721);
#7721 = CARTESIAN_POINT('',(-0.16,-0.16,-3.));
#7722 = LINE('',#7723,#7724);
#7723 = CARTESIAN_POINT('',(-0.266666666667,-0.266666666667,
    -2.893333333333));
#7724 = VECTOR('',#7725,1.);
#7725 = DIRECTION('',(0.57735026919,0.57735026919,-0.57735026919));
#7726 = ORIENTED_EDGE('',*,*,#6959,.T.);
#7727 = ORIENTED_EDGE('',*,*,#7695,.T.);
#7728 = ORIENTED_EDGE('',*,*,#7729,.F.);
#7729 = EDGE_CURVE('',#7720,#7696,#7730,.T.);
#7730 = LINE('',#7731,#7732);
#7731 = CARTESIAN_POINT('',(-0.16,-0.32,-3.));
#7732 = VECTOR('',#7733,1.);
#7733 = DIRECTION('',(0.,1.,0.));
#7734 = PLANE('',#7735);
#7735 = AXIS2_PLACEMENT_3D('',#7736,#7737,#7738);
#7736 = CARTESIAN_POINT('',(-0.24,-0.32,-2.92));
#7737 = DIRECTION('',(-0.707106781187,-1.735167508357E-18,
    -0.707106781187));
#7738 = DIRECTION('',(-1.226948711654E-18,1.,-1.226948711654E-18));
#7739 = ADVANCED_FACE('',(#7740),#7751,.T.);
#7740 = FACE_BOUND('',#7741,.F.);
#7741 = EDGE_LOOP('',(#7742,#7743,#7744,#7745));
#7742 = ORIENTED_EDGE('',*,*,#7719,.F.);
#7743 = ORIENTED_EDGE('',*,*,#6976,.T.);
#7744 = ORIENTED_EDGE('',*,*,#7664,.T.);
#7745 = ORIENTED_EDGE('',*,*,#7746,.F.);
#7746 = EDGE_CURVE('',#7720,#7665,#7747,.T.);
#7747 = LINE('',#7748,#7749);
#7748 = CARTESIAN_POINT('',(-0.32,-0.16,-3.));
#7749 = VECTOR('',#7750,1.);
#7750 = DIRECTION('',(1.,0.,0.));
#7751 = PLANE('',#7752);
#7752 = AXIS2_PLACEMENT_3D('',#7753,#7754,#7755);
#7753 = CARTESIAN_POINT('',(-0.32,-0.24,-2.92));
#7754 = DIRECTION('',(1.735167508357E-18,-0.707106781187,-0.707106781187
    ));
#7755 = DIRECTION('',(-1.,-1.226948711654E-18,-1.226948711654E-18));
#7756 = ADVANCED_FACE('',(#7757),#7782,.F.);
#7757 = FACE_BOUND('',#7758,.T.);
#7758 = EDGE_LOOP('',(#7759,#7767,#7768,#7776));
#7759 = ORIENTED_EDGE('',*,*,#7760,.F.);
#7760 = EDGE_CURVE('',#7001,#7761,#7763,.T.);
#7761 = VERTEX_POINT('',#7762);
#7762 = CARTESIAN_POINT('',(-0.16,-2.38,-3.));
#7763 = LINE('',#7764,#7765);
#7764 = CARTESIAN_POINT('',(-0.16,-2.38,-3.));
#7765 = VECTOR('',#7766,1.);
#7766 = DIRECTION('',(0.57735026919,-0.57735026919,-0.57735026919));
#7767 = ORIENTED_EDGE('',*,*,#7000,.T.);
#7768 = ORIENTED_EDGE('',*,*,#7769,.T.);
#7769 = EDGE_CURVE('',#6993,#7770,#7772,.T.);
#7770 = VERTEX_POINT('',#7771);
#7771 = CARTESIAN_POINT('',(0.16,-2.38,-3.));
#7772 = LINE('',#7773,#7774);
#7773 = CARTESIAN_POINT('',(5.333333333333E-02,-2.486666666667,
    -3.106666666667));
#7774 = VECTOR('',#7775,1.);
#7775 = DIRECTION('',(-0.57735026919,-0.57735026919,-0.57735026919));
#7776 = ORIENTED_EDGE('',*,*,#7777,.F.);
#7777 = EDGE_CURVE('',#7761,#7770,#7778,.T.);
#7778 = LINE('',#7779,#7780);
#7779 = CARTESIAN_POINT('',(-0.32,-2.38,-3.));
#7780 = VECTOR('',#7781,1.);
#7781 = DIRECTION('',(1.,0.,0.));
#7782 = PLANE('',#7783);
#7783 = AXIS2_PLACEMENT_3D('',#7784,#7785,#7786);
#7784 = CARTESIAN_POINT('',(-0.32,-2.3,-2.92));
#7785 = DIRECTION('',(-1.735167508357E-18,-0.707106781187,0.707106781187
    ));
#7786 = DIRECTION('',(-1.,1.226948711654E-18,-1.226948711654E-18));
#7787 = ADVANCED_FACE('',(#7788),#7806,.T.);
#7788 = FACE_BOUND('',#7789,.T.);
#7789 = EDGE_LOOP('',(#7790,#7798,#7799,#7800));
#7790 = ORIENTED_EDGE('',*,*,#7791,.F.);
#7791 = EDGE_CURVE('',#7024,#7792,#7794,.T.);
#7792 = VERTEX_POINT('',#7793);
#7793 = CARTESIAN_POINT('',(-0.16,-2.7,-3.));
#7794 = LINE('',#7795,#7796);
#7795 = CARTESIAN_POINT('',(-0.266666666667,-2.806666666667,
    -2.893333333333));
#7796 = VECTOR('',#7797,1.);
#7797 = DIRECTION('',(0.57735026919,0.57735026919,-0.57735026919));
#7798 = ORIENTED_EDGE('',*,*,#7031,.T.);
#7799 = ORIENTED_EDGE('',*,*,#7760,.T.);
#7800 = ORIENTED_EDGE('',*,*,#7801,.F.);
#7801 = EDGE_CURVE('',#7792,#7761,#7802,.T.);
#7802 = LINE('',#7803,#7804);
#7803 = CARTESIAN_POINT('',(-0.16,-2.86,-3.));
#7804 = VECTOR('',#7805,1.);
#7805 = DIRECTION('',(0.,1.,0.));
#7806 = PLANE('',#7807);
#7807 = AXIS2_PLACEMENT_3D('',#7808,#7809,#7810);
#7808 = CARTESIAN_POINT('',(-0.24,-2.86,-2.92));
#7809 = DIRECTION('',(-0.707106781187,-1.735167508357E-18,
    -0.707106781187));
#7810 = DIRECTION('',(-1.226948711654E-18,1.,-1.226948711654E-18));
#7811 = ADVANCED_FACE('',(#7812),#7830,.T.);
#7812 = FACE_BOUND('',#7813,.F.);
#7813 = EDGE_LOOP('',(#7814,#7815,#7816,#7824));
#7814 = ORIENTED_EDGE('',*,*,#7791,.F.);
#7815 = ORIENTED_EDGE('',*,*,#7055,.T.);
#7816 = ORIENTED_EDGE('',*,*,#7817,.T.);
#7817 = EDGE_CURVE('',#7048,#7818,#7820,.T.);
#7818 = VERTEX_POINT('',#7819);
#7819 = CARTESIAN_POINT('',(0.16,-2.7,-3.));
#7820 = LINE('',#7821,#7822);
#7821 = CARTESIAN_POINT('',(0.16,-2.7,-3.));
#7822 = VECTOR('',#7823,1.);
#7823 = DIRECTION('',(-0.57735026919,0.57735026919,-0.57735026919));
#7824 = ORIENTED_EDGE('',*,*,#7825,.F.);
#7825 = EDGE_CURVE('',#7792,#7818,#7826,.T.);
#7826 = LINE('',#7827,#7828);
#7827 = CARTESIAN_POINT('',(-0.32,-2.7,-3.));
#7828 = VECTOR('',#7829,1.);
#7829 = DIRECTION('',(1.,0.,0.));
#7830 = PLANE('',#7831);
#7831 = AXIS2_PLACEMENT_3D('',#7832,#7833,#7834);
#7832 = CARTESIAN_POINT('',(-0.32,-2.78,-2.92));
#7833 = DIRECTION('',(1.735167508357E-18,-0.707106781187,-0.707106781187
    ));
#7834 = DIRECTION('',(-1.,-1.226948711654E-18,-1.226948711654E-18));
#7835 = ADVANCED_FACE('',(#7836),#7847,.F.);
#7836 = FACE_BOUND('',#7837,.F.);
#7837 = EDGE_LOOP('',(#7838,#7839,#7840,#7841));
#7838 = ORIENTED_EDGE('',*,*,#7817,.F.);
#7839 = ORIENTED_EDGE('',*,*,#7072,.T.);
#7840 = ORIENTED_EDGE('',*,*,#7769,.T.);
#7841 = ORIENTED_EDGE('',*,*,#7842,.F.);
#7842 = EDGE_CURVE('',#7818,#7770,#7843,.T.);
#7843 = LINE('',#7844,#7845);
#7844 = CARTESIAN_POINT('',(0.16,-2.86,-3.));
#7845 = VECTOR('',#7846,1.);
#7846 = DIRECTION('',(0.,1.,0.));
#7847 = PLANE('',#7848);
#7848 = AXIS2_PLACEMENT_3D('',#7849,#7850,#7851);
#7849 = CARTESIAN_POINT('',(0.24,-2.86,-2.92));
#7850 = DIRECTION('',(-0.707106781187,1.735167508357E-18,0.707106781187)
  );
#7851 = DIRECTION('',(1.226948711654E-18,1.,-1.226948711654E-18));
#7852 = ADVANCED_FACE('',(#7853),#7878,.T.);
#7853 = FACE_BOUND('',#7854,.F.);
#7854 = EDGE_LOOP('',(#7855,#7863,#7864,#7872));
#7855 = ORIENTED_EDGE('',*,*,#7856,.F.);
#7856 = EDGE_CURVE('',#7098,#7857,#7859,.T.);
#7857 = VERTEX_POINT('',#7858);
#7858 = CARTESIAN_POINT('',(-0.16,-4.92,8.54));
#7859 = LINE('',#7860,#7861);
#7860 = CARTESIAN_POINT('',(-0.16,-4.92,8.54));
#7861 = VECTOR('',#7862,1.);
#7862 = DIRECTION('',(0.57735026919,-0.57735026919,0.57735026919));
#7863 = ORIENTED_EDGE('',*,*,#7105,.T.);
#7864 = ORIENTED_EDGE('',*,*,#7865,.T.);
#7865 = EDGE_CURVE('',#7089,#7866,#7868,.T.);
#7866 = VERTEX_POINT('',#7867);
#7867 = CARTESIAN_POINT('',(0.16,-4.92,8.54));
#7868 = LINE('',#7869,#7870);
#7869 = CARTESIAN_POINT('',(5.333333333333E-02,-5.026666666667,
    8.646666666667));
#7870 = VECTOR('',#7871,1.);
#7871 = DIRECTION('',(-0.57735026919,-0.57735026919,0.57735026919));
#7872 = ORIENTED_EDGE('',*,*,#7873,.F.);
#7873 = EDGE_CURVE('',#7857,#7866,#7874,.T.);
#7874 = LINE('',#7875,#7876);
#7875 = CARTESIAN_POINT('',(-0.32,-4.92,8.54));
#7876 = VECTOR('',#7877,1.);
#7877 = DIRECTION('',(1.,0.,0.));
#7878 = PLANE('',#7879);
#7879 = AXIS2_PLACEMENT_3D('',#7880,#7881,#7882);
#7880 = CARTESIAN_POINT('',(-0.32,-4.84,8.46));
#7881 = DIRECTION('',(1.735167508357E-18,0.707106781187,0.707106781187)
  );
#7882 = DIRECTION('',(-1.,1.226948711654E-18,1.226948711654E-18));
#7883 = ADVANCED_FACE('',(#7884),#7902,.F.);
#7884 = FACE_BOUND('',#7885,.F.);
#7885 = EDGE_LOOP('',(#7886,#7894,#7895,#7896));
#7886 = ORIENTED_EDGE('',*,*,#7887,.F.);
#7887 = EDGE_CURVE('',#7120,#7888,#7890,.T.);
#7888 = VERTEX_POINT('',#7889);
#7889 = CARTESIAN_POINT('',(-0.16,-5.24,8.54));
#7890 = LINE('',#7891,#7892);
#7891 = CARTESIAN_POINT('',(-0.266666666667,-5.346666666667,
    8.433333333333));
#7892 = VECTOR('',#7893,1.);
#7893 = DIRECTION('',(0.57735026919,0.57735026919,0.57735026919));
#7894 = ORIENTED_EDGE('',*,*,#7129,.T.);
#7895 = ORIENTED_EDGE('',*,*,#7856,.T.);
#7896 = ORIENTED_EDGE('',*,*,#7897,.F.);
#7897 = EDGE_CURVE('',#7888,#7857,#7898,.T.);
#7898 = LINE('',#7899,#7900);
#7899 = CARTESIAN_POINT('',(-0.16,-5.4,8.54));
#7900 = VECTOR('',#7901,1.);
#7901 = DIRECTION('',(0.,1.,0.));
#7902 = PLANE('',#7903);
#7903 = AXIS2_PLACEMENT_3D('',#7904,#7905,#7906);
#7904 = CARTESIAN_POINT('',(-0.24,-5.4,8.46));
#7905 = DIRECTION('',(0.707106781187,1.735167508357E-18,-0.707106781187)
  );
#7906 = DIRECTION('',(-1.226948711654E-18,1.,1.226948711654E-18));
#7907 = ADVANCED_FACE('',(#7908),#7926,.F.);
#7908 = FACE_BOUND('',#7909,.T.);
#7909 = EDGE_LOOP('',(#7910,#7911,#7912,#7920));
#7910 = ORIENTED_EDGE('',*,*,#7887,.F.);
#7911 = ORIENTED_EDGE('',*,*,#7153,.T.);
#7912 = ORIENTED_EDGE('',*,*,#7913,.T.);
#7913 = EDGE_CURVE('',#7144,#7914,#7916,.T.);
#7914 = VERTEX_POINT('',#7915);
#7915 = CARTESIAN_POINT('',(0.16,-5.24,8.54));
#7916 = LINE('',#7917,#7918);
#7917 = CARTESIAN_POINT('',(0.16,-5.24,8.54));
#7918 = VECTOR('',#7919,1.);
#7919 = DIRECTION('',(-0.57735026919,0.57735026919,0.57735026919));
#7920 = ORIENTED_EDGE('',*,*,#7921,.F.);
#7921 = EDGE_CURVE('',#7888,#7914,#7922,.T.);
#7922 = LINE('',#7923,#7924);
#7923 = CARTESIAN_POINT('',(-0.32,-5.24,8.54));
#7924 = VECTOR('',#7925,1.);
#7925 = DIRECTION('',(1.,0.,0.));
#7926 = PLANE('',#7927);
#7927 = AXIS2_PLACEMENT_3D('',#7928,#7929,#7930);
#7928 = CARTESIAN_POINT('',(-0.32,-5.32,8.46));
#7929 = DIRECTION('',(-1.735167508357E-18,0.707106781187,-0.707106781187
    ));
#7930 = DIRECTION('',(-1.,-1.226948711654E-18,1.226948711654E-18));
#7931 = ADVANCED_FACE('',(#7932),#7943,.T.);
#7932 = FACE_BOUND('',#7933,.T.);
#7933 = EDGE_LOOP('',(#7934,#7935,#7936,#7937));
#7934 = ORIENTED_EDGE('',*,*,#7913,.F.);
#7935 = ORIENTED_EDGE('',*,*,#7170,.T.);
#7936 = ORIENTED_EDGE('',*,*,#7865,.T.);
#7937 = ORIENTED_EDGE('',*,*,#7938,.F.);
#7938 = EDGE_CURVE('',#7914,#7866,#7939,.T.);
#7939 = LINE('',#7940,#7941);
#7940 = CARTESIAN_POINT('',(0.16,-5.4,8.54));
#7941 = VECTOR('',#7942,1.);
#7942 = DIRECTION('',(0.,1.,0.));
#7943 = PLANE('',#7944);
#7944 = AXIS2_PLACEMENT_3D('',#7945,#7946,#7947);
#7945 = CARTESIAN_POINT('',(0.24,-5.4,8.46));
#7946 = DIRECTION('',(0.707106781187,-1.735167508357E-18,0.707106781187)
  );
#7947 = DIRECTION('',(1.226948711654E-18,1.,1.226948711654E-18));
#7948 = ADVANCED_FACE('',(#7949),#7974,.T.);
#7949 = FACE_BOUND('',#7950,.T.);
#7950 = EDGE_LOOP('',(#7951,#7959,#7960,#7968));
#7951 = ORIENTED_EDGE('',*,*,#7952,.F.);
#7952 = EDGE_CURVE('',#7185,#7953,#7955,.T.);
#7953 = VERTEX_POINT('',#7954);
#7954 = CARTESIAN_POINT('',(0.16,-7.78,8.54));
#7955 = LINE('',#7956,#7957);
#7956 = CARTESIAN_POINT('',(0.16,-7.78,8.54));
#7957 = VECTOR('',#7958,1.);
#7958 = DIRECTION('',(-0.57735026919,0.57735026919,0.57735026919));
#7959 = ORIENTED_EDGE('',*,*,#7201,.T.);
#7960 = ORIENTED_EDGE('',*,*,#7961,.T.);
#7961 = EDGE_CURVE('',#7194,#7962,#7964,.T.);
#7962 = VERTEX_POINT('',#7963);
#7963 = CARTESIAN_POINT('',(0.16,-7.46,8.54));
#7964 = LINE('',#7965,#7966);
#7965 = CARTESIAN_POINT('',(5.333333333333E-02,-7.566666666667,
    8.646666666667));
#7966 = VECTOR('',#7967,1.);
#7967 = DIRECTION('',(-0.57735026919,-0.57735026919,0.57735026919));
#7968 = ORIENTED_EDGE('',*,*,#7969,.F.);
#7969 = EDGE_CURVE('',#7953,#7962,#7970,.T.);
#7970 = LINE('',#7971,#7972);
#7971 = CARTESIAN_POINT('',(0.16,-7.94,8.54));
#7972 = VECTOR('',#7973,1.);
#7973 = DIRECTION('',(0.,1.,0.));
#7974 = PLANE('',#7975);
#7975 = AXIS2_PLACEMENT_3D('',#7976,#7977,#7978);
#7976 = CARTESIAN_POINT('',(0.24,-7.94,8.46));
#7977 = DIRECTION('',(0.707106781187,-1.735167508357E-18,0.707106781187)
  );
#7978 = DIRECTION('',(1.226948711654E-18,1.,1.226948711654E-18));
#7979 = ADVANCED_FACE('',(#7980),#7998,.T.);
#7980 = FACE_BOUND('',#7981,.F.);
#7981 = EDGE_LOOP('',(#7982,#7990,#7991,#7992));
#7982 = ORIENTED_EDGE('',*,*,#7983,.F.);
#7983 = EDGE_CURVE('',#7218,#7984,#7986,.T.);
#7984 = VERTEX_POINT('',#7985);
#7985 = CARTESIAN_POINT('',(-0.16,-7.46,8.54));
#7986 = LINE('',#7987,#7988);
#7987 = CARTESIAN_POINT('',(-0.16,-7.46,8.54));
#7988 = VECTOR('',#7989,1.);
#7989 = DIRECTION('',(0.57735026919,-0.57735026919,0.57735026919));
#7990 = ORIENTED_EDGE('',*,*,#7225,.T.);
#7991 = ORIENTED_EDGE('',*,*,#7961,.T.);
#7992 = ORIENTED_EDGE('',*,*,#7993,.F.);
#7993 = EDGE_CURVE('',#7984,#7962,#7994,.T.);
#7994 = LINE('',#7995,#7996);
#7995 = CARTESIAN_POINT('',(-0.32,-7.46,8.54));
#7996 = VECTOR('',#7997,1.);
#7997 = DIRECTION('',(1.,0.,0.));
#7998 = PLANE('',#7999);
#7999 = AXIS2_PLACEMENT_3D('',#8000,#8001,#8002);
#8000 = CARTESIAN_POINT('',(-0.32,-7.38,8.46));
#8001 = DIRECTION('',(1.735167508357E-18,0.707106781187,0.707106781187)
  );
#8002 = DIRECTION('',(-1.,1.226948711654E-18,1.226948711654E-18));
#8003 = ADVANCED_FACE('',(#8004),#8022,.F.);
#8004 = FACE_BOUND('',#8005,.F.);
#8005 = EDGE_LOOP('',(#8006,#8014,#8015,#8016));
#8006 = ORIENTED_EDGE('',*,*,#8007,.F.);
#8007 = EDGE_CURVE('',#7240,#8008,#8010,.T.);
#8008 = VERTEX_POINT('',#8009);
#8009 = CARTESIAN_POINT('',(-0.16,-7.78,8.54));
#8010 = LINE('',#8011,#8012);
#8011 = CARTESIAN_POINT('',(-0.266666666667,-7.886666666667,
    8.433333333333));
#8012 = VECTOR('',#8013,1.);
#8013 = DIRECTION('',(0.57735026919,0.57735026919,0.57735026919));
#8014 = ORIENTED_EDGE('',*,*,#7249,.T.);
#8015 = ORIENTED_EDGE('',*,*,#7983,.T.);
#8016 = ORIENTED_EDGE('',*,*,#8017,.F.);
#8017 = EDGE_CURVE('',#8008,#7984,#8018,.T.);
#8018 = LINE('',#8019,#8020);
#8019 = CARTESIAN_POINT('',(-0.16,-7.94,8.54));
#8020 = VECTOR('',#8021,1.);
#8021 = DIRECTION('',(0.,1.,0.));
#8022 = PLANE('',#8023);
#8023 = AXIS2_PLACEMENT_3D('',#8024,#8025,#8026);
#8024 = CARTESIAN_POINT('',(-0.24,-7.94,8.46));
#8025 = DIRECTION('',(0.707106781187,1.735167508357E-18,-0.707106781187)
  );
#8026 = DIRECTION('',(-1.226948711654E-18,1.,1.226948711654E-18));
#8027 = ADVANCED_FACE('',(#8028),#8039,.F.);
#8028 = FACE_BOUND('',#8029,.T.);
#8029 = EDGE_LOOP('',(#8030,#8031,#8032,#8033));
#8030 = ORIENTED_EDGE('',*,*,#8007,.F.);
#8031 = ORIENTED_EDGE('',*,*,#7266,.T.);
#8032 = ORIENTED_EDGE('',*,*,#7952,.T.);
#8033 = ORIENTED_EDGE('',*,*,#8034,.F.);
#8034 = EDGE_CURVE('',#8008,#7953,#8035,.T.);
#8035 = LINE('',#8036,#8037);
#8036 = CARTESIAN_POINT('',(-0.32,-7.78,8.54));
#8037 = VECTOR('',#8038,1.);
#8038 = DIRECTION('',(1.,0.,0.));
#8039 = PLANE('',#8040);
#8040 = AXIS2_PLACEMENT_3D('',#8041,#8042,#8043);
#8041 = CARTESIAN_POINT('',(-0.32,-7.86,8.46));
#8042 = DIRECTION('',(-1.735167508357E-18,0.707106781187,-0.707106781187
    ));
#8043 = DIRECTION('',(-1.,-1.226948711654E-18,1.226948711654E-18));
#8044 = ADVANCED_FACE('',(#8045),#8070,.T.);
#8045 = FACE_BOUND('',#8046,.T.);
#8046 = EDGE_LOOP('',(#8047,#8055,#8056,#8064));
#8047 = ORIENTED_EDGE('',*,*,#8048,.F.);
#8048 = EDGE_CURVE('',#7281,#8049,#8051,.T.);
#8049 = VERTEX_POINT('',#8050);
#8050 = CARTESIAN_POINT('',(0.16,-0.16,8.54));
#8051 = LINE('',#8052,#8053);
#8052 = CARTESIAN_POINT('',(0.16,-0.16,8.54));
#8053 = VECTOR('',#8054,1.);
#8054 = DIRECTION('',(-0.57735026919,0.57735026919,0.57735026919));
#8055 = ORIENTED_EDGE('',*,*,#7297,.T.);
#8056 = ORIENTED_EDGE('',*,*,#8057,.T.);
#8057 = EDGE_CURVE('',#7290,#8058,#8060,.T.);
#8058 = VERTEX_POINT('',#8059);
#8059 = CARTESIAN_POINT('',(0.16,0.16,8.54));
#8060 = LINE('',#8061,#8062);
#8061 = CARTESIAN_POINT('',(5.333333333333E-02,5.333333333333E-02,
    8.646666666667));
#8062 = VECTOR('',#8063,1.);
#8063 = DIRECTION('',(-0.57735026919,-0.57735026919,0.57735026919));
#8064 = ORIENTED_EDGE('',*,*,#8065,.F.);
#8065 = EDGE_CURVE('',#8049,#8058,#8066,.T.);
#8066 = LINE('',#8067,#8068);
#8067 = CARTESIAN_POINT('',(0.16,-0.32,8.54));
#8068 = VECTOR('',#8069,1.);
#8069 = DIRECTION('',(0.,1.,0.));
#8070 = PLANE('',#8071);
#8071 = AXIS2_PLACEMENT_3D('',#8072,#8073,#8074);
#8072 = CARTESIAN_POINT('',(0.24,-0.32,8.46));
#8073 = DIRECTION('',(0.707106781187,-1.735167508357E-18,0.707106781187)
  );
#8074 = DIRECTION('',(1.226948711654E-18,1.,1.226948711654E-18));
#8075 = ADVANCED_FACE('',(#8076),#8094,.T.);
#8076 = FACE_BOUND('',#8077,.F.);
#8077 = EDGE_LOOP('',(#8078,#8086,#8087,#8088));
#8078 = ORIENTED_EDGE('',*,*,#8079,.F.);
#8079 = EDGE_CURVE('',#7314,#8080,#8082,.T.);
#8080 = VERTEX_POINT('',#8081);
#8081 = CARTESIAN_POINT('',(-0.16,0.16,8.54));
#8082 = LINE('',#8083,#8084);
#8083 = CARTESIAN_POINT('',(-0.16,0.16,8.54));
#8084 = VECTOR('',#8085,1.);
#8085 = DIRECTION('',(0.57735026919,-0.57735026919,0.57735026919));
#8086 = ORIENTED_EDGE('',*,*,#7321,.T.);
#8087 = ORIENTED_EDGE('',*,*,#8057,.T.);
#8088 = ORIENTED_EDGE('',*,*,#8089,.F.);
#8089 = EDGE_CURVE('',#8080,#8058,#8090,.T.);
#8090 = LINE('',#8091,#8092);
#8091 = CARTESIAN_POINT('',(-0.32,0.16,8.54));
#8092 = VECTOR('',#8093,1.);
#8093 = DIRECTION('',(1.,0.,0.));
#8094 = PLANE('',#8095);
#8095 = AXIS2_PLACEMENT_3D('',#8096,#8097,#8098);
#8096 = CARTESIAN_POINT('',(-0.32,0.24,8.46));
#8097 = DIRECTION('',(1.735167508357E-18,0.707106781187,0.707106781187)
  );
#8098 = DIRECTION('',(-1.,1.226948711654E-18,1.226948711654E-18));
#8099 = ADVANCED_FACE('',(#8100),#8118,.F.);
#8100 = FACE_BOUND('',#8101,.F.);
#8101 = EDGE_LOOP('',(#8102,#8110,#8111,#8112));
#8102 = ORIENTED_EDGE('',*,*,#8103,.F.);
#8103 = EDGE_CURVE('',#7336,#8104,#8106,.T.);
#8104 = VERTEX_POINT('',#8105);
#8105 = CARTESIAN_POINT('',(-0.16,-0.16,8.54));
#8106 = LINE('',#8107,#8108);
#8107 = CARTESIAN_POINT('',(-0.266666666667,-0.266666666667,
    8.433333333333));
#8108 = VECTOR('',#8109,1.);
#8109 = DIRECTION('',(0.57735026919,0.57735026919,0.57735026919));
#8110 = ORIENTED_EDGE('',*,*,#7345,.T.);
#8111 = ORIENTED_EDGE('',*,*,#8079,.T.);
#8112 = ORIENTED_EDGE('',*,*,#8113,.F.);
#8113 = EDGE_CURVE('',#8104,#8080,#8114,.T.);
#8114 = LINE('',#8115,#8116);
#8115 = CARTESIAN_POINT('',(-0.16,-0.32,8.54));
#8116 = VECTOR('',#8117,1.);
#8117 = DIRECTION('',(0.,1.,0.));
#8118 = PLANE('',#8119);
#8119 = AXIS2_PLACEMENT_3D('',#8120,#8121,#8122);
#8120 = CARTESIAN_POINT('',(-0.24,-0.32,8.46));
#8121 = DIRECTION('',(0.707106781187,1.735167508357E-18,-0.707106781187)
  );
#8122 = DIRECTION('',(-1.226948711654E-18,1.,1.226948711654E-18));
#8123 = ADVANCED_FACE('',(#8124),#8135,.F.);
#8124 = FACE_BOUND('',#8125,.T.);
#8125 = EDGE_LOOP('',(#8126,#8127,#8128,#8129));
#8126 = ORIENTED_EDGE('',*,*,#8103,.F.);
#8127 = ORIENTED_EDGE('',*,*,#7362,.T.);
#8128 = ORIENTED_EDGE('',*,*,#8048,.T.);
#8129 = ORIENTED_EDGE('',*,*,#8130,.F.);
#8130 = EDGE_CURVE('',#8104,#8049,#8131,.T.);
#8131 = LINE('',#8132,#8133);
#8132 = CARTESIAN_POINT('',(-0.32,-0.16,8.54));
#8133 = VECTOR('',#8134,1.);
#8134 = DIRECTION('',(1.,0.,0.));
#8135 = PLANE('',#8136);
#8136 = AXIS2_PLACEMENT_3D('',#8137,#8138,#8139);
#8137 = CARTESIAN_POINT('',(-0.32,-0.24,8.46));
#8138 = DIRECTION('',(-1.735167508357E-18,0.707106781187,-0.707106781187
    ));
#8139 = DIRECTION('',(-1.,-1.226948711654E-18,1.226948711654E-18));
#8140 = ADVANCED_FACE('',(#8141),#8166,.T.);
#8141 = FACE_BOUND('',#8142,.F.);
#8142 = EDGE_LOOP('',(#8143,#8151,#8152,#8160));
#8143 = ORIENTED_EDGE('',*,*,#8144,.F.);
#8144 = EDGE_CURVE('',#7386,#8145,#8147,.T.);
#8145 = VERTEX_POINT('',#8146);
#8146 = CARTESIAN_POINT('',(-0.16,-2.38,8.54));
#8147 = LINE('',#8148,#8149);
#8148 = CARTESIAN_POINT('',(-0.16,-2.38,8.54));
#8149 = VECTOR('',#8150,1.);
#8150 = DIRECTION('',(0.57735026919,-0.57735026919,0.57735026919));
#8151 = ORIENTED_EDGE('',*,*,#7393,.T.);
#8152 = ORIENTED_EDGE('',*,*,#8153,.T.);
#8153 = EDGE_CURVE('',#7377,#8154,#8156,.T.);
#8154 = VERTEX_POINT('',#8155);
#8155 = CARTESIAN_POINT('',(0.16,-2.38,8.54));
#8156 = LINE('',#8157,#8158);
#8157 = CARTESIAN_POINT('',(5.333333333333E-02,-2.486666666667,
    8.646666666667));
#8158 = VECTOR('',#8159,1.);
#8159 = DIRECTION('',(-0.57735026919,-0.57735026919,0.57735026919));
#8160 = ORIENTED_EDGE('',*,*,#8161,.F.);
#8161 = EDGE_CURVE('',#8145,#8154,#8162,.T.);
#8162 = LINE('',#8163,#8164);
#8163 = CARTESIAN_POINT('',(-0.32,-2.38,8.54));
#8164 = VECTOR('',#8165,1.);
#8165 = DIRECTION('',(1.,0.,0.));
#8166 = PLANE('',#8167);
#8167 = AXIS2_PLACEMENT_3D('',#8168,#8169,#8170);
#8168 = CARTESIAN_POINT('',(-0.32,-2.3,8.46));
#8169 = DIRECTION('',(1.735167508357E-18,0.707106781187,0.707106781187)
  );
#8170 = DIRECTION('',(-1.,1.226948711654E-18,1.226948711654E-18));
#8171 = ADVANCED_FACE('',(#8172),#8190,.F.);
#8172 = FACE_BOUND('',#8173,.F.);
#8173 = EDGE_LOOP('',(#8174,#8182,#8183,#8184));
#8174 = ORIENTED_EDGE('',*,*,#8175,.F.);
#8175 = EDGE_CURVE('',#7408,#8176,#8178,.T.);
#8176 = VERTEX_POINT('',#8177);
#8177 = CARTESIAN_POINT('',(-0.16,-2.7,8.54));
#8178 = LINE('',#8179,#8180);
#8179 = CARTESIAN_POINT('',(-0.266666666667,-2.806666666667,
    8.433333333333));
#8180 = VECTOR('',#8181,1.);
#8181 = DIRECTION('',(0.57735026919,0.57735026919,0.57735026919));
#8182 = ORIENTED_EDGE('',*,*,#7417,.T.);
#8183 = ORIENTED_EDGE('',*,*,#8144,.T.);
#8184 = ORIENTED_EDGE('',*,*,#8185,.F.);
#8185 = EDGE_CURVE('',#8176,#8145,#8186,.T.);
#8186 = LINE('',#8187,#8188);
#8187 = CARTESIAN_POINT('',(-0.16,-2.86,8.54));
#8188 = VECTOR('',#8189,1.);
#8189 = DIRECTION('',(0.,1.,0.));
#8190 = PLANE('',#8191);
#8191 = AXIS2_PLACEMENT_3D('',#8192,#8193,#8194);
#8192 = CARTESIAN_POINT('',(-0.24,-2.86,8.46));
#8193 = DIRECTION('',(0.707106781187,1.735167508357E-18,-0.707106781187)
  );
#8194 = DIRECTION('',(-1.226948711654E-18,1.,1.226948711654E-18));
#8195 = ADVANCED_FACE('',(#8196),#8214,.F.);
#8196 = FACE_BOUND('',#8197,.T.);
#8197 = EDGE_LOOP('',(#8198,#8199,#8200,#8208));
#8198 = ORIENTED_EDGE('',*,*,#8175,.F.);
#8199 = ORIENTED_EDGE('',*,*,#7441,.T.);
#8200 = ORIENTED_EDGE('',*,*,#8201,.T.);
#8201 = EDGE_CURVE('',#7432,#8202,#8204,.T.);
#8202 = VERTEX_POINT('',#8203);
#8203 = CARTESIAN_POINT('',(0.16,-2.7,8.54));
#8204 = LINE('',#8205,#8206);
#8205 = CARTESIAN_POINT('',(0.16,-2.7,8.54));
#8206 = VECTOR('',#8207,1.);
#8207 = DIRECTION('',(-0.57735026919,0.57735026919,0.57735026919));
#8208 = ORIENTED_EDGE('',*,*,#8209,.F.);
#8209 = EDGE_CURVE('',#8176,#8202,#8210,.T.);
#8210 = LINE('',#8211,#8212);
#8211 = CARTESIAN_POINT('',(-0.32,-2.7,8.54));
#8212 = VECTOR('',#8213,1.);
#8213 = DIRECTION('',(1.,0.,0.));
#8214 = PLANE('',#8215);
#8215 = AXIS2_PLACEMENT_3D('',#8216,#8217,#8218);
#8216 = CARTESIAN_POINT('',(-0.32,-2.78,8.46));
#8217 = DIRECTION('',(-1.735167508357E-18,0.707106781187,-0.707106781187
    ));
#8218 = DIRECTION('',(-1.,-1.226948711654E-18,1.226948711654E-18));
#8219 = ADVANCED_FACE('',(#8220),#8231,.T.);
#8220 = FACE_BOUND('',#8221,.T.);
#8221 = EDGE_LOOP('',(#8222,#8223,#8224,#8225));
#8222 = ORIENTED_EDGE('',*,*,#8201,.F.);
#8223 = ORIENTED_EDGE('',*,*,#7458,.T.);
#8224 = ORIENTED_EDGE('',*,*,#8153,.T.);
#8225 = ORIENTED_EDGE('',*,*,#8226,.F.);
#8226 = EDGE_CURVE('',#8202,#8154,#8227,.T.);
#8227 = LINE('',#8228,#8229);
#8228 = CARTESIAN_POINT('',(0.16,-2.86,8.54));
#8229 = VECTOR('',#8230,1.);
#8230 = DIRECTION('',(0.,1.,0.));
#8231 = PLANE('',#8232);
#8232 = AXIS2_PLACEMENT_3D('',#8233,#8234,#8235);
#8233 = CARTESIAN_POINT('',(0.24,-2.86,8.46));
#8234 = DIRECTION('',(0.707106781187,-1.735167508357E-18,0.707106781187)
  );
#8235 = DIRECTION('',(1.226948711654E-18,1.,1.226948711654E-18));
#8236 = ADVANCED_FACE('',(#8237),#8243,.F.);
#8237 = FACE_BOUND('',#8238,.F.);
#8238 = EDGE_LOOP('',(#8239,#8240,#8241,#8242));
#8239 = ORIENTED_EDGE('',*,*,#7554,.T.);
#8240 = ORIENTED_EDGE('',*,*,#7489,.F.);
#8241 = ORIENTED_EDGE('',*,*,#7513,.F.);
#8242 = ORIENTED_EDGE('',*,*,#7537,.T.);
#8243 = PLANE('',#8244);
#8244 = AXIS2_PLACEMENT_3D('',#8245,#8246,#8247);
#8245 = CARTESIAN_POINT('',(-0.32,-5.4,-3.));
#8246 = DIRECTION('',(0.,0.,1.));
#8247 = DIRECTION('',(1.,0.,-0.));
#8248 = ADVANCED_FACE('',(#8249),#8255,.F.);
#8249 = FACE_BOUND('',#8250,.F.);
#8250 = EDGE_LOOP('',(#8251,#8252,#8253,#8254));
#8251 = ORIENTED_EDGE('',*,*,#7585,.T.);
#8252 = ORIENTED_EDGE('',*,*,#7609,.F.);
#8253 = ORIENTED_EDGE('',*,*,#7633,.F.);
#8254 = ORIENTED_EDGE('',*,*,#7650,.T.);
#8255 = PLANE('',#8256);
#8256 = AXIS2_PLACEMENT_3D('',#8257,#8258,#8259);
#8257 = CARTESIAN_POINT('',(-0.32,-7.94,-3.));
#8258 = DIRECTION('',(0.,0.,1.));
#8259 = DIRECTION('',(1.,0.,-0.));
#8260 = ADVANCED_FACE('',(#8261),#8267,.F.);
#8261 = FACE_BOUND('',#8262,.F.);
#8262 = EDGE_LOOP('',(#8263,#8264,#8265,#8266));
#8263 = ORIENTED_EDGE('',*,*,#7681,.T.);
#8264 = ORIENTED_EDGE('',*,*,#7705,.F.);
#8265 = ORIENTED_EDGE('',*,*,#7729,.F.);
#8266 = ORIENTED_EDGE('',*,*,#7746,.T.);
#8267 = PLANE('',#8268);
#8268 = AXIS2_PLACEMENT_3D('',#8269,#8270,#8271);
#8269 = CARTESIAN_POINT('',(-0.32,-0.32,-3.));
#8270 = DIRECTION('',(0.,0.,1.));
#8271 = DIRECTION('',(1.,0.,-0.));
#8272 = ADVANCED_FACE('',(#8273),#8279,.F.);
#8273 = FACE_BOUND('',#8274,.F.);
#8274 = EDGE_LOOP('',(#8275,#8276,#8277,#8278));
#8275 = ORIENTED_EDGE('',*,*,#7842,.T.);
#8276 = ORIENTED_EDGE('',*,*,#7777,.F.);
#8277 = ORIENTED_EDGE('',*,*,#7801,.F.);
#8278 = ORIENTED_EDGE('',*,*,#7825,.T.);
#8279 = PLANE('',#8280);
#8280 = AXIS2_PLACEMENT_3D('',#8281,#8282,#8283);
#8281 = CARTESIAN_POINT('',(-0.32,-2.86,-3.));
#8282 = DIRECTION('',(0.,0.,1.));
#8283 = DIRECTION('',(1.,0.,-0.));
#8284 = ADVANCED_FACE('',(#8285),#8291,.T.);
#8285 = FACE_BOUND('',#8286,.T.);
#8286 = EDGE_LOOP('',(#8287,#8288,#8289,#8290));
#8287 = ORIENTED_EDGE('',*,*,#7938,.T.);
#8288 = ORIENTED_EDGE('',*,*,#7873,.F.);
#8289 = ORIENTED_EDGE('',*,*,#7897,.F.);
#8290 = ORIENTED_EDGE('',*,*,#7921,.T.);
#8291 = PLANE('',#8292);
#8292 = AXIS2_PLACEMENT_3D('',#8293,#8294,#8295);
#8293 = CARTESIAN_POINT('',(-0.32,-5.4,8.54));
#8294 = DIRECTION('',(0.,0.,1.));
#8295 = DIRECTION('',(1.,0.,-0.));
#8296 = ADVANCED_FACE('',(#8297),#8303,.T.);
#8297 = FACE_BOUND('',#8298,.T.);
#8298 = EDGE_LOOP('',(#8299,#8300,#8301,#8302));
#8299 = ORIENTED_EDGE('',*,*,#7969,.T.);
#8300 = ORIENTED_EDGE('',*,*,#7993,.F.);
#8301 = ORIENTED_EDGE('',*,*,#8017,.F.);
#8302 = ORIENTED_EDGE('',*,*,#8034,.T.);
#8303 = PLANE('',#8304);
#8304 = AXIS2_PLACEMENT_3D('',#8305,#8306,#8307);
#8305 = CARTESIAN_POINT('',(-0.32,-7.94,8.54));
#8306 = DIRECTION('',(0.,0.,1.));
#8307 = DIRECTION('',(1.,0.,-0.));
#8308 = ADVANCED_FACE('',(#8309),#8315,.T.);
#8309 = FACE_BOUND('',#8310,.T.);
#8310 = EDGE_LOOP('',(#8311,#8312,#8313,#8314));
#8311 = ORIENTED_EDGE('',*,*,#8065,.T.);
#8312 = ORIENTED_EDGE('',*,*,#8089,.F.);
#8313 = ORIENTED_EDGE('',*,*,#8113,.F.);
#8314 = ORIENTED_EDGE('',*,*,#8130,.T.);
#8315 = PLANE('',#8316);
#8316 = AXIS2_PLACEMENT_3D('',#8317,#8318,#8319);
#8317 = CARTESIAN_POINT('',(-0.32,-0.32,8.54));
#8318 = DIRECTION('',(0.,0.,1.));
#8319 = DIRECTION('',(1.,0.,-0.));
#8320 = ADVANCED_FACE('',(#8321),#8327,.T.);
#8321 = FACE_BOUND('',#8322,.T.);
#8322 = EDGE_LOOP('',(#8323,#8324,#8325,#8326));
#8323 = ORIENTED_EDGE('',*,*,#8226,.T.);
#8324 = ORIENTED_EDGE('',*,*,#8161,.F.);
#8325 = ORIENTED_EDGE('',*,*,#8185,.F.);
#8326 = ORIENTED_EDGE('',*,*,#8209,.T.);
#8327 = PLANE('',#8328);
#8328 = AXIS2_PLACEMENT_3D('',#8329,#8330,#8331);
#8329 = CARTESIAN_POINT('',(-0.32,-2.86,8.54));
#8330 = DIRECTION('',(0.,0.,1.));
#8331 = DIRECTION('',(1.,0.,-0.));
#8332 = ( GEOMETRIC_REPRESENTATION_CONTEXT(3) 
GLOBAL_UNCERTAINTY_ASSIGNED_CONTEXT((#8336)) 
GLOBAL_UNIT_ASSIGNED_CONTEXT((#8333,#8334,#8335)) REPRESENTATION_CONTEXT
('Context #1','3D Context with UNIT and UNCERTAINTY') );
#8333 = ( LENGTH_UNIT() NAMED_UNIT(*) SI_UNIT(.MILLI.,.METRE.) );
#8334 = ( NAMED_UNIT(*) PLANE_ANGLE_UNIT() SI_UNIT($,.RADIAN.) );
#8335 = ( NAMED_UNIT(*) SI_UNIT($,.STERADIAN.) SOLID_ANGLE_UNIT() );
#8336 = UNCERTAINTY_MEASURE_WITH_UNIT(LENGTH_MEASURE(1.E-07),#8333,
  'distance_accuracy_value','confusion accuracy');
#8337 = CONTEXT_DEPENDENT_SHAPE_REPRESENTATION(#8338,#8340);
#8338 = ( REPRESENTATION_RELATIONSHIP('','',#5551,#5528) 
REPRESENTATION_RELATIONSHIP_WITH_TRANSFORMATION(#8339) 
SHAPE_REPRESENTATION_RELATIONSHIP() );
#8339 = ITEM_DEFINED_TRANSFORMATION('','',#11,#5529);
#8340 = PRODUCT_DEFINITION_SHAPE('Placement','Placement of an item',
  #8341);
#8341 = NEXT_ASSEMBLY_USAGE_OCCURRENCE('20','=>[0:1:1:7]','',#5523,#5546
  ,$);
#8342 = PRODUCT_RELATED_PRODUCT_CATEGORY('part',$,(#5548));
#8343 = SHAPE_DEFINITION_REPRESENTATION(#8344,#8350);
#8344 = PRODUCT_DEFINITION_SHAPE('','',#8345);
#8345 = PRODUCT_DEFINITION('design','',#8346,#8349);
#8346 = PRODUCT_DEFINITION_FORMATION('','',#8347);
#8347 = PRODUCT('LightPanel-unsaved-export-2vU2Rd_PCB',
  'LightPanel-unsaved-export-2vU2Rd_PCB','',(#8348));
#8348 = PRODUCT_CONTEXT('',#2,'mechanical');
#8349 = PRODUCT_DEFINITION_CONTEXT('part definition',#2,'design');
#8350 = ADVANCED_BREP_SHAPE_REPRESENTATION('',(#11,#8351),#9291);
#8351 = MANIFOLD_SOLID_BREP('',#8352);
#8352 = CLOSED_SHELL('',(#8353,#8395,#8426,#8457,#8681,#8905,#8922,#8939
    ,#8956,#8973,#8990,#9007,#9024,#9041,#9058,#9075,#9092,#9109,#9126,
    #9143,#9155,#9172,#9189,#9206,#9223,#9240,#9257,#9274));
#8353 = ADVANCED_FACE('',(#8354),#8390,.T.);
#8354 = FACE_BOUND('',#8355,.T.);
#8355 = EDGE_LOOP('',(#8356,#8366,#8375,#8383));
#8356 = ORIENTED_EDGE('',*,*,#8357,.T.);
#8357 = EDGE_CURVE('',#8358,#8360,#8362,.T.);
#8358 = VERTEX_POINT('',#8359);
#8359 = CARTESIAN_POINT('',(177.8,-45.72,0.));
#8360 = VERTEX_POINT('',#8361);
#8361 = CARTESIAN_POINT('',(177.8,-45.72,1.51));
#8362 = LINE('',#8363,#8364);
#8363 = CARTESIAN_POINT('',(177.8,-45.72,0.));
#8364 = VECTOR('',#8365,1.);
#8365 = DIRECTION('',(0.,0.,1.));
#8366 = ORIENTED_EDGE('',*,*,#8367,.T.);
#8367 = EDGE_CURVE('',#8360,#8368,#8370,.T.);
#8368 = VERTEX_POINT('',#8369);
#8369 = CARTESIAN_POINT('',(180.34,-48.26,1.51));
#8370 = CIRCLE('',#8371,2.540000765514);
#8371 = AXIS2_PLACEMENT_3D('',#8372,#8373,#8374);
#8372 = CARTESIAN_POINT('',(177.79999923448,-48.26000076551,1.51));
#8373 = DIRECTION('',(0.,0.,-1.));
#8374 = DIRECTION('',(3.01383458606E-07,1.,0.));
#8375 = ORIENTED_EDGE('',*,*,#8376,.F.);
#8376 = EDGE_CURVE('',#8377,#8368,#8379,.T.);
#8377 = VERTEX_POINT('',#8378);
#8378 = CARTESIAN_POINT('',(180.34,-48.26,0.));
#8379 = LINE('',#8380,#8381);
#8380 = CARTESIAN_POINT('',(180.34,-48.26,0.));
#8381 = VECTOR('',#8382,1.);
#8382 = DIRECTION('',(0.,0.,1.));
#8383 = ORIENTED_EDGE('',*,*,#8384,.F.);
#8384 = EDGE_CURVE('',#8358,#8377,#8385,.T.);
#8385 = CIRCLE('',#8386,2.540000765514);
#8386 = AXIS2_PLACEMENT_3D('',#8387,#8388,#8389);
#8387 = CARTESIAN_POINT('',(177.79999923448,-48.26000076551,0.));
#8388 = DIRECTION('',(0.,0.,-1.));
#8389 = DIRECTION('',(3.01383458606E-07,1.,0.));
#8390 = CYLINDRICAL_SURFACE('',#8391,2.540000765514);
#8391 = AXIS2_PLACEMENT_3D('',#8392,#8393,#8394);
#8392 = CARTESIAN_POINT('',(177.79999923448,-48.26000076551,0.));
#8393 = DIRECTION('',(0.,0.,-1.));
#8394 = DIRECTION('',(3.01383458606E-07,1.,0.));
#8395 = ADVANCED_FACE('',(#8396),#8421,.T.);
#8396 = FACE_BOUND('',#8397,.T.);
#8397 = EDGE_LOOP('',(#8398,#8408,#8414,#8415));
#8398 = ORIENTED_EDGE('',*,*,#8399,.T.);
#8399 = EDGE_CURVE('',#8400,#8402,#8404,.T.);
#8400 = VERTEX_POINT('',#8401);
#8401 = CARTESIAN_POINT('',(142.24,-45.72,0.));
#8402 = VERTEX_POINT('',#8403);
#8403 = CARTESIAN_POINT('',(142.24,-45.72,1.51));
#8404 = LINE('',#8405,#8406);
#8405 = CARTESIAN_POINT('',(142.24,-45.72,0.));
#8406 = VECTOR('',#8407,1.);
#8407 = DIRECTION('',(0.,0.,1.));
#8408 = ORIENTED_EDGE('',*,*,#8409,.T.);
#8409 = EDGE_CURVE('',#8402,#8360,#8410,.T.);
#8410 = LINE('',#8411,#8412);
#8411 = CARTESIAN_POINT('',(142.24,-45.72,1.51));
#8412 = VECTOR('',#8413,1.);
#8413 = DIRECTION('',(1.,0.,0.));
#8414 = ORIENTED_EDGE('',*,*,#8357,.F.);
#8415 = ORIENTED_EDGE('',*,*,#8416,.F.);
#8416 = EDGE_CURVE('',#8400,#8358,#8417,.T.);
#8417 = LINE('',#8418,#8419);
#8418 = CARTESIAN_POINT('',(142.24,-45.72,0.));
#8419 = VECTOR('',#8420,1.);
#8420 = DIRECTION('',(1.,0.,0.));
#8421 = PLANE('',#8422);
#8422 = AXIS2_PLACEMENT_3D('',#8423,#8424,#8425);
#8423 = CARTESIAN_POINT('',(142.24,-45.72,0.));
#8424 = DIRECTION('',(0.,1.,0.));
#8425 = DIRECTION('',(1.,0.,0.));
#8426 = ADVANCED_FACE('',(#8427),#8452,.T.);
#8427 = FACE_BOUND('',#8428,.T.);
#8428 = EDGE_LOOP('',(#8429,#8430,#8438,#8446));
#8429 = ORIENTED_EDGE('',*,*,#8376,.T.);
#8430 = ORIENTED_EDGE('',*,*,#8431,.T.);
#8431 = EDGE_CURVE('',#8368,#8432,#8434,.T.);
#8432 = VERTEX_POINT('',#8433);
#8433 = CARTESIAN_POINT('',(180.34,-60.96,1.51));
#8434 = LINE('',#8435,#8436);
#8435 = CARTESIAN_POINT('',(180.34,-48.26,1.51));
#8436 = VECTOR('',#8437,1.);
#8437 = DIRECTION('',(0.,-1.,0.));
#8438 = ORIENTED_EDGE('',*,*,#8439,.F.);
#8439 = EDGE_CURVE('',#8440,#8432,#8442,.T.);
#8440 = VERTEX_POINT('',#8441);
#8441 = CARTESIAN_POINT('',(180.34,-60.96,0.));
#8442 = LINE('',#8443,#8444);
#8443 = CARTESIAN_POINT('',(180.34,-60.96,0.));
#8444 = VECTOR('',#8445,1.);
#8445 = DIRECTION('',(0.,0.,1.));
#8446 = ORIENTED_EDGE('',*,*,#8447,.F.);
#8447 = EDGE_CURVE('',#8377,#8440,#8448,.T.);
#8448 = LINE('',#8449,#8450);
#8449 = CARTESIAN_POINT('',(180.34,-48.26,0.));
#8450 = VECTOR('',#8451,1.);
#8451 = DIRECTION('',(0.,-1.,0.));
#8452 = PLANE('',#8453);
#8453 = AXIS2_PLACEMENT_3D('',#8454,#8455,#8456);
#8454 = CARTESIAN_POINT('',(180.34,-48.26,0.));
#8455 = DIRECTION('',(1.,0.,-0.));
#8456 = DIRECTION('',(0.,-1.,0.));
#8457 = ADVANCED_FACE('',(#8458,#8588,#8599,#8610,#8621,#8632,#8643,
    #8654,#8665),#8676,.F.);
#8458 = FACE_BOUND('',#8459,.F.);
#8459 = EDGE_LOOP('',(#8460,#8461,#8462,#8470,#8479,#8487,#8496,#8504,
    #8513,#8521,#8530,#8538,#8546,#8555,#8563,#8572,#8580,#8587));
#8460 = ORIENTED_EDGE('',*,*,#8384,.F.);
#8461 = ORIENTED_EDGE('',*,*,#8416,.F.);
#8462 = ORIENTED_EDGE('',*,*,#8463,.F.);
#8463 = EDGE_CURVE('',#8464,#8400,#8466,.T.);
#8464 = VERTEX_POINT('',#8465);
#8465 = CARTESIAN_POINT('',(106.68,-45.72,0.));
#8466 = LINE('',#8467,#8468);
#8467 = CARTESIAN_POINT('',(106.68,-45.72,0.));
#8468 = VECTOR('',#8469,1.);
#8469 = DIRECTION('',(1.,0.,0.));
#8470 = ORIENTED_EDGE('',*,*,#8471,.F.);
#8471 = EDGE_CURVE('',#8472,#8464,#8474,.T.);
#8472 = VERTEX_POINT('',#8473);
#8473 = CARTESIAN_POINT('',(104.14,-48.26,0.));
#8474 = CIRCLE('',#8475,2.540000765514);
#8475 = AXIS2_PLACEMENT_3D('',#8476,#8477,#8478);
#8476 = CARTESIAN_POINT('',(106.68000076551,-48.26000076551,0.));
#8477 = DIRECTION('',(0.,0.,-1.));
#8478 = DIRECTION('',(-1.,3.013834474164E-07,0.));
#8479 = ORIENTED_EDGE('',*,*,#8480,.F.);
#8480 = EDGE_CURVE('',#8481,#8472,#8483,.T.);
#8481 = VERTEX_POINT('',#8482);
#8482 = CARTESIAN_POINT('',(104.14,-60.96,0.));
#8483 = LINE('',#8484,#8485);
#8484 = CARTESIAN_POINT('',(104.14,-60.96,0.));
#8485 = VECTOR('',#8486,1.);
#8486 = DIRECTION('',(0.,1.,0.));
#8487 = ORIENTED_EDGE('',*,*,#8488,.F.);
#8488 = EDGE_CURVE('',#8489,#8481,#8491,.T.);
#8489 = VERTEX_POINT('',#8490);
#8490 = CARTESIAN_POINT('',(104.14,-71.12,0.));
#8491 = CIRCLE('',#8492,5.08);
#8492 = AXIS2_PLACEMENT_3D('',#8493,#8494,#8495);
#8493 = CARTESIAN_POINT('',(104.14,-66.04,0.));
#8494 = DIRECTION('',(0.,0.,-1.));
#8495 = DIRECTION('',(0.,-1.,0.));
#8496 = ORIENTED_EDGE('',*,*,#8497,.F.);
#8497 = EDGE_CURVE('',#8498,#8489,#8500,.T.);
#8498 = VERTEX_POINT('',#8499);
#8499 = CARTESIAN_POINT('',(104.14,-111.76,0.));
#8500 = LINE('',#8501,#8502);
#8501 = CARTESIAN_POINT('',(104.14,-111.76,0.));
#8502 = VECTOR('',#8503,1.);
#8503 = DIRECTION('',(0.,1.,0.));
#8504 = ORIENTED_EDGE('',*,*,#8505,.F.);
#8505 = EDGE_CURVE('',#8506,#8498,#8508,.T.);
#8506 = VERTEX_POINT('',#8507);
#8507 = CARTESIAN_POINT('',(104.14,-121.92,0.));
#8508 = CIRCLE('',#8509,5.08);
#8509 = AXIS2_PLACEMENT_3D('',#8510,#8511,#8512);
#8510 = CARTESIAN_POINT('',(104.14,-116.84,0.));
#8511 = DIRECTION('',(0.,0.,-1.));
#8512 = DIRECTION('',(2.797412345512E-15,-1.,0.));
#8513 = ORIENTED_EDGE('',*,*,#8514,.F.);
#8514 = EDGE_CURVE('',#8515,#8506,#8517,.T.);
#8515 = VERTEX_POINT('',#8516);
#8516 = CARTESIAN_POINT('',(104.14,-134.62,0.));
#8517 = LINE('',#8518,#8519);
#8518 = CARTESIAN_POINT('',(104.14,-134.62,0.));
#8519 = VECTOR('',#8520,1.);
#8520 = DIRECTION('',(0.,1.,0.));
#8521 = ORIENTED_EDGE('',*,*,#8522,.F.);
#8522 = EDGE_CURVE('',#8523,#8515,#8525,.T.);
#8523 = VERTEX_POINT('',#8524);
#8524 = CARTESIAN_POINT('',(106.68,-137.16,0.));
#8525 = CIRCLE('',#8526,2.540000765514);
#8526 = AXIS2_PLACEMENT_3D('',#8527,#8528,#8529);
#8527 = CARTESIAN_POINT('',(106.68000076551,-134.6199992344,0.));
#8528 = DIRECTION('',(0.,0.,-1.));
#8529 = DIRECTION('',(-3.013834306319E-07,-1.,-0.));
#8530 = ORIENTED_EDGE('',*,*,#8531,.F.);
#8531 = EDGE_CURVE('',#8532,#8523,#8534,.T.);
#8532 = VERTEX_POINT('',#8533);
#8533 = CARTESIAN_POINT('',(142.24,-137.16,0.));
#8534 = LINE('',#8535,#8536);
#8535 = CARTESIAN_POINT('',(142.24,-137.16,0.));
#8536 = VECTOR('',#8537,1.);
#8537 = DIRECTION('',(-1.,0.,0.));
#8538 = ORIENTED_EDGE('',*,*,#8539,.F.);
#8539 = EDGE_CURVE('',#8540,#8532,#8542,.T.);
#8540 = VERTEX_POINT('',#8541);
#8541 = CARTESIAN_POINT('',(177.8,-137.16,0.));
#8542 = LINE('',#8543,#8544);
#8543 = CARTESIAN_POINT('',(177.8,-137.16,0.));
#8544 = VECTOR('',#8545,1.);
#8545 = DIRECTION('',(-1.,0.,0.));
#8546 = ORIENTED_EDGE('',*,*,#8547,.F.);
#8547 = EDGE_CURVE('',#8548,#8540,#8550,.T.);
#8548 = VERTEX_POINT('',#8549);
#8549 = CARTESIAN_POINT('',(180.34,-134.62,0.));
#8550 = CIRCLE('',#8551,2.540000765514);
#8551 = AXIS2_PLACEMENT_3D('',#8552,#8553,#8554);
#8552 = CARTESIAN_POINT('',(177.79999923448,-134.6199992344,0.));
#8553 = DIRECTION('',(0.,0.,-1.));
#8554 = DIRECTION('',(1.,-3.013834474164E-07,0.));
#8555 = ORIENTED_EDGE('',*,*,#8556,.F.);
#8556 = EDGE_CURVE('',#8557,#8548,#8559,.T.);
#8557 = VERTEX_POINT('',#8558);
#8558 = CARTESIAN_POINT('',(180.34,-121.92,0.));
#8559 = LINE('',#8560,#8561);
#8560 = CARTESIAN_POINT('',(180.34,-121.92,0.));
#8561 = VECTOR('',#8562,1.);
#8562 = DIRECTION('',(0.,-1.,0.));
#8563 = ORIENTED_EDGE('',*,*,#8564,.F.);
#8564 = EDGE_CURVE('',#8565,#8557,#8567,.T.);
#8565 = VERTEX_POINT('',#8566);
#8566 = CARTESIAN_POINT('',(180.34,-111.76,0.));
#8567 = CIRCLE('',#8568,5.08);
#8568 = AXIS2_PLACEMENT_3D('',#8569,#8570,#8571);
#8569 = CARTESIAN_POINT('',(180.34,-116.84,0.));
#8570 = DIRECTION('',(0.,0.,-1.));
#8571 = DIRECTION('',(0.,1.,0.));
#8572 = ORIENTED_EDGE('',*,*,#8573,.F.);
#8573 = EDGE_CURVE('',#8574,#8565,#8576,.T.);
#8574 = VERTEX_POINT('',#8575);
#8575 = CARTESIAN_POINT('',(180.34,-71.12,0.));
#8576 = LINE('',#8577,#8578);
#8577 = CARTESIAN_POINT('',(180.34,-71.12,0.));
#8578 = VECTOR('',#8579,1.);
#8579 = DIRECTION('',(0.,-1.,0.));
#8580 = ORIENTED_EDGE('',*,*,#8581,.F.);
#8581 = EDGE_CURVE('',#8440,#8574,#8582,.T.);
#8582 = CIRCLE('',#8583,5.08);
#8583 = AXIS2_PLACEMENT_3D('',#8584,#8585,#8586);
#8584 = CARTESIAN_POINT('',(180.34,-66.04,0.));
#8585 = DIRECTION('',(0.,0.,-1.));
#8586 = DIRECTION('',(5.594824691024E-15,1.,0.));
#8587 = ORIENTED_EDGE('',*,*,#8447,.F.);
#8588 = FACE_BOUND('',#8589,.F.);
#8589 = EDGE_LOOP('',(#8590));
#8590 = ORIENTED_EDGE('',*,*,#8591,.T.);
#8591 = EDGE_CURVE('',#8592,#8592,#8594,.T.);
#8592 = VERTEX_POINT('',#8593);
#8593 = CARTESIAN_POINT('',(104.14,-118.99,0.));
#8594 = CIRCLE('',#8595,2.15);
#8595 = AXIS2_PLACEMENT_3D('',#8596,#8597,#8598);
#8596 = CARTESIAN_POINT('',(104.14,-116.84,0.));
#8597 = DIRECTION('',(-0.,0.,-1.));
#8598 = DIRECTION('',(-0.,-1.,0.));
#8599 = FACE_BOUND('',#8600,.F.);
#8600 = EDGE_LOOP('',(#8601));
#8601 = ORIENTED_EDGE('',*,*,#8602,.T.);
#8602 = EDGE_CURVE('',#8603,#8603,#8605,.T.);
#8603 = VERTEX_POINT('',#8604);
#8604 = CARTESIAN_POINT('',(180.34,-118.99,0.));
#8605 = CIRCLE('',#8606,2.15);
#8606 = AXIS2_PLACEMENT_3D('',#8607,#8608,#8609);
#8607 = CARTESIAN_POINT('',(180.34,-116.84,0.));
#8608 = DIRECTION('',(-0.,0.,-1.));
#8609 = DIRECTION('',(-0.,-1.,0.));
#8610 = FACE_BOUND('',#8611,.F.);
#8611 = EDGE_LOOP('',(#8612));
#8612 = ORIENTED_EDGE('',*,*,#8613,.T.);
#8613 = EDGE_CURVE('',#8614,#8614,#8616,.T.);
#8614 = VERTEX_POINT('',#8615);
#8615 = CARTESIAN_POINT('',(104.14,-68.19,0.));
#8616 = CIRCLE('',#8617,2.15);
#8617 = AXIS2_PLACEMENT_3D('',#8618,#8619,#8620);
#8618 = CARTESIAN_POINT('',(104.14,-66.04,0.));
#8619 = DIRECTION('',(-0.,0.,-1.));
#8620 = DIRECTION('',(-0.,-1.,0.));
#8621 = FACE_BOUND('',#8622,.F.);
#8622 = EDGE_LOOP('',(#8623));
#8623 = ORIENTED_EDGE('',*,*,#8624,.T.);
#8624 = EDGE_CURVE('',#8625,#8625,#8627,.T.);
#8625 = VERTEX_POINT('',#8626);
#8626 = CARTESIAN_POINT('',(138.43,-49.505,0.));
#8627 = CIRCLE('',#8628,0.5);
#8628 = AXIS2_PLACEMENT_3D('',#8629,#8630,#8631);
#8629 = CARTESIAN_POINT('',(138.43,-49.005,0.));
#8630 = DIRECTION('',(-0.,0.,-1.));
#8631 = DIRECTION('',(-0.,-1.,0.));
#8632 = FACE_BOUND('',#8633,.F.);
#8633 = EDGE_LOOP('',(#8634));
#8634 = ORIENTED_EDGE('',*,*,#8635,.T.);
#8635 = EDGE_CURVE('',#8636,#8636,#8638,.T.);
#8636 = VERTEX_POINT('',#8637);
#8637 = CARTESIAN_POINT('',(140.97,-49.505,0.));
#8638 = CIRCLE('',#8639,0.5);
#8639 = AXIS2_PLACEMENT_3D('',#8640,#8641,#8642);
#8640 = CARTESIAN_POINT('',(140.97,-49.005,0.));
#8641 = DIRECTION('',(-0.,0.,-1.));
#8642 = DIRECTION('',(-0.,-1.,0.));
#8643 = FACE_BOUND('',#8644,.F.);
#8644 = EDGE_LOOP('',(#8645));
#8645 = ORIENTED_EDGE('',*,*,#8646,.T.);
#8646 = EDGE_CURVE('',#8647,#8647,#8649,.T.);
#8647 = VERTEX_POINT('',#8648);
#8648 = CARTESIAN_POINT('',(143.51,-49.505,0.));
#8649 = CIRCLE('',#8650,0.5);
#8650 = AXIS2_PLACEMENT_3D('',#8651,#8652,#8653);
#8651 = CARTESIAN_POINT('',(143.51,-49.005,0.));
#8652 = DIRECTION('',(-0.,0.,-1.));
#8653 = DIRECTION('',(-0.,-1.,0.));
#8654 = FACE_BOUND('',#8655,.F.);
#8655 = EDGE_LOOP('',(#8656));
#8656 = ORIENTED_EDGE('',*,*,#8657,.T.);
#8657 = EDGE_CURVE('',#8658,#8658,#8660,.T.);
#8658 = VERTEX_POINT('',#8659);
#8659 = CARTESIAN_POINT('',(146.05,-49.505,0.));
#8660 = CIRCLE('',#8661,0.5);
#8661 = AXIS2_PLACEMENT_3D('',#8662,#8663,#8664);
#8662 = CARTESIAN_POINT('',(146.05,-49.005,0.));
#8663 = DIRECTION('',(-0.,0.,-1.));
#8664 = DIRECTION('',(-0.,-1.,0.));
#8665 = FACE_BOUND('',#8666,.F.);
#8666 = EDGE_LOOP('',(#8667));
#8667 = ORIENTED_EDGE('',*,*,#8668,.T.);
#8668 = EDGE_CURVE('',#8669,#8669,#8671,.T.);
#8669 = VERTEX_POINT('',#8670);
#8670 = CARTESIAN_POINT('',(180.34,-68.19,0.));
#8671 = CIRCLE('',#8672,2.15);
#8672 = AXIS2_PLACEMENT_3D('',#8673,#8674,#8675);
#8673 = CARTESIAN_POINT('',(180.34,-66.04,0.));
#8674 = DIRECTION('',(-0.,0.,-1.));
#8675 = DIRECTION('',(-0.,-1.,0.));
#8676 = PLANE('',#8677);
#8677 = AXIS2_PLACEMENT_3D('',#8678,#8679,#8680);
#8678 = CARTESIAN_POINT('',(0.,0.,0.));
#8679 = DIRECTION('',(0.,0.,1.));
#8680 = DIRECTION('',(1.,0.,-0.));
#8681 = ADVANCED_FACE('',(#8682,#8812,#8823,#8834,#8845,#8856,#8867,
    #8878,#8889),#8900,.T.);
#8682 = FACE_BOUND('',#8683,.T.);
#8683 = EDGE_LOOP('',(#8684,#8685,#8686,#8694,#8703,#8711,#8720,#8728,
    #8737,#8745,#8754,#8762,#8770,#8779,#8787,#8796,#8804,#8811));
#8684 = ORIENTED_EDGE('',*,*,#8367,.F.);
#8685 = ORIENTED_EDGE('',*,*,#8409,.F.);
#8686 = ORIENTED_EDGE('',*,*,#8687,.F.);
#8687 = EDGE_CURVE('',#8688,#8402,#8690,.T.);
#8688 = VERTEX_POINT('',#8689);
#8689 = CARTESIAN_POINT('',(106.68,-45.72,1.51));
#8690 = LINE('',#8691,#8692);
#8691 = CARTESIAN_POINT('',(106.68,-45.72,1.51));
#8692 = VECTOR('',#8693,1.);
#8693 = DIRECTION('',(1.,0.,0.));
#8694 = ORIENTED_EDGE('',*,*,#8695,.F.);
#8695 = EDGE_CURVE('',#8696,#8688,#8698,.T.);
#8696 = VERTEX_POINT('',#8697);
#8697 = CARTESIAN_POINT('',(104.14,-48.26,1.51));
#8698 = CIRCLE('',#8699,2.540000765514);
#8699 = AXIS2_PLACEMENT_3D('',#8700,#8701,#8702);
#8700 = CARTESIAN_POINT('',(106.68000076551,-48.26000076551,1.51));
#8701 = DIRECTION('',(0.,0.,-1.));
#8702 = DIRECTION('',(-1.,3.013834474164E-07,0.));
#8703 = ORIENTED_EDGE('',*,*,#8704,.F.);
#8704 = EDGE_CURVE('',#8705,#8696,#8707,.T.);
#8705 = VERTEX_POINT('',#8706);
#8706 = CARTESIAN_POINT('',(104.14,-60.96,1.51));
#8707 = LINE('',#8708,#8709);
#8708 = CARTESIAN_POINT('',(104.14,-60.96,1.51));
#8709 = VECTOR('',#8710,1.);
#8710 = DIRECTION('',(0.,1.,0.));
#8711 = ORIENTED_EDGE('',*,*,#8712,.F.);
#8712 = EDGE_CURVE('',#8713,#8705,#8715,.T.);
#8713 = VERTEX_POINT('',#8714);
#8714 = CARTESIAN_POINT('',(104.14,-71.12,1.51));
#8715 = CIRCLE('',#8716,5.08);
#8716 = AXIS2_PLACEMENT_3D('',#8717,#8718,#8719);
#8717 = CARTESIAN_POINT('',(104.14,-66.04,1.51));
#8718 = DIRECTION('',(0.,0.,-1.));
#8719 = DIRECTION('',(0.,-1.,0.));
#8720 = ORIENTED_EDGE('',*,*,#8721,.F.);
#8721 = EDGE_CURVE('',#8722,#8713,#8724,.T.);
#8722 = VERTEX_POINT('',#8723);
#8723 = CARTESIAN_POINT('',(104.14,-111.76,1.51));
#8724 = LINE('',#8725,#8726);
#8725 = CARTESIAN_POINT('',(104.14,-111.76,1.51));
#8726 = VECTOR('',#8727,1.);
#8727 = DIRECTION('',(0.,1.,0.));
#8728 = ORIENTED_EDGE('',*,*,#8729,.F.);
#8729 = EDGE_CURVE('',#8730,#8722,#8732,.T.);
#8730 = VERTEX_POINT('',#8731);
#8731 = CARTESIAN_POINT('',(104.14,-121.92,1.51));
#8732 = CIRCLE('',#8733,5.08);
#8733 = AXIS2_PLACEMENT_3D('',#8734,#8735,#8736);
#8734 = CARTESIAN_POINT('',(104.14,-116.84,1.51));
#8735 = DIRECTION('',(0.,0.,-1.));
#8736 = DIRECTION('',(2.797412345512E-15,-1.,0.));
#8737 = ORIENTED_EDGE('',*,*,#8738,.F.);
#8738 = EDGE_CURVE('',#8739,#8730,#8741,.T.);
#8739 = VERTEX_POINT('',#8740);
#8740 = CARTESIAN_POINT('',(104.14,-134.62,1.51));
#8741 = LINE('',#8742,#8743);
#8742 = CARTESIAN_POINT('',(104.14,-134.62,1.51));
#8743 = VECTOR('',#8744,1.);
#8744 = DIRECTION('',(0.,1.,0.));
#8745 = ORIENTED_EDGE('',*,*,#8746,.F.);
#8746 = EDGE_CURVE('',#8747,#8739,#8749,.T.);
#8747 = VERTEX_POINT('',#8748);
#8748 = CARTESIAN_POINT('',(106.68,-137.16,1.51));
#8749 = CIRCLE('',#8750,2.540000765514);
#8750 = AXIS2_PLACEMENT_3D('',#8751,#8752,#8753);
#8751 = CARTESIAN_POINT('',(106.68000076551,-134.6199992344,1.51));
#8752 = DIRECTION('',(0.,0.,-1.));
#8753 = DIRECTION('',(-3.013834306319E-07,-1.,-0.));
#8754 = ORIENTED_EDGE('',*,*,#8755,.F.);
#8755 = EDGE_CURVE('',#8756,#8747,#8758,.T.);
#8756 = VERTEX_POINT('',#8757);
#8757 = CARTESIAN_POINT('',(142.24,-137.16,1.51));
#8758 = LINE('',#8759,#8760);
#8759 = CARTESIAN_POINT('',(142.24,-137.16,1.51));
#8760 = VECTOR('',#8761,1.);
#8761 = DIRECTION('',(-1.,0.,0.));
#8762 = ORIENTED_EDGE('',*,*,#8763,.F.);
#8763 = EDGE_CURVE('',#8764,#8756,#8766,.T.);
#8764 = VERTEX_POINT('',#8765);
#8765 = CARTESIAN_POINT('',(177.8,-137.16,1.51));
#8766 = LINE('',#8767,#8768);
#8767 = CARTESIAN_POINT('',(177.8,-137.16,1.51));
#8768 = VECTOR('',#8769,1.);
#8769 = DIRECTION('',(-1.,0.,0.));
#8770 = ORIENTED_EDGE('',*,*,#8771,.F.);
#8771 = EDGE_CURVE('',#8772,#8764,#8774,.T.);
#8772 = VERTEX_POINT('',#8773);
#8773 = CARTESIAN_POINT('',(180.34,-134.62,1.51));
#8774 = CIRCLE('',#8775,2.540000765514);
#8775 = AXIS2_PLACEMENT_3D('',#8776,#8777,#8778);
#8776 = CARTESIAN_POINT('',(177.79999923448,-134.6199992344,1.51));
#8777 = DIRECTION('',(0.,0.,-1.));
#8778 = DIRECTION('',(1.,-3.013834474164E-07,0.));
#8779 = ORIENTED_EDGE('',*,*,#8780,.F.);
#8780 = EDGE_CURVE('',#8781,#8772,#8783,.T.);
#8781 = VERTEX_POINT('',#8782);
#8782 = CARTESIAN_POINT('',(180.34,-121.92,1.51));
#8783 = LINE('',#8784,#8785);
#8784 = CARTESIAN_POINT('',(180.34,-121.92,1.51));
#8785 = VECTOR('',#8786,1.);
#8786 = DIRECTION('',(0.,-1.,0.));
#8787 = ORIENTED_EDGE('',*,*,#8788,.F.);
#8788 = EDGE_CURVE('',#8789,#8781,#8791,.T.);
#8789 = VERTEX_POINT('',#8790);
#8790 = CARTESIAN_POINT('',(180.34,-111.76,1.51));
#8791 = CIRCLE('',#8792,5.08);
#8792 = AXIS2_PLACEMENT_3D('',#8793,#8794,#8795);
#8793 = CARTESIAN_POINT('',(180.34,-116.84,1.51));
#8794 = DIRECTION('',(0.,0.,-1.));
#8795 = DIRECTION('',(0.,1.,0.));
#8796 = ORIENTED_EDGE('',*,*,#8797,.F.);
#8797 = EDGE_CURVE('',#8798,#8789,#8800,.T.);
#8798 = VERTEX_POINT('',#8799);
#8799 = CARTESIAN_POINT('',(180.34,-71.12,1.51));
#8800 = LINE('',#8801,#8802);
#8801 = CARTESIAN_POINT('',(180.34,-71.12,1.51));
#8802 = VECTOR('',#8803,1.);
#8803 = DIRECTION('',(0.,-1.,0.));
#8804 = ORIENTED_EDGE('',*,*,#8805,.F.);
#8805 = EDGE_CURVE('',#8432,#8798,#8806,.T.);
#8806 = CIRCLE('',#8807,5.08);
#8807 = AXIS2_PLACEMENT_3D('',#8808,#8809,#8810);
#8808 = CARTESIAN_POINT('',(180.34,-66.04,1.51));
#8809 = DIRECTION('',(0.,0.,-1.));
#8810 = DIRECTION('',(5.594824691024E-15,1.,0.));
#8811 = ORIENTED_EDGE('',*,*,#8431,.F.);
#8812 = FACE_BOUND('',#8813,.T.);
#8813 = EDGE_LOOP('',(#8814));
#8814 = ORIENTED_EDGE('',*,*,#8815,.T.);
#8815 = EDGE_CURVE('',#8816,#8816,#8818,.T.);
#8816 = VERTEX_POINT('',#8817);
#8817 = CARTESIAN_POINT('',(104.14,-118.99,1.51));
#8818 = CIRCLE('',#8819,2.15);
#8819 = AXIS2_PLACEMENT_3D('',#8820,#8821,#8822);
#8820 = CARTESIAN_POINT('',(104.14,-116.84,1.51));
#8821 = DIRECTION('',(-0.,0.,-1.));
#8822 = DIRECTION('',(-0.,-1.,0.));
#8823 = FACE_BOUND('',#8824,.T.);
#8824 = EDGE_LOOP('',(#8825));
#8825 = ORIENTED_EDGE('',*,*,#8826,.T.);
#8826 = EDGE_CURVE('',#8827,#8827,#8829,.T.);
#8827 = VERTEX_POINT('',#8828);
#8828 = CARTESIAN_POINT('',(180.34,-118.99,1.51));
#8829 = CIRCLE('',#8830,2.15);
#8830 = AXIS2_PLACEMENT_3D('',#8831,#8832,#8833);
#8831 = CARTESIAN_POINT('',(180.34,-116.84,1.51));
#8832 = DIRECTION('',(-0.,0.,-1.));
#8833 = DIRECTION('',(-0.,-1.,0.));
#8834 = FACE_BOUND('',#8835,.T.);
#8835 = EDGE_LOOP('',(#8836));
#8836 = ORIENTED_EDGE('',*,*,#8837,.T.);
#8837 = EDGE_CURVE('',#8838,#8838,#8840,.T.);
#8838 = VERTEX_POINT('',#8839);
#8839 = CARTESIAN_POINT('',(104.14,-68.19,1.51));
#8840 = CIRCLE('',#8841,2.15);
#8841 = AXIS2_PLACEMENT_3D('',#8842,#8843,#8844);
#8842 = CARTESIAN_POINT('',(104.14,-66.04,1.51));
#8843 = DIRECTION('',(-0.,0.,-1.));
#8844 = DIRECTION('',(-0.,-1.,0.));
#8845 = FACE_BOUND('',#8846,.T.);
#8846 = EDGE_LOOP('',(#8847));
#8847 = ORIENTED_EDGE('',*,*,#8848,.T.);
#8848 = EDGE_CURVE('',#8849,#8849,#8851,.T.);
#8849 = VERTEX_POINT('',#8850);
#8850 = CARTESIAN_POINT('',(138.43,-49.505,1.51));
#8851 = CIRCLE('',#8852,0.5);
#8852 = AXIS2_PLACEMENT_3D('',#8853,#8854,#8855);
#8853 = CARTESIAN_POINT('',(138.43,-49.005,1.51));
#8854 = DIRECTION('',(-0.,0.,-1.));
#8855 = DIRECTION('',(-0.,-1.,0.));
#8856 = FACE_BOUND('',#8857,.T.);
#8857 = EDGE_LOOP('',(#8858));
#8858 = ORIENTED_EDGE('',*,*,#8859,.T.);
#8859 = EDGE_CURVE('',#8860,#8860,#8862,.T.);
#8860 = VERTEX_POINT('',#8861);
#8861 = CARTESIAN_POINT('',(140.97,-49.505,1.51));
#8862 = CIRCLE('',#8863,0.5);
#8863 = AXIS2_PLACEMENT_3D('',#8864,#8865,#8866);
#8864 = CARTESIAN_POINT('',(140.97,-49.005,1.51));
#8865 = DIRECTION('',(-0.,0.,-1.));
#8866 = DIRECTION('',(-0.,-1.,0.));
#8867 = FACE_BOUND('',#8868,.T.);
#8868 = EDGE_LOOP('',(#8869));
#8869 = ORIENTED_EDGE('',*,*,#8870,.T.);
#8870 = EDGE_CURVE('',#8871,#8871,#8873,.T.);
#8871 = VERTEX_POINT('',#8872);
#8872 = CARTESIAN_POINT('',(143.51,-49.505,1.51));
#8873 = CIRCLE('',#8874,0.5);
#8874 = AXIS2_PLACEMENT_3D('',#8875,#8876,#8877);
#8875 = CARTESIAN_POINT('',(143.51,-49.005,1.51));
#8876 = DIRECTION('',(-0.,0.,-1.));
#8877 = DIRECTION('',(-0.,-1.,0.));
#8878 = FACE_BOUND('',#8879,.T.);
#8879 = EDGE_LOOP('',(#8880));
#8880 = ORIENTED_EDGE('',*,*,#8881,.T.);
#8881 = EDGE_CURVE('',#8882,#8882,#8884,.T.);
#8882 = VERTEX_POINT('',#8883);
#8883 = CARTESIAN_POINT('',(146.05,-49.505,1.51));
#8884 = CIRCLE('',#8885,0.5);
#8885 = AXIS2_PLACEMENT_3D('',#8886,#8887,#8888);
#8886 = CARTESIAN_POINT('',(146.05,-49.005,1.51));
#8887 = DIRECTION('',(-0.,0.,-1.));
#8888 = DIRECTION('',(-0.,-1.,0.));
#8889 = FACE_BOUND('',#8890,.T.);
#8890 = EDGE_LOOP('',(#8891));
#8891 = ORIENTED_EDGE('',*,*,#8892,.T.);
#8892 = EDGE_CURVE('',#8893,#8893,#8895,.T.);
#8893 = VERTEX_POINT('',#8894);
#8894 = CARTESIAN_POINT('',(180.34,-68.19,1.51));
#8895 = CIRCLE('',#8896,2.15);
#8896 = AXIS2_PLACEMENT_3D('',#8897,#8898,#8899);
#8897 = CARTESIAN_POINT('',(180.34,-66.04,1.51));
#8898 = DIRECTION('',(-0.,0.,-1.));
#8899 = DIRECTION('',(-0.,-1.,0.));
#8900 = PLANE('',#8901);
#8901 = AXIS2_PLACEMENT_3D('',#8902,#8903,#8904);
#8902 = CARTESIAN_POINT('',(0.,0.,1.51));
#8903 = DIRECTION('',(0.,0.,1.));
#8904 = DIRECTION('',(1.,0.,-0.));
#8905 = ADVANCED_FACE('',(#8906),#8917,.T.);
#8906 = FACE_BOUND('',#8907,.T.);
#8907 = EDGE_LOOP('',(#8908,#8914,#8915,#8916));
#8908 = ORIENTED_EDGE('',*,*,#8909,.T.);
#8909 = EDGE_CURVE('',#8464,#8688,#8910,.T.);
#8910 = LINE('',#8911,#8912);
#8911 = CARTESIAN_POINT('',(106.68,-45.72,0.));
#8912 = VECTOR('',#8913,1.);
#8913 = DIRECTION('',(0.,0.,1.));
#8914 = ORIENTED_EDGE('',*,*,#8687,.T.);
#8915 = ORIENTED_EDGE('',*,*,#8399,.F.);
#8916 = ORIENTED_EDGE('',*,*,#8463,.F.);
#8917 = PLANE('',#8918);
#8918 = AXIS2_PLACEMENT_3D('',#8919,#8920,#8921);
#8919 = CARTESIAN_POINT('',(106.68,-45.72,0.));
#8920 = DIRECTION('',(0.,1.,0.));
#8921 = DIRECTION('',(1.,0.,0.));
#8922 = ADVANCED_FACE('',(#8923),#8934,.T.);
#8923 = FACE_BOUND('',#8924,.T.);
#8924 = EDGE_LOOP('',(#8925,#8926,#8927,#8933));
#8925 = ORIENTED_EDGE('',*,*,#8439,.T.);
#8926 = ORIENTED_EDGE('',*,*,#8805,.T.);
#8927 = ORIENTED_EDGE('',*,*,#8928,.F.);
#8928 = EDGE_CURVE('',#8574,#8798,#8929,.T.);
#8929 = LINE('',#8930,#8931);
#8930 = CARTESIAN_POINT('',(180.34,-71.12,0.));
#8931 = VECTOR('',#8932,1.);
#8932 = DIRECTION('',(0.,0.,1.));
#8933 = ORIENTED_EDGE('',*,*,#8581,.F.);
#8934 = CYLINDRICAL_SURFACE('',#8935,5.08);
#8935 = AXIS2_PLACEMENT_3D('',#8936,#8937,#8938);
#8936 = CARTESIAN_POINT('',(180.34,-66.04,0.));
#8937 = DIRECTION('',(0.,0.,-1.));
#8938 = DIRECTION('',(5.594824691024E-15,1.,0.));
#8939 = ADVANCED_FACE('',(#8940),#8951,.T.);
#8940 = FACE_BOUND('',#8941,.T.);
#8941 = EDGE_LOOP('',(#8942,#8948,#8949,#8950));
#8942 = ORIENTED_EDGE('',*,*,#8943,.T.);
#8943 = EDGE_CURVE('',#8472,#8696,#8944,.T.);
#8944 = LINE('',#8945,#8946);
#8945 = CARTESIAN_POINT('',(104.14,-48.26,0.));
#8946 = VECTOR('',#8947,1.);
#8947 = DIRECTION('',(0.,0.,1.));
#8948 = ORIENTED_EDGE('',*,*,#8695,.T.);
#8949 = ORIENTED_EDGE('',*,*,#8909,.F.);
#8950 = ORIENTED_EDGE('',*,*,#8471,.F.);
#8951 = CYLINDRICAL_SURFACE('',#8952,2.540000765514);
#8952 = AXIS2_PLACEMENT_3D('',#8953,#8954,#8955);
#8953 = CARTESIAN_POINT('',(106.68000076551,-48.26000076551,0.));
#8954 = DIRECTION('',(0.,0.,-1.));
#8955 = DIRECTION('',(-1.,3.013834474164E-07,0.));
#8956 = ADVANCED_FACE('',(#8957),#8968,.T.);
#8957 = FACE_BOUND('',#8958,.T.);
#8958 = EDGE_LOOP('',(#8959,#8960,#8961,#8967));
#8959 = ORIENTED_EDGE('',*,*,#8928,.T.);
#8960 = ORIENTED_EDGE('',*,*,#8797,.T.);
#8961 = ORIENTED_EDGE('',*,*,#8962,.F.);
#8962 = EDGE_CURVE('',#8565,#8789,#8963,.T.);
#8963 = LINE('',#8964,#8965);
#8964 = CARTESIAN_POINT('',(180.34,-111.76,0.));
#8965 = VECTOR('',#8966,1.);
#8966 = DIRECTION('',(0.,0.,1.));
#8967 = ORIENTED_EDGE('',*,*,#8573,.F.);
#8968 = PLANE('',#8969);
#8969 = AXIS2_PLACEMENT_3D('',#8970,#8971,#8972);
#8970 = CARTESIAN_POINT('',(180.34,-71.12,0.));
#8971 = DIRECTION('',(1.,0.,-0.));
#8972 = DIRECTION('',(0.,-1.,0.));
#8973 = ADVANCED_FACE('',(#8974),#8985,.T.);
#8974 = FACE_BOUND('',#8975,.T.);
#8975 = EDGE_LOOP('',(#8976,#8982,#8983,#8984));
#8976 = ORIENTED_EDGE('',*,*,#8977,.T.);
#8977 = EDGE_CURVE('',#8481,#8705,#8978,.T.);
#8978 = LINE('',#8979,#8980);
#8979 = CARTESIAN_POINT('',(104.14,-60.96,0.));
#8980 = VECTOR('',#8981,1.);
#8981 = DIRECTION('',(0.,0.,1.));
#8982 = ORIENTED_EDGE('',*,*,#8704,.T.);
#8983 = ORIENTED_EDGE('',*,*,#8943,.F.);
#8984 = ORIENTED_EDGE('',*,*,#8480,.F.);
#8985 = PLANE('',#8986);
#8986 = AXIS2_PLACEMENT_3D('',#8987,#8988,#8989);
#8987 = CARTESIAN_POINT('',(104.14,-60.96,0.));
#8988 = DIRECTION('',(-1.,0.,0.));
#8989 = DIRECTION('',(0.,1.,0.));
#8990 = ADVANCED_FACE('',(#8991),#9002,.T.);
#8991 = FACE_BOUND('',#8992,.T.);
#8992 = EDGE_LOOP('',(#8993,#8994,#8995,#9001));
#8993 = ORIENTED_EDGE('',*,*,#8962,.T.);
#8994 = ORIENTED_EDGE('',*,*,#8788,.T.);
#8995 = ORIENTED_EDGE('',*,*,#8996,.F.);
#8996 = EDGE_CURVE('',#8557,#8781,#8997,.T.);
#8997 = LINE('',#8998,#8999);
#8998 = CARTESIAN_POINT('',(180.34,-121.92,0.));
#8999 = VECTOR('',#9000,1.);
#9000 = DIRECTION('',(0.,0.,1.));
#9001 = ORIENTED_EDGE('',*,*,#8564,.F.);
#9002 = CYLINDRICAL_SURFACE('',#9003,5.08);
#9003 = AXIS2_PLACEMENT_3D('',#9004,#9005,#9006);
#9004 = CARTESIAN_POINT('',(180.34,-116.84,0.));
#9005 = DIRECTION('',(0.,0.,-1.));
#9006 = DIRECTION('',(0.,1.,0.));
#9007 = ADVANCED_FACE('',(#9008),#9019,.T.);
#9008 = FACE_BOUND('',#9009,.T.);
#9009 = EDGE_LOOP('',(#9010,#9016,#9017,#9018));
#9010 = ORIENTED_EDGE('',*,*,#9011,.T.);
#9011 = EDGE_CURVE('',#8489,#8713,#9012,.T.);
#9012 = LINE('',#9013,#9014);
#9013 = CARTESIAN_POINT('',(104.14,-71.12,0.));
#9014 = VECTOR('',#9015,1.);
#9015 = DIRECTION('',(0.,0.,1.));
#9016 = ORIENTED_EDGE('',*,*,#8712,.T.);
#9017 = ORIENTED_EDGE('',*,*,#8977,.F.);
#9018 = ORIENTED_EDGE('',*,*,#8488,.F.);
#9019 = CYLINDRICAL_SURFACE('',#9020,5.08);
#9020 = AXIS2_PLACEMENT_3D('',#9021,#9022,#9023);
#9021 = CARTESIAN_POINT('',(104.14,-66.04,0.));
#9022 = DIRECTION('',(0.,0.,-1.));
#9023 = DIRECTION('',(0.,-1.,0.));
#9024 = ADVANCED_FACE('',(#9025),#9036,.T.);
#9025 = FACE_BOUND('',#9026,.T.);
#9026 = EDGE_LOOP('',(#9027,#9028,#9029,#9035));
#9027 = ORIENTED_EDGE('',*,*,#8996,.T.);
#9028 = ORIENTED_EDGE('',*,*,#8780,.T.);
#9029 = ORIENTED_EDGE('',*,*,#9030,.F.);
#9030 = EDGE_CURVE('',#8548,#8772,#9031,.T.);
#9031 = LINE('',#9032,#9033);
#9032 = CARTESIAN_POINT('',(180.34,-134.62,0.));
#9033 = VECTOR('',#9034,1.);
#9034 = DIRECTION('',(0.,0.,1.));
#9035 = ORIENTED_EDGE('',*,*,#8556,.F.);
#9036 = PLANE('',#9037);
#9037 = AXIS2_PLACEMENT_3D('',#9038,#9039,#9040);
#9038 = CARTESIAN_POINT('',(180.34,-121.92,0.));
#9039 = DIRECTION('',(1.,0.,-0.));
#9040 = DIRECTION('',(0.,-1.,0.));
#9041 = ADVANCED_FACE('',(#9042),#9053,.T.);
#9042 = FACE_BOUND('',#9043,.T.);
#9043 = EDGE_LOOP('',(#9044,#9050,#9051,#9052));
#9044 = ORIENTED_EDGE('',*,*,#9045,.T.);
#9045 = EDGE_CURVE('',#8498,#8722,#9046,.T.);
#9046 = LINE('',#9047,#9048);
#9047 = CARTESIAN_POINT('',(104.14,-111.76,0.));
#9048 = VECTOR('',#9049,1.);
#9049 = DIRECTION('',(0.,0.,1.));
#9050 = ORIENTED_EDGE('',*,*,#8721,.T.);
#9051 = ORIENTED_EDGE('',*,*,#9011,.F.);
#9052 = ORIENTED_EDGE('',*,*,#8497,.F.);
#9053 = PLANE('',#9054);
#9054 = AXIS2_PLACEMENT_3D('',#9055,#9056,#9057);
#9055 = CARTESIAN_POINT('',(104.14,-111.76,0.));
#9056 = DIRECTION('',(-1.,0.,0.));
#9057 = DIRECTION('',(0.,1.,0.));
#9058 = ADVANCED_FACE('',(#9059),#9070,.T.);
#9059 = FACE_BOUND('',#9060,.T.);
#9060 = EDGE_LOOP('',(#9061,#9062,#9063,#9069));
#9061 = ORIENTED_EDGE('',*,*,#9030,.T.);
#9062 = ORIENTED_EDGE('',*,*,#8771,.T.);
#9063 = ORIENTED_EDGE('',*,*,#9064,.F.);
#9064 = EDGE_CURVE('',#8540,#8764,#9065,.T.);
#9065 = LINE('',#9066,#9067);
#9066 = CARTESIAN_POINT('',(177.8,-137.16,0.));
#9067 = VECTOR('',#9068,1.);
#9068 = DIRECTION('',(0.,0.,1.));
#9069 = ORIENTED_EDGE('',*,*,#8547,.F.);
#9070 = CYLINDRICAL_SURFACE('',#9071,2.540000765514);
#9071 = AXIS2_PLACEMENT_3D('',#9072,#9073,#9074);
#9072 = CARTESIAN_POINT('',(177.79999923448,-134.6199992344,0.));
#9073 = DIRECTION('',(0.,0.,-1.));
#9074 = DIRECTION('',(1.,-3.013834474164E-07,0.));
#9075 = ADVANCED_FACE('',(#9076),#9087,.T.);
#9076 = FACE_BOUND('',#9077,.T.);
#9077 = EDGE_LOOP('',(#9078,#9084,#9085,#9086));
#9078 = ORIENTED_EDGE('',*,*,#9079,.T.);
#9079 = EDGE_CURVE('',#8506,#8730,#9080,.T.);
#9080 = LINE('',#9081,#9082);
#9081 = CARTESIAN_POINT('',(104.14,-121.92,0.));
#9082 = VECTOR('',#9083,1.);
#9083 = DIRECTION('',(0.,0.,1.));
#9084 = ORIENTED_EDGE('',*,*,#8729,.T.);
#9085 = ORIENTED_EDGE('',*,*,#9045,.F.);
#9086 = ORIENTED_EDGE('',*,*,#8505,.F.);
#9087 = CYLINDRICAL_SURFACE('',#9088,5.08);
#9088 = AXIS2_PLACEMENT_3D('',#9089,#9090,#9091);
#9089 = CARTESIAN_POINT('',(104.14,-116.84,0.));
#9090 = DIRECTION('',(0.,0.,-1.));
#9091 = DIRECTION('',(2.797412345512E-15,-1.,0.));
#9092 = ADVANCED_FACE('',(#9093),#9104,.T.);
#9093 = FACE_BOUND('',#9094,.T.);
#9094 = EDGE_LOOP('',(#9095,#9096,#9097,#9103));
#9095 = ORIENTED_EDGE('',*,*,#9064,.T.);
#9096 = ORIENTED_EDGE('',*,*,#8763,.T.);
#9097 = ORIENTED_EDGE('',*,*,#9098,.F.);
#9098 = EDGE_CURVE('',#8532,#8756,#9099,.T.);
#9099 = LINE('',#9100,#9101);
#9100 = CARTESIAN_POINT('',(142.24,-137.16,0.));
#9101 = VECTOR('',#9102,1.);
#9102 = DIRECTION('',(0.,0.,1.));
#9103 = ORIENTED_EDGE('',*,*,#8539,.F.);
#9104 = PLANE('',#9105);
#9105 = AXIS2_PLACEMENT_3D('',#9106,#9107,#9108);
#9106 = CARTESIAN_POINT('',(177.8,-137.16,0.));
#9107 = DIRECTION('',(0.,-1.,0.));
#9108 = DIRECTION('',(-1.,0.,0.));
#9109 = ADVANCED_FACE('',(#9110),#9121,.T.);
#9110 = FACE_BOUND('',#9111,.T.);
#9111 = EDGE_LOOP('',(#9112,#9118,#9119,#9120));
#9112 = ORIENTED_EDGE('',*,*,#9113,.T.);
#9113 = EDGE_CURVE('',#8515,#8739,#9114,.T.);
#9114 = LINE('',#9115,#9116);
#9115 = CARTESIAN_POINT('',(104.14,-134.62,0.));
#9116 = VECTOR('',#9117,1.);
#9117 = DIRECTION('',(0.,0.,1.));
#9118 = ORIENTED_EDGE('',*,*,#8738,.T.);
#9119 = ORIENTED_EDGE('',*,*,#9079,.F.);
#9120 = ORIENTED_EDGE('',*,*,#8514,.F.);
#9121 = PLANE('',#9122);
#9122 = AXIS2_PLACEMENT_3D('',#9123,#9124,#9125);
#9123 = CARTESIAN_POINT('',(104.14,-134.62,0.));
#9124 = DIRECTION('',(-1.,0.,0.));
#9125 = DIRECTION('',(0.,1.,0.));
#9126 = ADVANCED_FACE('',(#9127),#9138,.T.);
#9127 = FACE_BOUND('',#9128,.T.);
#9128 = EDGE_LOOP('',(#9129,#9130,#9131,#9137));
#9129 = ORIENTED_EDGE('',*,*,#9098,.T.);
#9130 = ORIENTED_EDGE('',*,*,#8755,.T.);
#9131 = ORIENTED_EDGE('',*,*,#9132,.F.);
#9132 = EDGE_CURVE('',#8523,#8747,#9133,.T.);
#9133 = LINE('',#9134,#9135);
#9134 = CARTESIAN_POINT('',(106.68,-137.16,0.));
#9135 = VECTOR('',#9136,1.);
#9136 = DIRECTION('',(0.,0.,1.));
#9137 = ORIENTED_EDGE('',*,*,#8531,.F.);
#9138 = PLANE('',#9139);
#9139 = AXIS2_PLACEMENT_3D('',#9140,#9141,#9142);
#9140 = CARTESIAN_POINT('',(142.24,-137.16,0.));
#9141 = DIRECTION('',(0.,-1.,0.));
#9142 = DIRECTION('',(-1.,0.,0.));
#9143 = ADVANCED_FACE('',(#9144),#9150,.T.);
#9144 = FACE_BOUND('',#9145,.T.);
#9145 = EDGE_LOOP('',(#9146,#9147,#9148,#9149));
#9146 = ORIENTED_EDGE('',*,*,#9132,.T.);
#9147 = ORIENTED_EDGE('',*,*,#8746,.T.);
#9148 = ORIENTED_EDGE('',*,*,#9113,.F.);
#9149 = ORIENTED_EDGE('',*,*,#8522,.F.);
#9150 = CYLINDRICAL_SURFACE('',#9151,2.540000765514);
#9151 = AXIS2_PLACEMENT_3D('',#9152,#9153,#9154);
#9152 = CARTESIAN_POINT('',(106.68000076551,-134.6199992344,0.));
#9153 = DIRECTION('',(0.,0.,-1.));
#9154 = DIRECTION('',(-3.013834306319E-07,-1.,-0.));
#9155 = ADVANCED_FACE('',(#9156),#9167,.F.);
#9156 = FACE_BOUND('',#9157,.T.);
#9157 = EDGE_LOOP('',(#9158,#9159,#9165,#9166));
#9158 = ORIENTED_EDGE('',*,*,#8591,.T.);
#9159 = ORIENTED_EDGE('',*,*,#9160,.T.);
#9160 = EDGE_CURVE('',#8592,#8816,#9161,.T.);
#9161 = LINE('',#9162,#9163);
#9162 = CARTESIAN_POINT('',(104.14,-118.99,-4.6E-02));
#9163 = VECTOR('',#9164,1.);
#9164 = DIRECTION('',(0.,0.,1.));
#9165 = ORIENTED_EDGE('',*,*,#8815,.F.);
#9166 = ORIENTED_EDGE('',*,*,#9160,.F.);
#9167 = CYLINDRICAL_SURFACE('',#9168,2.15);
#9168 = AXIS2_PLACEMENT_3D('',#9169,#9170,#9171);
#9169 = CARTESIAN_POINT('',(104.14,-116.84,-4.6E-02));
#9170 = DIRECTION('',(-0.,-0.,-1.));
#9171 = DIRECTION('',(-0.,-1.,0.));
#9172 = ADVANCED_FACE('',(#9173),#9184,.F.);
#9173 = FACE_BOUND('',#9174,.T.);
#9174 = EDGE_LOOP('',(#9175,#9176,#9182,#9183));
#9175 = ORIENTED_EDGE('',*,*,#8602,.T.);
#9176 = ORIENTED_EDGE('',*,*,#9177,.T.);
#9177 = EDGE_CURVE('',#8603,#8827,#9178,.T.);
#9178 = LINE('',#9179,#9180);
#9179 = CARTESIAN_POINT('',(180.34,-118.99,-4.6E-02));
#9180 = VECTOR('',#9181,1.);
#9181 = DIRECTION('',(0.,0.,1.));
#9182 = ORIENTED_EDGE('',*,*,#8826,.F.);
#9183 = ORIENTED_EDGE('',*,*,#9177,.F.);
#9184 = CYLINDRICAL_SURFACE('',#9185,2.15);
#9185 = AXIS2_PLACEMENT_3D('',#9186,#9187,#9188);
#9186 = CARTESIAN_POINT('',(180.34,-116.84,-4.6E-02));
#9187 = DIRECTION('',(-0.,-0.,-1.));
#9188 = DIRECTION('',(-0.,-1.,0.));
#9189 = ADVANCED_FACE('',(#9190),#9201,.F.);
#9190 = FACE_BOUND('',#9191,.T.);
#9191 = EDGE_LOOP('',(#9192,#9193,#9199,#9200));
#9192 = ORIENTED_EDGE('',*,*,#8613,.T.);
#9193 = ORIENTED_EDGE('',*,*,#9194,.T.);
#9194 = EDGE_CURVE('',#8614,#8838,#9195,.T.);
#9195 = LINE('',#9196,#9197);
#9196 = CARTESIAN_POINT('',(104.14,-68.19,-4.6E-02));
#9197 = VECTOR('',#9198,1.);
#9198 = DIRECTION('',(0.,0.,1.));
#9199 = ORIENTED_EDGE('',*,*,#8837,.F.);
#9200 = ORIENTED_EDGE('',*,*,#9194,.F.);
#9201 = CYLINDRICAL_SURFACE('',#9202,2.15);
#9202 = AXIS2_PLACEMENT_3D('',#9203,#9204,#9205);
#9203 = CARTESIAN_POINT('',(104.14,-66.04,-4.6E-02));
#9204 = DIRECTION('',(-0.,-0.,-1.));
#9205 = DIRECTION('',(-0.,-1.,0.));
#9206 = ADVANCED_FACE('',(#9207),#9218,.F.);
#9207 = FACE_BOUND('',#9208,.T.);
#9208 = EDGE_LOOP('',(#9209,#9210,#9216,#9217));
#9209 = ORIENTED_EDGE('',*,*,#8624,.T.);
#9210 = ORIENTED_EDGE('',*,*,#9211,.T.);
#9211 = EDGE_CURVE('',#8625,#8849,#9212,.T.);
#9212 = LINE('',#9213,#9214);
#9213 = CARTESIAN_POINT('',(138.43,-49.505,-4.6E-02));
#9214 = VECTOR('',#9215,1.);
#9215 = DIRECTION('',(0.,0.,1.));
#9216 = ORIENTED_EDGE('',*,*,#8848,.F.);
#9217 = ORIENTED_EDGE('',*,*,#9211,.F.);
#9218 = CYLINDRICAL_SURFACE('',#9219,0.5);
#9219 = AXIS2_PLACEMENT_3D('',#9220,#9221,#9222);
#9220 = CARTESIAN_POINT('',(138.43,-49.005,-4.6E-02));
#9221 = DIRECTION('',(-0.,-0.,-1.));
#9222 = DIRECTION('',(-0.,-1.,0.));
#9223 = ADVANCED_FACE('',(#9224),#9235,.F.);
#9224 = FACE_BOUND('',#9225,.T.);
#9225 = EDGE_LOOP('',(#9226,#9227,#9233,#9234));
#9226 = ORIENTED_EDGE('',*,*,#8635,.T.);
#9227 = ORIENTED_EDGE('',*,*,#9228,.T.);
#9228 = EDGE_CURVE('',#8636,#8860,#9229,.T.);
#9229 = LINE('',#9230,#9231);
#9230 = CARTESIAN_POINT('',(140.97,-49.505,-4.6E-02));
#9231 = VECTOR('',#9232,1.);
#9232 = DIRECTION('',(0.,0.,1.));
#9233 = ORIENTED_EDGE('',*,*,#8859,.F.);
#9234 = ORIENTED_EDGE('',*,*,#9228,.F.);
#9235 = CYLINDRICAL_SURFACE('',#9236,0.5);
#9236 = AXIS2_PLACEMENT_3D('',#9237,#9238,#9239);
#9237 = CARTESIAN_POINT('',(140.97,-49.005,-4.6E-02));
#9238 = DIRECTION('',(-0.,-0.,-1.));
#9239 = DIRECTION('',(-0.,-1.,0.));
#9240 = ADVANCED_FACE('',(#9241),#9252,.F.);
#9241 = FACE_BOUND('',#9242,.T.);
#9242 = EDGE_LOOP('',(#9243,#9244,#9250,#9251));
#9243 = ORIENTED_EDGE('',*,*,#8646,.T.);
#9244 = ORIENTED_EDGE('',*,*,#9245,.T.);
#9245 = EDGE_CURVE('',#8647,#8871,#9246,.T.);
#9246 = LINE('',#9247,#9248);
#9247 = CARTESIAN_POINT('',(143.51,-49.505,-4.6E-02));
#9248 = VECTOR('',#9249,1.);
#9249 = DIRECTION('',(0.,0.,1.));
#9250 = ORIENTED_EDGE('',*,*,#8870,.F.);
#9251 = ORIENTED_EDGE('',*,*,#9245,.F.);
#9252 = CYLINDRICAL_SURFACE('',#9253,0.5);
#9253 = AXIS2_PLACEMENT_3D('',#9254,#9255,#9256);
#9254 = CARTESIAN_POINT('',(143.51,-49.005,-4.6E-02));
#9255 = DIRECTION('',(-0.,-0.,-1.));
#9256 = DIRECTION('',(-0.,-1.,0.));
#9257 = ADVANCED_FACE('',(#9258),#9269,.F.);
#9258 = FACE_BOUND('',#9259,.T.);
#9259 = EDGE_LOOP('',(#9260,#9261,#9267,#9268));
#9260 = ORIENTED_EDGE('',*,*,#8657,.T.);
#9261 = ORIENTED_EDGE('',*,*,#9262,.T.);
#9262 = EDGE_CURVE('',#8658,#8882,#9263,.T.);
#9263 = LINE('',#9264,#9265);
#9264 = CARTESIAN_POINT('',(146.05,-49.505,-4.6E-02));
#9265 = VECTOR('',#9266,1.);
#9266 = DIRECTION('',(0.,0.,1.));
#9267 = ORIENTED_EDGE('',*,*,#8881,.F.);
#9268 = ORIENTED_EDGE('',*,*,#9262,.F.);
#9269 = CYLINDRICAL_SURFACE('',#9270,0.5);
#9270 = AXIS2_PLACEMENT_3D('',#9271,#9272,#9273);
#9271 = CARTESIAN_POINT('',(146.05,-49.005,-4.6E-02));
#9272 = DIRECTION('',(-0.,-0.,-1.));
#9273 = DIRECTION('',(-0.,-1.,0.));
#9274 = ADVANCED_FACE('',(#9275),#9286,.F.);
#9275 = FACE_BOUND('',#9276,.T.);
#9276 = EDGE_LOOP('',(#9277,#9278,#9284,#9285));
#9277 = ORIENTED_EDGE('',*,*,#8668,.T.);
#9278 = ORIENTED_EDGE('',*,*,#9279,.T.);
#9279 = EDGE_CURVE('',#8669,#8893,#9280,.T.);
#9280 = LINE('',#9281,#9282);
#9281 = CARTESIAN_POINT('',(180.34,-68.19,-4.6E-02));
#9282 = VECTOR('',#9283,1.);
#9283 = DIRECTION('',(0.,0.,1.));
#9284 = ORIENTED_EDGE('',*,*,#8892,.F.);
#9285 = ORIENTED_EDGE('',*,*,#9279,.F.);
#9286 = CYLINDRICAL_SURFACE('',#9287,2.15);
#9287 = AXIS2_PLACEMENT_3D('',#9288,#9289,#9290);
#9288 = CARTESIAN_POINT('',(180.34,-66.04,-4.6E-02));
#9289 = DIRECTION('',(-0.,-0.,-1.));
#9290 = DIRECTION('',(-0.,-1.,0.));
#9291 = ( GEOMETRIC_REPRESENTATION_CONTEXT(3) 
GLOBAL_UNCERTAINTY_ASSIGNED_CONTEXT((#9295)) 
GLOBAL_UNIT_ASSIGNED_CONTEXT((#9292,#9293,#9294)) REPRESENTATION_CONTEXT
('Context #1','3D Context with UNIT and UNCERTAINTY') );
#9292 = ( LENGTH_UNIT() NAMED_UNIT(*) SI_UNIT(.MILLI.,.METRE.) );
#9293 = ( NAMED_UNIT(*) PLANE_ANGLE_UNIT() SI_UNIT($,.RADIAN.) );
#9294 = ( NAMED_UNIT(*) SI_UNIT($,.STERADIAN.) SOLID_ANGLE_UNIT() );
#9295 = UNCERTAINTY_MEASURE_WITH_UNIT(LENGTH_MEASURE(1.E-07),#9292,
  'distance_accuracy_value','confusion accuracy');
#9296 = CONTEXT_DEPENDENT_SHAPE_REPRESENTATION(#9297,#9299);
#9297 = ( REPRESENTATION_RELATIONSHIP('','',#8350,#10) 
REPRESENTATION_RELATIONSHIP_WITH_TRANSFORMATION(#9298) 
SHAPE_REPRESENTATION_RELATIONSHIP() );
#9298 = ITEM_DEFINED_TRANSFORMATION('','',#11,#87);
#9299 = PRODUCT_DEFINITION_SHAPE('Placement','Placement of an item',
  #9300);
#9300 = NEXT_ASSEMBLY_USAGE_OCCURRENCE('22','=>[0:1:1:8]','',#5,#8345,$
  );
#9301 = PRODUCT_RELATED_PRODUCT_CATEGORY('part',$,(#8347));
#9302 = MECHANICAL_DESIGN_GEOMETRIC_PRESENTATION_REPRESENTATION('',(
    #9303),#9291);
#9303 = STYLED_ITEM('color',(#9304),#8351);
#9304 = PRESENTATION_STYLE_ASSIGNMENT((#9305));
#9305 = SURFACE_STYLE_USAGE(.BOTH.,#9306);
#9306 = SURFACE_SIDE_STYLE('',(#9307));
#9307 = SURFACE_STYLE_FILL_AREA(#9308);
#9308 = FILL_AREA_STYLE('',(#9309));
#9309 = FILL_AREA_STYLE_COLOUR('',#9310);
#9310 = COLOUR_RGB('',0.313304153717,0.484529207832,0.410020903123);
#9311 = MECHANICAL_DESIGN_GEOMETRIC_PRESENTATION_REPRESENTATION('',(
    #9312,#9320,#9327,#9334,#9341,#9348,#9355,#9362,#9369,#9376,#9383,
    #9390,#9397,#9404,#9411,#9418,#9425,#9432,#9439,#9446,#9453,#9460,
    #9467,#9474,#9481,#9488,#9495,#9502,#9509,#9517,#9524,#9531,#9538,
    #9545,#9552,#9559,#9566,#9573,#9580,#9587,#9594,#9601,#9608,#9615,
    #9622,#9629,#9636,#9643,#9650,#9657,#9664,#9671,#9678,#9685,#9692,
    #9699,#9706,#9713,#9720,#9727,#9734,#9741,#9748,#9755,#9762,#9769,
    #9776,#9783,#9790,#9797,#9804,#9811,#9818,#9825,#9832,#9839,#9846,
    #9853,#9860,#9867,#9874,#9881,#9888,#9895,#9902,#9909,#9916,#9923,
    #9930,#9937,#9944,#9951,#9958,#9965,#9972,#9979,#9986,#9993,#10000,
    #10007),#8332);
#9312 = STYLED_ITEM('color',(#9313),#5554);
#9313 = PRESENTATION_STYLE_ASSIGNMENT((#9314));
#9314 = SURFACE_STYLE_USAGE(.BOTH.,#9315);
#9315 = SURFACE_SIDE_STYLE('',(#9316));
#9316 = SURFACE_STYLE_FILL_AREA(#9317);
#9317 = FILL_AREA_STYLE('',(#9318));
#9318 = FILL_AREA_STYLE_COLOUR('',#9319);
#9319 = COLOUR_RGB('',0.147999998088,0.144999993226,0.144999993226);
#9320 = STYLED_ITEM('color',(#9321),#5594);
#9321 = PRESENTATION_STYLE_ASSIGNMENT((#9322));
#9322 = SURFACE_STYLE_USAGE(.BOTH.,#9323);
#9323 = SURFACE_SIDE_STYLE('',(#9324));
#9324 = SURFACE_STYLE_FILL_AREA(#9325);
#9325 = FILL_AREA_STYLE('',(#9326));
#9326 = FILL_AREA_STYLE_COLOUR('',#9319);
#9327 = STYLED_ITEM('color',(#9328),#5625);
#9328 = PRESENTATION_STYLE_ASSIGNMENT((#9329));
#9329 = SURFACE_STYLE_USAGE(.BOTH.,#9330);
#9330 = SURFACE_SIDE_STYLE('',(#9331));
#9331 = SURFACE_STYLE_FILL_AREA(#9332);
#9332 = FILL_AREA_STYLE('',(#9333));
#9333 = FILL_AREA_STYLE_COLOUR('',#9319);
#9334 = STYLED_ITEM('color',(#9335),#5656);
#9335 = PRESENTATION_STYLE_ASSIGNMENT((#9336));
#9336 = SURFACE_STYLE_USAGE(.BOTH.,#9337);
#9337 = SURFACE_SIDE_STYLE('',(#9338));
#9338 = SURFACE_STYLE_FILL_AREA(#9339);
#9339 = FILL_AREA_STYLE('',(#9340));
#9340 = FILL_AREA_STYLE_COLOUR('',#9319);
#9341 = STYLED_ITEM('color',(#9342),#5985);
#9342 = PRESENTATION_STYLE_ASSIGNMENT((#9343));
#9343 = SURFACE_STYLE_USAGE(.BOTH.,#9344);
#9344 = SURFACE_SIDE_STYLE('',(#9345));
#9345 = SURFACE_STYLE_FILL_AREA(#9346);
#9346 = FILL_AREA_STYLE('',(#9347));
#9347 = FILL_AREA_STYLE_COLOUR('',#9319);
#9348 = STYLED_ITEM('color',(#9349),#6314);
#9349 = PRESENTATION_STYLE_ASSIGNMENT((#9350));
#9350 = SURFACE_STYLE_USAGE(.BOTH.,#9351);
#9351 = SURFACE_SIDE_STYLE('',(#9352));
#9352 = SURFACE_STYLE_FILL_AREA(#9353);
#9353 = FILL_AREA_STYLE('',(#9354));
#9354 = FILL_AREA_STYLE_COLOUR('',#9319);
#9355 = STYLED_ITEM('color',(#9356),#6331);
#9356 = PRESENTATION_STYLE_ASSIGNMENT((#9357));
#9357 = SURFACE_STYLE_USAGE(.BOTH.,#9358);
#9358 = SURFACE_SIDE_STYLE('',(#9359));
#9359 = SURFACE_STYLE_FILL_AREA(#9360);
#9360 = FILL_AREA_STYLE('',(#9361));
#9361 = FILL_AREA_STYLE_COLOUR('',#9319);
#9362 = STYLED_ITEM('color',(#9363),#6348);
#9363 = PRESENTATION_STYLE_ASSIGNMENT((#9364));
#9364 = SURFACE_STYLE_USAGE(.BOTH.,#9365);
#9365 = SURFACE_SIDE_STYLE('',(#9366));
#9366 = SURFACE_STYLE_FILL_AREA(#9367);
#9367 = FILL_AREA_STYLE('',(#9368));
#9368 = FILL_AREA_STYLE_COLOUR('',#9319);
#9369 = STYLED_ITEM('color',(#9370),#6365);
#9370 = PRESENTATION_STYLE_ASSIGNMENT((#9371));
#9371 = SURFACE_STYLE_USAGE(.BOTH.,#9372);
#9372 = SURFACE_SIDE_STYLE('',(#9373));
#9373 = SURFACE_STYLE_FILL_AREA(#9374);
#9374 = FILL_AREA_STYLE('',(#9375));
#9375 = FILL_AREA_STYLE_COLOUR('',#9319);
#9376 = STYLED_ITEM('color',(#9377),#6382);
#9377 = PRESENTATION_STYLE_ASSIGNMENT((#9378));
#9378 = SURFACE_STYLE_USAGE(.BOTH.,#9379);
#9379 = SURFACE_SIDE_STYLE('',(#9380));
#9380 = SURFACE_STYLE_FILL_AREA(#9381);
#9381 = FILL_AREA_STYLE('',(#9382));
#9382 = FILL_AREA_STYLE_COLOUR('',#9319);
#9383 = STYLED_ITEM('color',(#9384),#6399);
#9384 = PRESENTATION_STYLE_ASSIGNMENT((#9385));
#9385 = SURFACE_STYLE_USAGE(.BOTH.,#9386);
#9386 = SURFACE_SIDE_STYLE('',(#9387));
#9387 = SURFACE_STYLE_FILL_AREA(#9388);
#9388 = FILL_AREA_STYLE('',(#9389));
#9389 = FILL_AREA_STYLE_COLOUR('',#9319);
#9390 = STYLED_ITEM('color',(#9391),#6416);
#9391 = PRESENTATION_STYLE_ASSIGNMENT((#9392));
#9392 = SURFACE_STYLE_USAGE(.BOTH.,#9393);
#9393 = SURFACE_SIDE_STYLE('',(#9394));
#9394 = SURFACE_STYLE_FILL_AREA(#9395);
#9395 = FILL_AREA_STYLE('',(#9396));
#9396 = FILL_AREA_STYLE_COLOUR('',#9319);
#9397 = STYLED_ITEM('color',(#9398),#6433);
#9398 = PRESENTATION_STYLE_ASSIGNMENT((#9399));
#9399 = SURFACE_STYLE_USAGE(.BOTH.,#9400);
#9400 = SURFACE_SIDE_STYLE('',(#9401));
#9401 = SURFACE_STYLE_FILL_AREA(#9402);
#9402 = FILL_AREA_STYLE('',(#9403));
#9403 = FILL_AREA_STYLE_COLOUR('',#9319);
#9404 = STYLED_ITEM('color',(#9405),#6450);
#9405 = PRESENTATION_STYLE_ASSIGNMENT((#9406));
#9406 = SURFACE_STYLE_USAGE(.BOTH.,#9407);
#9407 = SURFACE_SIDE_STYLE('',(#9408));
#9408 = SURFACE_STYLE_FILL_AREA(#9409);
#9409 = FILL_AREA_STYLE('',(#9410));
#9410 = FILL_AREA_STYLE_COLOUR('',#9319);
#9411 = STYLED_ITEM('color',(#9412),#6467);
#9412 = PRESENTATION_STYLE_ASSIGNMENT((#9413));
#9413 = SURFACE_STYLE_USAGE(.BOTH.,#9414);
#9414 = SURFACE_SIDE_STYLE('',(#9415));
#9415 = SURFACE_STYLE_FILL_AREA(#9416);
#9416 = FILL_AREA_STYLE('',(#9417));
#9417 = FILL_AREA_STYLE_COLOUR('',#9319);
#9418 = STYLED_ITEM('color',(#9419),#6484);
#9419 = PRESENTATION_STYLE_ASSIGNMENT((#9420));
#9420 = SURFACE_STYLE_USAGE(.BOTH.,#9421);
#9421 = SURFACE_SIDE_STYLE('',(#9422));
#9422 = SURFACE_STYLE_FILL_AREA(#9423);
#9423 = FILL_AREA_STYLE('',(#9424));
#9424 = FILL_AREA_STYLE_COLOUR('',#9319);
#9425 = STYLED_ITEM('color',(#9426),#6501);
#9426 = PRESENTATION_STYLE_ASSIGNMENT((#9427));
#9427 = SURFACE_STYLE_USAGE(.BOTH.,#9428);
#9428 = SURFACE_SIDE_STYLE('',(#9429));
#9429 = SURFACE_STYLE_FILL_AREA(#9430);
#9430 = FILL_AREA_STYLE('',(#9431));
#9431 = FILL_AREA_STYLE_COLOUR('',#9319);
#9432 = STYLED_ITEM('color',(#9433),#6518);
#9433 = PRESENTATION_STYLE_ASSIGNMENT((#9434));
#9434 = SURFACE_STYLE_USAGE(.BOTH.,#9435);
#9435 = SURFACE_SIDE_STYLE('',(#9436));
#9436 = SURFACE_STYLE_FILL_AREA(#9437);
#9437 = FILL_AREA_STYLE('',(#9438));
#9438 = FILL_AREA_STYLE_COLOUR('',#9319);
#9439 = STYLED_ITEM('color',(#9440),#6535);
#9440 = PRESENTATION_STYLE_ASSIGNMENT((#9441));
#9441 = SURFACE_STYLE_USAGE(.BOTH.,#9442);
#9442 = SURFACE_SIDE_STYLE('',(#9443));
#9443 = SURFACE_STYLE_FILL_AREA(#9444);
#9444 = FILL_AREA_STYLE('',(#9445));
#9445 = FILL_AREA_STYLE_COLOUR('',#9319);
#9446 = STYLED_ITEM('color',(#9447),#6552);
#9447 = PRESENTATION_STYLE_ASSIGNMENT((#9448));
#9448 = SURFACE_STYLE_USAGE(.BOTH.,#9449);
#9449 = SURFACE_SIDE_STYLE('',(#9450));
#9450 = SURFACE_STYLE_FILL_AREA(#9451);
#9451 = FILL_AREA_STYLE('',(#9452));
#9452 = FILL_AREA_STYLE_COLOUR('',#9319);
#9453 = STYLED_ITEM('color',(#9454),#6569);
#9454 = PRESENTATION_STYLE_ASSIGNMENT((#9455));
#9455 = SURFACE_STYLE_USAGE(.BOTH.,#9456);
#9456 = SURFACE_SIDE_STYLE('',(#9457));
#9457 = SURFACE_STYLE_FILL_AREA(#9458);
#9458 = FILL_AREA_STYLE('',(#9459));
#9459 = FILL_AREA_STYLE_COLOUR('',#9319);
#9460 = STYLED_ITEM('color',(#9461),#6586);
#9461 = PRESENTATION_STYLE_ASSIGNMENT((#9462));
#9462 = SURFACE_STYLE_USAGE(.BOTH.,#9463);
#9463 = SURFACE_SIDE_STYLE('',(#9464));
#9464 = SURFACE_STYLE_FILL_AREA(#9465);
#9465 = FILL_AREA_STYLE('',(#9466));
#9466 = FILL_AREA_STYLE_COLOUR('',#9319);
#9467 = STYLED_ITEM('color',(#9468),#6603);
#9468 = PRESENTATION_STYLE_ASSIGNMENT((#9469));
#9469 = SURFACE_STYLE_USAGE(.BOTH.,#9470);
#9470 = SURFACE_SIDE_STYLE('',(#9471));
#9471 = SURFACE_STYLE_FILL_AREA(#9472);
#9472 = FILL_AREA_STYLE('',(#9473));
#9473 = FILL_AREA_STYLE_COLOUR('',#9319);
#9474 = STYLED_ITEM('color',(#9475),#6620);
#9475 = PRESENTATION_STYLE_ASSIGNMENT((#9476));
#9476 = SURFACE_STYLE_USAGE(.BOTH.,#9477);
#9477 = SURFACE_SIDE_STYLE('',(#9478));
#9478 = SURFACE_STYLE_FILL_AREA(#9479);
#9479 = FILL_AREA_STYLE('',(#9480));
#9480 = FILL_AREA_STYLE_COLOUR('',#9319);
#9481 = STYLED_ITEM('color',(#9482),#6637);
#9482 = PRESENTATION_STYLE_ASSIGNMENT((#9483));
#9483 = SURFACE_STYLE_USAGE(.BOTH.,#9484);
#9484 = SURFACE_SIDE_STYLE('',(#9485));
#9485 = SURFACE_STYLE_FILL_AREA(#9486);
#9486 = FILL_AREA_STYLE('',(#9487));
#9487 = FILL_AREA_STYLE_COLOUR('',#9319);
#9488 = STYLED_ITEM('color',(#9489),#6654);
#9489 = PRESENTATION_STYLE_ASSIGNMENT((#9490));
#9490 = SURFACE_STYLE_USAGE(.BOTH.,#9491);
#9491 = SURFACE_SIDE_STYLE('',(#9492));
#9492 = SURFACE_STYLE_FILL_AREA(#9493);
#9493 = FILL_AREA_STYLE('',(#9494));
#9494 = FILL_AREA_STYLE_COLOUR('',#9319);
#9495 = STYLED_ITEM('color',(#9496),#6671);
#9496 = PRESENTATION_STYLE_ASSIGNMENT((#9497));
#9497 = SURFACE_STYLE_USAGE(.BOTH.,#9498);
#9498 = SURFACE_SIDE_STYLE('',(#9499));
#9499 = SURFACE_STYLE_FILL_AREA(#9500);
#9500 = FILL_AREA_STYLE('',(#9501));
#9501 = FILL_AREA_STYLE_COLOUR('',#9319);
#9502 = STYLED_ITEM('color',(#9503),#6688);
#9503 = PRESENTATION_STYLE_ASSIGNMENT((#9504));
#9504 = SURFACE_STYLE_USAGE(.BOTH.,#9505);
#9505 = SURFACE_SIDE_STYLE('',(#9506));
#9506 = SURFACE_STYLE_FILL_AREA(#9507);
#9507 = FILL_AREA_STYLE('',(#9508));
#9508 = FILL_AREA_STYLE_COLOUR('',#9319);
#9509 = STYLED_ITEM('color',(#9510),#6700);
#9510 = PRESENTATION_STYLE_ASSIGNMENT((#9511));
#9511 = SURFACE_STYLE_USAGE(.BOTH.,#9512);
#9512 = SURFACE_SIDE_STYLE('',(#9513));
#9513 = SURFACE_STYLE_FILL_AREA(#9514);
#9514 = FILL_AREA_STYLE('',(#9515));
#9515 = FILL_AREA_STYLE_COLOUR('',#9516);
#9516 = COLOUR_RGB('',0.859000020776,0.737999965183,0.495999988746);
#9517 = STYLED_ITEM('color',(#9518),#6731);
#9518 = PRESENTATION_STYLE_ASSIGNMENT((#9519));
#9519 = SURFACE_STYLE_USAGE(.BOTH.,#9520);
#9520 = SURFACE_SIDE_STYLE('',(#9521));
#9521 = SURFACE_STYLE_FILL_AREA(#9522);
#9522 = FILL_AREA_STYLE('',(#9523));
#9523 = FILL_AREA_STYLE_COLOUR('',#9516);
#9524 = STYLED_ITEM('color',(#9525),#6755);
#9525 = PRESENTATION_STYLE_ASSIGNMENT((#9526));
#9526 = SURFACE_STYLE_USAGE(.BOTH.,#9527);
#9527 = SURFACE_SIDE_STYLE('',(#9528));
#9528 = SURFACE_STYLE_FILL_AREA(#9529);
#9529 = FILL_AREA_STYLE('',(#9530));
#9530 = FILL_AREA_STYLE_COLOUR('',#9516);
#9531 = STYLED_ITEM('color',(#9532),#6779);
#9532 = PRESENTATION_STYLE_ASSIGNMENT((#9533));
#9533 = SURFACE_STYLE_USAGE(.BOTH.,#9534);
#9534 = SURFACE_SIDE_STYLE('',(#9535));
#9535 = SURFACE_STYLE_FILL_AREA(#9536);
#9536 = FILL_AREA_STYLE('',(#9537));
#9537 = FILL_AREA_STYLE_COLOUR('',#9516);
#9538 = STYLED_ITEM('color',(#9539),#6796);
#9539 = PRESENTATION_STYLE_ASSIGNMENT((#9540));
#9540 = SURFACE_STYLE_USAGE(.BOTH.,#9541);
#9541 = SURFACE_SIDE_STYLE('',(#9542));
#9542 = SURFACE_STYLE_FILL_AREA(#9543);
#9543 = FILL_AREA_STYLE('',(#9544));
#9544 = FILL_AREA_STYLE_COLOUR('',#9516);
#9545 = STYLED_ITEM('color',(#9546),#6827);
#9546 = PRESENTATION_STYLE_ASSIGNMENT((#9547));
#9547 = SURFACE_STYLE_USAGE(.BOTH.,#9548);
#9548 = SURFACE_SIDE_STYLE('',(#9549));
#9549 = SURFACE_STYLE_FILL_AREA(#9550);
#9550 = FILL_AREA_STYLE('',(#9551));
#9551 = FILL_AREA_STYLE_COLOUR('',#9516);
#9552 = STYLED_ITEM('color',(#9553),#6851);
#9553 = PRESENTATION_STYLE_ASSIGNMENT((#9554));
#9554 = SURFACE_STYLE_USAGE(.BOTH.,#9555);
#9555 = SURFACE_SIDE_STYLE('',(#9556));
#9556 = SURFACE_STYLE_FILL_AREA(#9557);
#9557 = FILL_AREA_STYLE('',(#9558));
#9558 = FILL_AREA_STYLE_COLOUR('',#9516);
#9559 = STYLED_ITEM('color',(#9560),#6875);
#9560 = PRESENTATION_STYLE_ASSIGNMENT((#9561));
#9561 = SURFACE_STYLE_USAGE(.BOTH.,#9562);
#9562 = SURFACE_SIDE_STYLE('',(#9563));
#9563 = SURFACE_STYLE_FILL_AREA(#9564);
#9564 = FILL_AREA_STYLE('',(#9565));
#9565 = FILL_AREA_STYLE_COLOUR('',#9516);
#9566 = STYLED_ITEM('color',(#9567),#6892);
#9567 = PRESENTATION_STYLE_ASSIGNMENT((#9568));
#9568 = SURFACE_STYLE_USAGE(.BOTH.,#9569);
#9569 = SURFACE_SIDE_STYLE('',(#9570));
#9570 = SURFACE_STYLE_FILL_AREA(#9571);
#9571 = FILL_AREA_STYLE('',(#9572));
#9572 = FILL_AREA_STYLE_COLOUR('',#9516);
#9573 = STYLED_ITEM('color',(#9574),#6923);
#9574 = PRESENTATION_STYLE_ASSIGNMENT((#9575));
#9575 = SURFACE_STYLE_USAGE(.BOTH.,#9576);
#9576 = SURFACE_SIDE_STYLE('',(#9577));
#9577 = SURFACE_STYLE_FILL_AREA(#9578);
#9578 = FILL_AREA_STYLE('',(#9579));
#9579 = FILL_AREA_STYLE_COLOUR('',#9516);
#9580 = STYLED_ITEM('color',(#9581),#6947);
#9581 = PRESENTATION_STYLE_ASSIGNMENT((#9582));
#9582 = SURFACE_STYLE_USAGE(.BOTH.,#9583);
#9583 = SURFACE_SIDE_STYLE('',(#9584));
#9584 = SURFACE_STYLE_FILL_AREA(#9585);
#9585 = FILL_AREA_STYLE('',(#9586));
#9586 = FILL_AREA_STYLE_COLOUR('',#9516);
#9587 = STYLED_ITEM('color',(#9588),#6971);
#9588 = PRESENTATION_STYLE_ASSIGNMENT((#9589));
#9589 = SURFACE_STYLE_USAGE(.BOTH.,#9590);
#9590 = SURFACE_SIDE_STYLE('',(#9591));
#9591 = SURFACE_STYLE_FILL_AREA(#9592);
#9592 = FILL_AREA_STYLE('',(#9593));
#9593 = FILL_AREA_STYLE_COLOUR('',#9516);
#9594 = STYLED_ITEM('color',(#9595),#6988);
#9595 = PRESENTATION_STYLE_ASSIGNMENT((#9596));
#9596 = SURFACE_STYLE_USAGE(.BOTH.,#9597);
#9597 = SURFACE_SIDE_STYLE('',(#9598));
#9598 = SURFACE_STYLE_FILL_AREA(#9599);
#9599 = FILL_AREA_STYLE('',(#9600));
#9600 = FILL_AREA_STYLE_COLOUR('',#9516);
#9601 = STYLED_ITEM('color',(#9602),#7019);
#9602 = PRESENTATION_STYLE_ASSIGNMENT((#9603));
#9603 = SURFACE_STYLE_USAGE(.BOTH.,#9604);
#9604 = SURFACE_SIDE_STYLE('',(#9605));
#9605 = SURFACE_STYLE_FILL_AREA(#9606);
#9606 = FILL_AREA_STYLE('',(#9607));
#9607 = FILL_AREA_STYLE_COLOUR('',#9516);
#9608 = STYLED_ITEM('color',(#9609),#7043);
#9609 = PRESENTATION_STYLE_ASSIGNMENT((#9610));
#9610 = SURFACE_STYLE_USAGE(.BOTH.,#9611);
#9611 = SURFACE_SIDE_STYLE('',(#9612));
#9612 = SURFACE_STYLE_FILL_AREA(#9613);
#9613 = FILL_AREA_STYLE('',(#9614));
#9614 = FILL_AREA_STYLE_COLOUR('',#9516);
#9615 = STYLED_ITEM('color',(#9616),#7067);
#9616 = PRESENTATION_STYLE_ASSIGNMENT((#9617));
#9617 = SURFACE_STYLE_USAGE(.BOTH.,#9618);
#9618 = SURFACE_SIDE_STYLE('',(#9619));
#9619 = SURFACE_STYLE_FILL_AREA(#9620);
#9620 = FILL_AREA_STYLE('',(#9621));
#9621 = FILL_AREA_STYLE_COLOUR('',#9516);
#9622 = STYLED_ITEM('color',(#9623),#7084);
#9623 = PRESENTATION_STYLE_ASSIGNMENT((#9624));
#9624 = SURFACE_STYLE_USAGE(.BOTH.,#9625);
#9625 = SURFACE_SIDE_STYLE('',(#9626));
#9626 = SURFACE_STYLE_FILL_AREA(#9627);
#9627 = FILL_AREA_STYLE('',(#9628));
#9628 = FILL_AREA_STYLE_COLOUR('',#9516);
#9629 = STYLED_ITEM('color',(#9630),#7115);
#9630 = PRESENTATION_STYLE_ASSIGNMENT((#9631));
#9631 = SURFACE_STYLE_USAGE(.BOTH.,#9632);
#9632 = SURFACE_SIDE_STYLE('',(#9633));
#9633 = SURFACE_STYLE_FILL_AREA(#9634);
#9634 = FILL_AREA_STYLE('',(#9635));
#9635 = FILL_AREA_STYLE_COLOUR('',#9516);
#9636 = STYLED_ITEM('color',(#9637),#7139);
#9637 = PRESENTATION_STYLE_ASSIGNMENT((#9638));
#9638 = SURFACE_STYLE_USAGE(.BOTH.,#9639);
#9639 = SURFACE_SIDE_STYLE('',(#9640));
#9640 = SURFACE_STYLE_FILL_AREA(#9641);
#9641 = FILL_AREA_STYLE('',(#9642));
#9642 = FILL_AREA_STYLE_COLOUR('',#9516);
#9643 = STYLED_ITEM('color',(#9644),#7163);
#9644 = PRESENTATION_STYLE_ASSIGNMENT((#9645));
#9645 = SURFACE_STYLE_USAGE(.BOTH.,#9646);
#9646 = SURFACE_SIDE_STYLE('',(#9647));
#9647 = SURFACE_STYLE_FILL_AREA(#9648);
#9648 = FILL_AREA_STYLE('',(#9649));
#9649 = FILL_AREA_STYLE_COLOUR('',#9516);
#9650 = STYLED_ITEM('color',(#9651),#7180);
#9651 = PRESENTATION_STYLE_ASSIGNMENT((#9652));
#9652 = SURFACE_STYLE_USAGE(.BOTH.,#9653);
#9653 = SURFACE_SIDE_STYLE('',(#9654));
#9654 = SURFACE_STYLE_FILL_AREA(#9655);
#9655 = FILL_AREA_STYLE('',(#9656));
#9656 = FILL_AREA_STYLE_COLOUR('',#9516);
#9657 = STYLED_ITEM('color',(#9658),#7211);
#9658 = PRESENTATION_STYLE_ASSIGNMENT((#9659));
#9659 = SURFACE_STYLE_USAGE(.BOTH.,#9660);
#9660 = SURFACE_SIDE_STYLE('',(#9661));
#9661 = SURFACE_STYLE_FILL_AREA(#9662);
#9662 = FILL_AREA_STYLE('',(#9663));
#9663 = FILL_AREA_STYLE_COLOUR('',#9516);
#9664 = STYLED_ITEM('color',(#9665),#7235);
#9665 = PRESENTATION_STYLE_ASSIGNMENT((#9666));
#9666 = SURFACE_STYLE_USAGE(.BOTH.,#9667);
#9667 = SURFACE_SIDE_STYLE('',(#9668));
#9668 = SURFACE_STYLE_FILL_AREA(#9669);
#9669 = FILL_AREA_STYLE('',(#9670));
#9670 = FILL_AREA_STYLE_COLOUR('',#9516);
#9671 = STYLED_ITEM('color',(#9672),#7259);
#9672 = PRESENTATION_STYLE_ASSIGNMENT((#9673));
#9673 = SURFACE_STYLE_USAGE(.BOTH.,#9674);
#9674 = SURFACE_SIDE_STYLE('',(#9675));
#9675 = SURFACE_STYLE_FILL_AREA(#9676);
#9676 = FILL_AREA_STYLE('',(#9677));
#9677 = FILL_AREA_STYLE_COLOUR('',#9516);
#9678 = STYLED_ITEM('color',(#9679),#7276);
#9679 = PRESENTATION_STYLE_ASSIGNMENT((#9680));
#9680 = SURFACE_STYLE_USAGE(.BOTH.,#9681);
#9681 = SURFACE_SIDE_STYLE('',(#9682));
#9682 = SURFACE_STYLE_FILL_AREA(#9683);
#9683 = FILL_AREA_STYLE('',(#9684));
#9684 = FILL_AREA_STYLE_COLOUR('',#9516);
#9685 = STYLED_ITEM('color',(#9686),#7307);
#9686 = PRESENTATION_STYLE_ASSIGNMENT((#9687));
#9687 = SURFACE_STYLE_USAGE(.BOTH.,#9688);
#9688 = SURFACE_SIDE_STYLE('',(#9689));
#9689 = SURFACE_STYLE_FILL_AREA(#9690);
#9690 = FILL_AREA_STYLE('',(#9691));
#9691 = FILL_AREA_STYLE_COLOUR('',#9516);
#9692 = STYLED_ITEM('color',(#9693),#7331);
#9693 = PRESENTATION_STYLE_ASSIGNMENT((#9694));
#9694 = SURFACE_STYLE_USAGE(.BOTH.,#9695);
#9695 = SURFACE_SIDE_STYLE('',(#9696));
#9696 = SURFACE_STYLE_FILL_AREA(#9697);
#9697 = FILL_AREA_STYLE('',(#9698));
#9698 = FILL_AREA_STYLE_COLOUR('',#9516);
#9699 = STYLED_ITEM('color',(#9700),#7355);
#9700 = PRESENTATION_STYLE_ASSIGNMENT((#9701));
#9701 = SURFACE_STYLE_USAGE(.BOTH.,#9702);
#9702 = SURFACE_SIDE_STYLE('',(#9703));
#9703 = SURFACE_STYLE_FILL_AREA(#9704);
#9704 = FILL_AREA_STYLE('',(#9705));
#9705 = FILL_AREA_STYLE_COLOUR('',#9516);
#9706 = STYLED_ITEM('color',(#9707),#7372);
#9707 = PRESENTATION_STYLE_ASSIGNMENT((#9708));
#9708 = SURFACE_STYLE_USAGE(.BOTH.,#9709);
#9709 = SURFACE_SIDE_STYLE('',(#9710));
#9710 = SURFACE_STYLE_FILL_AREA(#9711);
#9711 = FILL_AREA_STYLE('',(#9712));
#9712 = FILL_AREA_STYLE_COLOUR('',#9516);
#9713 = STYLED_ITEM('color',(#9714),#7403);
#9714 = PRESENTATION_STYLE_ASSIGNMENT((#9715));
#9715 = SURFACE_STYLE_USAGE(.BOTH.,#9716);
#9716 = SURFACE_SIDE_STYLE('',(#9717));
#9717 = SURFACE_STYLE_FILL_AREA(#9718);
#9718 = FILL_AREA_STYLE('',(#9719));
#9719 = FILL_AREA_STYLE_COLOUR('',#9516);
#9720 = STYLED_ITEM('color',(#9721),#7427);
#9721 = PRESENTATION_STYLE_ASSIGNMENT((#9722));
#9722 = SURFACE_STYLE_USAGE(.BOTH.,#9723);
#9723 = SURFACE_SIDE_STYLE('',(#9724));
#9724 = SURFACE_STYLE_FILL_AREA(#9725);
#9725 = FILL_AREA_STYLE('',(#9726));
#9726 = FILL_AREA_STYLE_COLOUR('',#9516);
#9727 = STYLED_ITEM('color',(#9728),#7451);
#9728 = PRESENTATION_STYLE_ASSIGNMENT((#9729));
#9729 = SURFACE_STYLE_USAGE(.BOTH.,#9730);
#9730 = SURFACE_SIDE_STYLE('',(#9731));
#9731 = SURFACE_STYLE_FILL_AREA(#9732);
#9732 = FILL_AREA_STYLE('',(#9733));
#9733 = FILL_AREA_STYLE_COLOUR('',#9516);
#9734 = STYLED_ITEM('color',(#9735),#7468);
#9735 = PRESENTATION_STYLE_ASSIGNMENT((#9736));
#9736 = SURFACE_STYLE_USAGE(.BOTH.,#9737);
#9737 = SURFACE_SIDE_STYLE('',(#9738));
#9738 = SURFACE_STYLE_FILL_AREA(#9739);
#9739 = FILL_AREA_STYLE('',(#9740));
#9740 = FILL_AREA_STYLE_COLOUR('',#9516);
#9741 = STYLED_ITEM('color',(#9742),#7499);
#9742 = PRESENTATION_STYLE_ASSIGNMENT((#9743));
#9743 = SURFACE_STYLE_USAGE(.BOTH.,#9744);
#9744 = SURFACE_SIDE_STYLE('',(#9745));
#9745 = SURFACE_STYLE_FILL_AREA(#9746);
#9746 = FILL_AREA_STYLE('',(#9747));
#9747 = FILL_AREA_STYLE_COLOUR('',#9516);
#9748 = STYLED_ITEM('color',(#9749),#7523);
#9749 = PRESENTATION_STYLE_ASSIGNMENT((#9750));
#9750 = SURFACE_STYLE_USAGE(.BOTH.,#9751);
#9751 = SURFACE_SIDE_STYLE('',(#9752));
#9752 = SURFACE_STYLE_FILL_AREA(#9753);
#9753 = FILL_AREA_STYLE('',(#9754));
#9754 = FILL_AREA_STYLE_COLOUR('',#9516);
#9755 = STYLED_ITEM('color',(#9756),#7547);
#9756 = PRESENTATION_STYLE_ASSIGNMENT((#9757));
#9757 = SURFACE_STYLE_USAGE(.BOTH.,#9758);
#9758 = SURFACE_SIDE_STYLE('',(#9759));
#9759 = SURFACE_STYLE_FILL_AREA(#9760);
#9760 = FILL_AREA_STYLE('',(#9761));
#9761 = FILL_AREA_STYLE_COLOUR('',#9516);
#9762 = STYLED_ITEM('color',(#9763),#7564);
#9763 = PRESENTATION_STYLE_ASSIGNMENT((#9764));
#9764 = SURFACE_STYLE_USAGE(.BOTH.,#9765);
#9765 = SURFACE_SIDE_STYLE('',(#9766));
#9766 = SURFACE_STYLE_FILL_AREA(#9767);
#9767 = FILL_AREA_STYLE('',(#9768));
#9768 = FILL_AREA_STYLE_COLOUR('',#9516);
#9769 = STYLED_ITEM('color',(#9770),#7595);
#9770 = PRESENTATION_STYLE_ASSIGNMENT((#9771));
#9771 = SURFACE_STYLE_USAGE(.BOTH.,#9772);
#9772 = SURFACE_SIDE_STYLE('',(#9773));
#9773 = SURFACE_STYLE_FILL_AREA(#9774);
#9774 = FILL_AREA_STYLE('',(#9775));
#9775 = FILL_AREA_STYLE_COLOUR('',#9516);
#9776 = STYLED_ITEM('color',(#9777),#7619);
#9777 = PRESENTATION_STYLE_ASSIGNMENT((#9778));
#9778 = SURFACE_STYLE_USAGE(.BOTH.,#9779);
#9779 = SURFACE_SIDE_STYLE('',(#9780));
#9780 = SURFACE_STYLE_FILL_AREA(#9781);
#9781 = FILL_AREA_STYLE('',(#9782));
#9782 = FILL_AREA_STYLE_COLOUR('',#9516);
#9783 = STYLED_ITEM('color',(#9784),#7643);
#9784 = PRESENTATION_STYLE_ASSIGNMENT((#9785));
#9785 = SURFACE_STYLE_USAGE(.BOTH.,#9786);
#9786 = SURFACE_SIDE_STYLE('',(#9787));
#9787 = SURFACE_STYLE_FILL_AREA(#9788);
#9788 = FILL_AREA_STYLE('',(#9789));
#9789 = FILL_AREA_STYLE_COLOUR('',#9516);
#9790 = STYLED_ITEM('color',(#9791),#7660);
#9791 = PRESENTATION_STYLE_ASSIGNMENT((#9792));
#9792 = SURFACE_STYLE_USAGE(.BOTH.,#9793);
#9793 = SURFACE_SIDE_STYLE('',(#9794));
#9794 = SURFACE_STYLE_FILL_AREA(#9795);
#9795 = FILL_AREA_STYLE('',(#9796));
#9796 = FILL_AREA_STYLE_COLOUR('',#9516);
#9797 = STYLED_ITEM('color',(#9798),#7691);
#9798 = PRESENTATION_STYLE_ASSIGNMENT((#9799));
#9799 = SURFACE_STYLE_USAGE(.BOTH.,#9800);
#9800 = SURFACE_SIDE_STYLE('',(#9801));
#9801 = SURFACE_STYLE_FILL_AREA(#9802);
#9802 = FILL_AREA_STYLE('',(#9803));
#9803 = FILL_AREA_STYLE_COLOUR('',#9516);
#9804 = STYLED_ITEM('color',(#9805),#7715);
#9805 = PRESENTATION_STYLE_ASSIGNMENT((#9806));
#9806 = SURFACE_STYLE_USAGE(.BOTH.,#9807);
#9807 = SURFACE_SIDE_STYLE('',(#9808));
#9808 = SURFACE_STYLE_FILL_AREA(#9809);
#9809 = FILL_AREA_STYLE('',(#9810));
#9810 = FILL_AREA_STYLE_COLOUR('',#9516);
#9811 = STYLED_ITEM('color',(#9812),#7739);
#9812 = PRESENTATION_STYLE_ASSIGNMENT((#9813));
#9813 = SURFACE_STYLE_USAGE(.BOTH.,#9814);
#9814 = SURFACE_SIDE_STYLE('',(#9815));
#9815 = SURFACE_STYLE_FILL_AREA(#9816);
#9816 = FILL_AREA_STYLE('',(#9817));
#9817 = FILL_AREA_STYLE_COLOUR('',#9516);
#9818 = STYLED_ITEM('color',(#9819),#7756);
#9819 = PRESENTATION_STYLE_ASSIGNMENT((#9820));
#9820 = SURFACE_STYLE_USAGE(.BOTH.,#9821);
#9821 = SURFACE_SIDE_STYLE('',(#9822));
#9822 = SURFACE_STYLE_FILL_AREA(#9823);
#9823 = FILL_AREA_STYLE('',(#9824));
#9824 = FILL_AREA_STYLE_COLOUR('',#9516);
#9825 = STYLED_ITEM('color',(#9826),#7787);
#9826 = PRESENTATION_STYLE_ASSIGNMENT((#9827));
#9827 = SURFACE_STYLE_USAGE(.BOTH.,#9828);
#9828 = SURFACE_SIDE_STYLE('',(#9829));
#9829 = SURFACE_STYLE_FILL_AREA(#9830);
#9830 = FILL_AREA_STYLE('',(#9831));
#9831 = FILL_AREA_STYLE_COLOUR('',#9516);
#9832 = STYLED_ITEM('color',(#9833),#7811);
#9833 = PRESENTATION_STYLE_ASSIGNMENT((#9834));
#9834 = SURFACE_STYLE_USAGE(.BOTH.,#9835);
#9835 = SURFACE_SIDE_STYLE('',(#9836));
#9836 = SURFACE_STYLE_FILL_AREA(#9837);
#9837 = FILL_AREA_STYLE('',(#9838));
#9838 = FILL_AREA_STYLE_COLOUR('',#9516);
#9839 = STYLED_ITEM('color',(#9840),#7835);
#9840 = PRESENTATION_STYLE_ASSIGNMENT((#9841));
#9841 = SURFACE_STYLE_USAGE(.BOTH.,#9842);
#9842 = SURFACE_SIDE_STYLE('',(#9843));
#9843 = SURFACE_STYLE_FILL_AREA(#9844);
#9844 = FILL_AREA_STYLE('',(#9845));
#9845 = FILL_AREA_STYLE_COLOUR('',#9516);
#9846 = STYLED_ITEM('color',(#9847),#7852);
#9847 = PRESENTATION_STYLE_ASSIGNMENT((#9848));
#9848 = SURFACE_STYLE_USAGE(.BOTH.,#9849);
#9849 = SURFACE_SIDE_STYLE('',(#9850));
#9850 = SURFACE_STYLE_FILL_AREA(#9851);
#9851 = FILL_AREA_STYLE('',(#9852));
#9852 = FILL_AREA_STYLE_COLOUR('',#9516);
#9853 = STYLED_ITEM('color',(#9854),#7883);
#9854 = PRESENTATION_STYLE_ASSIGNMENT((#9855));
#9855 = SURFACE_STYLE_USAGE(.BOTH.,#9856);
#9856 = SURFACE_SIDE_STYLE('',(#9857));
#9857 = SURFACE_STYLE_FILL_AREA(#9858);
#9858 = FILL_AREA_STYLE('',(#9859));
#9859 = FILL_AREA_STYLE_COLOUR('',#9516);
#9860 = STYLED_ITEM('color',(#9861),#7907);
#9861 = PRESENTATION_STYLE_ASSIGNMENT((#9862));
#9862 = SURFACE_STYLE_USAGE(.BOTH.,#9863);
#9863 = SURFACE_SIDE_STYLE('',(#9864));
#9864 = SURFACE_STYLE_FILL_AREA(#9865);
#9865 = FILL_AREA_STYLE('',(#9866));
#9866 = FILL_AREA_STYLE_COLOUR('',#9516);
#9867 = STYLED_ITEM('color',(#9868),#7931);
#9868 = PRESENTATION_STYLE_ASSIGNMENT((#9869));
#9869 = SURFACE_STYLE_USAGE(.BOTH.,#9870);
#9870 = SURFACE_SIDE_STYLE('',(#9871));
#9871 = SURFACE_STYLE_FILL_AREA(#9872);
#9872 = FILL_AREA_STYLE('',(#9873));
#9873 = FILL_AREA_STYLE_COLOUR('',#9516);
#9874 = STYLED_ITEM('color',(#9875),#7948);
#9875 = PRESENTATION_STYLE_ASSIGNMENT((#9876));
#9876 = SURFACE_STYLE_USAGE(.BOTH.,#9877);
#9877 = SURFACE_SIDE_STYLE('',(#9878));
#9878 = SURFACE_STYLE_FILL_AREA(#9879);
#9879 = FILL_AREA_STYLE('',(#9880));
#9880 = FILL_AREA_STYLE_COLOUR('',#9516);
#9881 = STYLED_ITEM('color',(#9882),#7979);
#9882 = PRESENTATION_STYLE_ASSIGNMENT((#9883));
#9883 = SURFACE_STYLE_USAGE(.BOTH.,#9884);
#9884 = SURFACE_SIDE_STYLE('',(#9885));
#9885 = SURFACE_STYLE_FILL_AREA(#9886);
#9886 = FILL_AREA_STYLE('',(#9887));
#9887 = FILL_AREA_STYLE_COLOUR('',#9516);
#9888 = STYLED_ITEM('color',(#9889),#8003);
#9889 = PRESENTATION_STYLE_ASSIGNMENT((#9890));
#9890 = SURFACE_STYLE_USAGE(.BOTH.,#9891);
#9891 = SURFACE_SIDE_STYLE('',(#9892));
#9892 = SURFACE_STYLE_FILL_AREA(#9893);
#9893 = FILL_AREA_STYLE('',(#9894));
#9894 = FILL_AREA_STYLE_COLOUR('',#9516);
#9895 = STYLED_ITEM('color',(#9896),#8027);
#9896 = PRESENTATION_STYLE_ASSIGNMENT((#9897));
#9897 = SURFACE_STYLE_USAGE(.BOTH.,#9898);
#9898 = SURFACE_SIDE_STYLE('',(#9899));
#9899 = SURFACE_STYLE_FILL_AREA(#9900);
#9900 = FILL_AREA_STYLE('',(#9901));
#9901 = FILL_AREA_STYLE_COLOUR('',#9516);
#9902 = STYLED_ITEM('color',(#9903),#8044);
#9903 = PRESENTATION_STYLE_ASSIGNMENT((#9904));
#9904 = SURFACE_STYLE_USAGE(.BOTH.,#9905);
#9905 = SURFACE_SIDE_STYLE('',(#9906));
#9906 = SURFACE_STYLE_FILL_AREA(#9907);
#9907 = FILL_AREA_STYLE('',(#9908));
#9908 = FILL_AREA_STYLE_COLOUR('',#9516);
#9909 = STYLED_ITEM('color',(#9910),#8075);
#9910 = PRESENTATION_STYLE_ASSIGNMENT((#9911));
#9911 = SURFACE_STYLE_USAGE(.BOTH.,#9912);
#9912 = SURFACE_SIDE_STYLE('',(#9913));
#9913 = SURFACE_STYLE_FILL_AREA(#9914);
#9914 = FILL_AREA_STYLE('',(#9915));
#9915 = FILL_AREA_STYLE_COLOUR('',#9516);
#9916 = STYLED_ITEM('color',(#9917),#8099);
#9917 = PRESENTATION_STYLE_ASSIGNMENT((#9918));
#9918 = SURFACE_STYLE_USAGE(.BOTH.,#9919);
#9919 = SURFACE_SIDE_STYLE('',(#9920));
#9920 = SURFACE_STYLE_FILL_AREA(#9921);
#9921 = FILL_AREA_STYLE('',(#9922));
#9922 = FILL_AREA_STYLE_COLOUR('',#9516);
#9923 = STYLED_ITEM('color',(#9924),#8123);
#9924 = PRESENTATION_STYLE_ASSIGNMENT((#9925));
#9925 = SURFACE_STYLE_USAGE(.BOTH.,#9926);
#9926 = SURFACE_SIDE_STYLE('',(#9927));
#9927 = SURFACE_STYLE_FILL_AREA(#9928);
#9928 = FILL_AREA_STYLE('',(#9929));
#9929 = FILL_AREA_STYLE_COLOUR('',#9516);
#9930 = STYLED_ITEM('color',(#9931),#8140);
#9931 = PRESENTATION_STYLE_ASSIGNMENT((#9932));
#9932 = SURFACE_STYLE_USAGE(.BOTH.,#9933);
#9933 = SURFACE_SIDE_STYLE('',(#9934));
#9934 = SURFACE_STYLE_FILL_AREA(#9935);
#9935 = FILL_AREA_STYLE('',(#9936));
#9936 = FILL_AREA_STYLE_COLOUR('',#9516);
#9937 = STYLED_ITEM('color',(#9938),#8171);
#9938 = PRESENTATION_STYLE_ASSIGNMENT((#9939));
#9939 = SURFACE_STYLE_USAGE(.BOTH.,#9940);
#9940 = SURFACE_SIDE_STYLE('',(#9941));
#9941 = SURFACE_STYLE_FILL_AREA(#9942);
#9942 = FILL_AREA_STYLE('',(#9943));
#9943 = FILL_AREA_STYLE_COLOUR('',#9516);
#9944 = STYLED_ITEM('color',(#9945),#8195);
#9945 = PRESENTATION_STYLE_ASSIGNMENT((#9946));
#9946 = SURFACE_STYLE_USAGE(.BOTH.,#9947);
#9947 = SURFACE_SIDE_STYLE('',(#9948));
#9948 = SURFACE_STYLE_FILL_AREA(#9949);
#9949 = FILL_AREA_STYLE('',(#9950));
#9950 = FILL_AREA_STYLE_COLOUR('',#9516);
#9951 = STYLED_ITEM('color',(#9952),#8219);
#9952 = PRESENTATION_STYLE_ASSIGNMENT((#9953));
#9953 = SURFACE_STYLE_USAGE(.BOTH.,#9954);
#9954 = SURFACE_SIDE_STYLE('',(#9955));
#9955 = SURFACE_STYLE_FILL_AREA(#9956);
#9956 = FILL_AREA_STYLE('',(#9957));
#9957 = FILL_AREA_STYLE_COLOUR('',#9516);
#9958 = STYLED_ITEM('color',(#9959),#8236);
#9959 = PRESENTATION_STYLE_ASSIGNMENT((#9960));
#9960 = SURFACE_STYLE_USAGE(.BOTH.,#9961);
#9961 = SURFACE_SIDE_STYLE('',(#9962));
#9962 = SURFACE_STYLE_FILL_AREA(#9963);
#9963 = FILL_AREA_STYLE('',(#9964));
#9964 = FILL_AREA_STYLE_COLOUR('',#9516);
#9965 = STYLED_ITEM('color',(#9966),#8248);
#9966 = PRESENTATION_STYLE_ASSIGNMENT((#9967));
#9967 = SURFACE_STYLE_USAGE(.BOTH.,#9968);
#9968 = SURFACE_SIDE_STYLE('',(#9969));
#9969 = SURFACE_STYLE_FILL_AREA(#9970);
#9970 = FILL_AREA_STYLE('',(#9971));
#9971 = FILL_AREA_STYLE_COLOUR('',#9516);
#9972 = STYLED_ITEM('color',(#9973),#8260);
#9973 = PRESENTATION_STYLE_ASSIGNMENT((#9974));
#9974 = SURFACE_STYLE_USAGE(.BOTH.,#9975);
#9975 = SURFACE_SIDE_STYLE('',(#9976));
#9976 = SURFACE_STYLE_FILL_AREA(#9977);
#9977 = FILL_AREA_STYLE('',(#9978));
#9978 = FILL_AREA_STYLE_COLOUR('',#9516);
#9979 = STYLED_ITEM('color',(#9980),#8272);
#9980 = PRESENTATION_STYLE_ASSIGNMENT((#9981));
#9981 = SURFACE_STYLE_USAGE(.BOTH.,#9982);
#9982 = SURFACE_SIDE_STYLE('',(#9983));
#9983 = SURFACE_STYLE_FILL_AREA(#9984);
#9984 = FILL_AREA_STYLE('',(#9985));
#9985 = FILL_AREA_STYLE_COLOUR('',#9516);
#9986 = STYLED_ITEM('color',(#9987),#8284);
#9987 = PRESENTATION_STYLE_ASSIGNMENT((#9988));
#9988 = SURFACE_STYLE_USAGE(.BOTH.,#9989);
#9989 = SURFACE_SIDE_STYLE('',(#9990));
#9990 = SURFACE_STYLE_FILL_AREA(#9991);
#9991 = FILL_AREA_STYLE('',(#9992));
#9992 = FILL_AREA_STYLE_COLOUR('',#9516);
#9993 = STYLED_ITEM('color',(#9994),#8296);
#9994 = PRESENTATION_STYLE_ASSIGNMENT((#9995));
#9995 = SURFACE_STYLE_USAGE(.BOTH.,#9996);
#9996 = SURFACE_SIDE_STYLE('',(#9997));
#9997 = SURFACE_STYLE_FILL_AREA(#9998);
#9998 = FILL_AREA_STYLE('',(#9999));
#9999 = FILL_AREA_STYLE_COLOUR('',#9516);
#10000 = STYLED_ITEM('color',(#10001),#8308);
#10001 = PRESENTATION_STYLE_ASSIGNMENT((#10002));
#10002 = SURFACE_STYLE_USAGE(.BOTH.,#10003);
#10003 = SURFACE_SIDE_STYLE('',(#10004));
#10004 = SURFACE_STYLE_FILL_AREA(#10005);
#10005 = FILL_AREA_STYLE('',(#10006));
#10006 = FILL_AREA_STYLE_COLOUR('',#9516);
#10007 = STYLED_ITEM('color',(#10008),#8320);
#10008 = PRESENTATION_STYLE_ASSIGNMENT((#10009));
#10009 = SURFACE_STYLE_USAGE(.BOTH.,#10010);
#10010 = SURFACE_SIDE_STYLE('',(#10011));
#10011 = SURFACE_STYLE_FILL_AREA(#10012);
#10012 = FILL_AREA_STYLE('',(#10013));
#10013 = FILL_AREA_STYLE_COLOUR('',#9516);
#10014 = MECHANICAL_DESIGN_GEOMETRIC_PRESENTATION_REPRESENTATION('',(
    #10015,#10023,#10030,#10037,#10044,#10051,#10058,#10065,#10072,
    #10079,#10086,#10093,#10100,#10107,#10115,#10122,#10129,#10137,
    #10144,#10151,#10158,#10165,#10172,#10179,#10186,#10193,#10200,
    #10207,#10214,#10221,#10228,#10235,#10242,#10249,#10256,#10263,
    #10270,#10277,#10284,#10291,#10298,#10305,#10312,#10319,#10326,
    #10333,#10340,#10347,#10354,#10361,#10368,#10375,#10382,#10389,
    #10396,#10403,#10410,#10417,#10424,#10431,#10438,#10445,#10452,
    #10459,#10466,#10473,#10480,#10487),#2395);
#10015 = STYLED_ITEM('color',(#10016),#130);
#10016 = PRESENTATION_STYLE_ASSIGNMENT((#10017));
#10017 = SURFACE_STYLE_USAGE(.BOTH.,#10018);
#10018 = SURFACE_SIDE_STYLE('',(#10019));
#10019 = SURFACE_STYLE_FILL_AREA(#10020);
#10020 = FILL_AREA_STYLE('',(#10021));
#10021 = FILL_AREA_STYLE_COLOUR('',#10022);
#10022 = COLOUR_RGB('',0.893999996942,0.890999961016,0.813000030345);
#10023 = STYLED_ITEM('color',(#10024),#189);
#10024 = PRESENTATION_STYLE_ASSIGNMENT((#10025));
#10025 = SURFACE_STYLE_USAGE(.BOTH.,#10026);
#10026 = SURFACE_SIDE_STYLE('',(#10027));
#10027 = SURFACE_STYLE_FILL_AREA(#10028);
#10028 = FILL_AREA_STYLE('',(#10029));
#10029 = FILL_AREA_STYLE_COLOUR('',#10022);
#10030 = STYLED_ITEM('color',(#10031),#214);
#10031 = PRESENTATION_STYLE_ASSIGNMENT((#10032));
#10032 = SURFACE_STYLE_USAGE(.BOTH.,#10033);
#10033 = SURFACE_SIDE_STYLE('',(#10034));
#10034 = SURFACE_STYLE_FILL_AREA(#10035);
#10035 = FILL_AREA_STYLE('',(#10036));
#10036 = FILL_AREA_STYLE_COLOUR('',#10022);
#10037 = STYLED_ITEM('color',(#10038),#247);
#10038 = PRESENTATION_STYLE_ASSIGNMENT((#10039));
#10039 = SURFACE_STYLE_USAGE(.BOTH.,#10040);
#10040 = SURFACE_SIDE_STYLE('',(#10041));
#10041 = SURFACE_STYLE_FILL_AREA(#10042);
#10042 = FILL_AREA_STYLE('',(#10043));
#10043 = FILL_AREA_STYLE_COLOUR('',#10022);
#10044 = STYLED_ITEM('color',(#10045),#272);
#10045 = PRESENTATION_STYLE_ASSIGNMENT((#10046));
#10046 = SURFACE_STYLE_USAGE(.BOTH.,#10047);
#10047 = SURFACE_SIDE_STYLE('',(#10048));
#10048 = SURFACE_STYLE_FILL_AREA(#10049);
#10049 = FILL_AREA_STYLE('',(#10050));
#10050 = FILL_AREA_STYLE_COLOUR('',#10022);
#10051 = STYLED_ITEM('color',(#10052),#297);
#10052 = PRESENTATION_STYLE_ASSIGNMENT((#10053));
#10053 = SURFACE_STYLE_USAGE(.BOTH.,#10054);
#10054 = SURFACE_SIDE_STYLE('',(#10055));
#10055 = SURFACE_STYLE_FILL_AREA(#10056);
#10056 = FILL_AREA_STYLE('',(#10057));
#10057 = FILL_AREA_STYLE_COLOUR('',#10022);
#10058 = STYLED_ITEM('color',(#10059),#322);
#10059 = PRESENTATION_STYLE_ASSIGNMENT((#10060));
#10060 = SURFACE_STYLE_USAGE(.BOTH.,#10061);
#10061 = SURFACE_SIDE_STYLE('',(#10062));
#10062 = SURFACE_STYLE_FILL_AREA(#10063);
#10063 = FILL_AREA_STYLE('',(#10064));
#10064 = FILL_AREA_STYLE_COLOUR('',#10022);
#10065 = STYLED_ITEM('color',(#10066),#339);
#10066 = PRESENTATION_STYLE_ASSIGNMENT((#10067));
#10067 = SURFACE_STYLE_USAGE(.BOTH.,#10068);
#10068 = SURFACE_SIDE_STYLE('',(#10069));
#10069 = SURFACE_STYLE_FILL_AREA(#10070);
#10070 = FILL_AREA_STYLE('',(#10071));
#10071 = FILL_AREA_STYLE_COLOUR('',#10022);
#10072 = STYLED_ITEM('color',(#10073),#364);
#10073 = PRESENTATION_STYLE_ASSIGNMENT((#10074));
#10074 = SURFACE_STYLE_USAGE(.BOTH.,#10075);
#10075 = SURFACE_SIDE_STYLE('',(#10076));
#10076 = SURFACE_STYLE_FILL_AREA(#10077);
#10077 = FILL_AREA_STYLE('',(#10078));
#10078 = FILL_AREA_STYLE_COLOUR('',#10022);
#10079 = STYLED_ITEM('color',(#10080),#395);
#10080 = PRESENTATION_STYLE_ASSIGNMENT((#10081));
#10081 = SURFACE_STYLE_USAGE(.BOTH.,#10082);
#10082 = SURFACE_SIDE_STYLE('',(#10083));
#10083 = SURFACE_STYLE_FILL_AREA(#10084);
#10084 = FILL_AREA_STYLE('',(#10085));
#10085 = FILL_AREA_STYLE_COLOUR('',#10022);
#10086 = STYLED_ITEM('color',(#10087),#435);
#10087 = PRESENTATION_STYLE_ASSIGNMENT((#10088));
#10088 = SURFACE_STYLE_USAGE(.BOTH.,#10089);
#10089 = SURFACE_SIDE_STYLE('',(#10090));
#10090 = SURFACE_STYLE_FILL_AREA(#10091);
#10091 = FILL_AREA_STYLE('',(#10092));
#10092 = FILL_AREA_STYLE_COLOUR('',#10022);
#10093 = STYLED_ITEM('color',(#10094),#566);
#10094 = PRESENTATION_STYLE_ASSIGNMENT((#10095));
#10095 = SURFACE_STYLE_USAGE(.BOTH.,#10096);
#10096 = SURFACE_SIDE_STYLE('',(#10097));
#10097 = SURFACE_STYLE_FILL_AREA(#10098);
#10098 = FILL_AREA_STYLE('',(#10099));
#10099 = FILL_AREA_STYLE_COLOUR('',#10022);
#10100 = STYLED_ITEM('color',(#10101),#690);
#10101 = PRESENTATION_STYLE_ASSIGNMENT((#10102));
#10102 = SURFACE_STYLE_USAGE(.BOTH.,#10103);
#10103 = SURFACE_SIDE_STYLE('',(#10104));
#10104 = SURFACE_STYLE_FILL_AREA(#10105);
#10105 = FILL_AREA_STYLE('',(#10106));
#10106 = FILL_AREA_STYLE_COLOUR('',#10022);
#10107 = STYLED_ITEM('color',(#10108),#707);
#10108 = PRESENTATION_STYLE_ASSIGNMENT((#10109));
#10109 = SURFACE_STYLE_USAGE(.BOTH.,#10110);
#10110 = SURFACE_SIDE_STYLE('',(#10111));
#10111 = SURFACE_STYLE_FILL_AREA(#10112);
#10112 = FILL_AREA_STYLE('',(#10113));
#10113 = FILL_AREA_STYLE_COLOUR('',#10114);
#10114 = COLOUR_RGB('',0.136999991899,0.40200001271,0.726999997272);
#10115 = STYLED_ITEM('color',(#10116),#716);
#10116 = PRESENTATION_STYLE_ASSIGNMENT((#10117));
#10117 = SURFACE_STYLE_USAGE(.BOTH.,#10118);
#10118 = SURFACE_SIDE_STYLE('',(#10119));
#10119 = SURFACE_STYLE_FILL_AREA(#10120);
#10120 = FILL_AREA_STYLE('',(#10121));
#10121 = FILL_AREA_STYLE_COLOUR('',#10022);
#10122 = STYLED_ITEM('color',(#10123),#727);
#10123 = PRESENTATION_STYLE_ASSIGNMENT((#10124));
#10124 = SURFACE_STYLE_USAGE(.BOTH.,#10125);
#10125 = SURFACE_SIDE_STYLE('',(#10126));
#10126 = SURFACE_STYLE_FILL_AREA(#10127);
#10127 = FILL_AREA_STYLE('',(#10128));
#10128 = FILL_AREA_STYLE_COLOUR('',#10022);
#10129 = STYLED_ITEM('color',(#10130),#895);
#10130 = PRESENTATION_STYLE_ASSIGNMENT((#10131));
#10131 = SURFACE_STYLE_USAGE(.BOTH.,#10132);
#10132 = SURFACE_SIDE_STYLE('',(#10133));
#10133 = SURFACE_STYLE_FILL_AREA(#10134);
#10134 = FILL_AREA_STYLE('',(#10135));
#10135 = FILL_AREA_STYLE_COLOUR('',#10136);
#10136 = COLOUR_RGB('',0.823999987314,0.819999987296,0.781000009244);
#10137 = STYLED_ITEM('color',(#10138),#926);
#10138 = PRESENTATION_STYLE_ASSIGNMENT((#10139));
#10139 = SURFACE_STYLE_USAGE(.BOTH.,#10140);
#10140 = SURFACE_SIDE_STYLE('',(#10141));
#10141 = SURFACE_STYLE_FILL_AREA(#10142);
#10142 = FILL_AREA_STYLE('',(#10143));
#10143 = FILL_AREA_STYLE_COLOUR('',#10136);
#10144 = STYLED_ITEM('color',(#10145),#957);
#10145 = PRESENTATION_STYLE_ASSIGNMENT((#10146));
#10146 = SURFACE_STYLE_USAGE(.BOTH.,#10147);
#10147 = SURFACE_SIDE_STYLE('',(#10148));
#10148 = SURFACE_STYLE_FILL_AREA(#10149);
#10149 = FILL_AREA_STYLE('',(#10150));
#10150 = FILL_AREA_STYLE_COLOUR('',#10136);
#10151 = STYLED_ITEM('color',(#10152),#988);
#10152 = PRESENTATION_STYLE_ASSIGNMENT((#10153));
#10153 = SURFACE_STYLE_USAGE(.BOTH.,#10154);
#10154 = SURFACE_SIDE_STYLE('',(#10155));
#10155 = SURFACE_STYLE_FILL_AREA(#10156);
#10156 = FILL_AREA_STYLE('',(#10157));
#10157 = FILL_AREA_STYLE_COLOUR('',#10136);
#10158 = STYLED_ITEM('color',(#10159),#1073);
#10159 = PRESENTATION_STYLE_ASSIGNMENT((#10160));
#10160 = SURFACE_STYLE_USAGE(.BOTH.,#10161);
#10161 = SURFACE_SIDE_STYLE('',(#10162));
#10162 = SURFACE_STYLE_FILL_AREA(#10163);
#10163 = FILL_AREA_STYLE('',(#10164));
#10164 = FILL_AREA_STYLE_COLOUR('',#10136);
#10165 = STYLED_ITEM('color',(#10166),#1097);
#10166 = PRESENTATION_STYLE_ASSIGNMENT((#10167));
#10167 = SURFACE_STYLE_USAGE(.BOTH.,#10168);
#10168 = SURFACE_SIDE_STYLE('',(#10169));
#10169 = SURFACE_STYLE_FILL_AREA(#10170);
#10170 = FILL_AREA_STYLE('',(#10171));
#10171 = FILL_AREA_STYLE_COLOUR('',#10136);
#10172 = STYLED_ITEM('color',(#10173),#1175);
#10173 = PRESENTATION_STYLE_ASSIGNMENT((#10174));
#10174 = SURFACE_STYLE_USAGE(.BOTH.,#10175);
#10175 = SURFACE_SIDE_STYLE('',(#10176));
#10176 = SURFACE_STYLE_FILL_AREA(#10177);
#10177 = FILL_AREA_STYLE('',(#10178));
#10178 = FILL_AREA_STYLE_COLOUR('',#10136);
#10179 = STYLED_ITEM('color',(#10180),#1206);
#10180 = PRESENTATION_STYLE_ASSIGNMENT((#10181));
#10181 = SURFACE_STYLE_USAGE(.BOTH.,#10182);
#10182 = SURFACE_SIDE_STYLE('',(#10183));
#10183 = SURFACE_STYLE_FILL_AREA(#10184);
#10184 = FILL_AREA_STYLE('',(#10185));
#10185 = FILL_AREA_STYLE_COLOUR('',#10136);
#10186 = STYLED_ITEM('color',(#10187),#1291);
#10187 = PRESENTATION_STYLE_ASSIGNMENT((#10188));
#10188 = SURFACE_STYLE_USAGE(.BOTH.,#10189);
#10189 = SURFACE_SIDE_STYLE('',(#10190));
#10190 = SURFACE_STYLE_FILL_AREA(#10191);
#10191 = FILL_AREA_STYLE('',(#10192));
#10192 = FILL_AREA_STYLE_COLOUR('',#10136);
#10193 = STYLED_ITEM('color',(#10194),#1315);
#10194 = PRESENTATION_STYLE_ASSIGNMENT((#10195));
#10195 = SURFACE_STYLE_USAGE(.BOTH.,#10196);
#10196 = SURFACE_SIDE_STYLE('',(#10197));
#10197 = SURFACE_STYLE_FILL_AREA(#10198);
#10198 = FILL_AREA_STYLE('',(#10199));
#10199 = FILL_AREA_STYLE_COLOUR('',#10136);
#10200 = STYLED_ITEM('color',(#10201),#1393);
#10201 = PRESENTATION_STYLE_ASSIGNMENT((#10202));
#10202 = SURFACE_STYLE_USAGE(.BOTH.,#10203);
#10203 = SURFACE_SIDE_STYLE('',(#10204));
#10204 = SURFACE_STYLE_FILL_AREA(#10205);
#10205 = FILL_AREA_STYLE('',(#10206));
#10206 = FILL_AREA_STYLE_COLOUR('',#10136);
#10207 = STYLED_ITEM('color',(#10208),#1424);
#10208 = PRESENTATION_STYLE_ASSIGNMENT((#10209));
#10209 = SURFACE_STYLE_USAGE(.BOTH.,#10210);
#10210 = SURFACE_SIDE_STYLE('',(#10211));
#10211 = SURFACE_STYLE_FILL_AREA(#10212);
#10212 = FILL_AREA_STYLE('',(#10213));
#10213 = FILL_AREA_STYLE_COLOUR('',#10136);
#10214 = STYLED_ITEM('color',(#10215),#1455);
#10215 = PRESENTATION_STYLE_ASSIGNMENT((#10216));
#10216 = SURFACE_STYLE_USAGE(.BOTH.,#10217);
#10217 = SURFACE_SIDE_STYLE('',(#10218));
#10218 = SURFACE_STYLE_FILL_AREA(#10219);
#10219 = FILL_AREA_STYLE('',(#10220));
#10220 = FILL_AREA_STYLE_COLOUR('',#10136);
#10221 = STYLED_ITEM('color',(#10222),#1486);
#10222 = PRESENTATION_STYLE_ASSIGNMENT((#10223));
#10223 = SURFACE_STYLE_USAGE(.BOTH.,#10224);
#10224 = SURFACE_SIDE_STYLE('',(#10225));
#10225 = SURFACE_STYLE_FILL_AREA(#10226);
#10226 = FILL_AREA_STYLE('',(#10227));
#10227 = FILL_AREA_STYLE_COLOUR('',#10136);
#10228 = STYLED_ITEM('color',(#10229),#1571);
#10229 = PRESENTATION_STYLE_ASSIGNMENT((#10230));
#10230 = SURFACE_STYLE_USAGE(.BOTH.,#10231);
#10231 = SURFACE_SIDE_STYLE('',(#10232));
#10232 = SURFACE_STYLE_FILL_AREA(#10233);
#10233 = FILL_AREA_STYLE('',(#10234));
#10234 = FILL_AREA_STYLE_COLOUR('',#10136);
#10235 = STYLED_ITEM('color',(#10236),#1595);
#10236 = PRESENTATION_STYLE_ASSIGNMENT((#10237));
#10237 = SURFACE_STYLE_USAGE(.BOTH.,#10238);
#10238 = SURFACE_SIDE_STYLE('',(#10239));
#10239 = SURFACE_STYLE_FILL_AREA(#10240);
#10240 = FILL_AREA_STYLE('',(#10241));
#10241 = FILL_AREA_STYLE_COLOUR('',#10136);
#10242 = STYLED_ITEM('color',(#10243),#1673);
#10243 = PRESENTATION_STYLE_ASSIGNMENT((#10244));
#10244 = SURFACE_STYLE_USAGE(.BOTH.,#10245);
#10245 = SURFACE_SIDE_STYLE('',(#10246));
#10246 = SURFACE_STYLE_FILL_AREA(#10247);
#10247 = FILL_AREA_STYLE('',(#10248));
#10248 = FILL_AREA_STYLE_COLOUR('',#10136);
#10249 = STYLED_ITEM('color',(#10250),#1704);
#10250 = PRESENTATION_STYLE_ASSIGNMENT((#10251));
#10251 = SURFACE_STYLE_USAGE(.BOTH.,#10252);
#10252 = SURFACE_SIDE_STYLE('',(#10253));
#10253 = SURFACE_STYLE_FILL_AREA(#10254);
#10254 = FILL_AREA_STYLE('',(#10255));
#10255 = FILL_AREA_STYLE_COLOUR('',#10136);
#10256 = STYLED_ITEM('color',(#10257),#1789);
#10257 = PRESENTATION_STYLE_ASSIGNMENT((#10258));
#10258 = SURFACE_STYLE_USAGE(.BOTH.,#10259);
#10259 = SURFACE_SIDE_STYLE('',(#10260));
#10260 = SURFACE_STYLE_FILL_AREA(#10261);
#10261 = FILL_AREA_STYLE('',(#10262));
#10262 = FILL_AREA_STYLE_COLOUR('',#10136);
#10263 = STYLED_ITEM('color',(#10264),#1813);
#10264 = PRESENTATION_STYLE_ASSIGNMENT((#10265));
#10265 = SURFACE_STYLE_USAGE(.BOTH.,#10266);
#10266 = SURFACE_SIDE_STYLE('',(#10267));
#10267 = SURFACE_STYLE_FILL_AREA(#10268);
#10268 = FILL_AREA_STYLE('',(#10269));
#10269 = FILL_AREA_STYLE_COLOUR('',#10136);
#10270 = STYLED_ITEM('color',(#10271),#1891);
#10271 = PRESENTATION_STYLE_ASSIGNMENT((#10272));
#10272 = SURFACE_STYLE_USAGE(.BOTH.,#10273);
#10273 = SURFACE_SIDE_STYLE('',(#10274));
#10274 = SURFACE_STYLE_FILL_AREA(#10275);
#10275 = FILL_AREA_STYLE('',(#10276));
#10276 = FILL_AREA_STYLE_COLOUR('',#10136);
#10277 = STYLED_ITEM('color',(#10278),#1908);
#10278 = PRESENTATION_STYLE_ASSIGNMENT((#10279));
#10279 = SURFACE_STYLE_USAGE(.BOTH.,#10280);
#10280 = SURFACE_SIDE_STYLE('',(#10281));
#10281 = SURFACE_STYLE_FILL_AREA(#10282);
#10282 = FILL_AREA_STYLE('',(#10283));
#10283 = FILL_AREA_STYLE_COLOUR('',#10136);
#10284 = STYLED_ITEM('color',(#10285),#1925);
#10285 = PRESENTATION_STYLE_ASSIGNMENT((#10286));
#10286 = SURFACE_STYLE_USAGE(.BOTH.,#10287);
#10287 = SURFACE_SIDE_STYLE('',(#10288));
#10288 = SURFACE_STYLE_FILL_AREA(#10289);
#10289 = FILL_AREA_STYLE('',(#10290));
#10290 = FILL_AREA_STYLE_COLOUR('',#10136);
#10291 = STYLED_ITEM('color',(#10292),#1942);
#10292 = PRESENTATION_STYLE_ASSIGNMENT((#10293));
#10293 = SURFACE_STYLE_USAGE(.BOTH.,#10294);
#10294 = SURFACE_SIDE_STYLE('',(#10295));
#10295 = SURFACE_STYLE_FILL_AREA(#10296);
#10296 = FILL_AREA_STYLE('',(#10297));
#10297 = FILL_AREA_STYLE_COLOUR('',#10136);
#10298 = STYLED_ITEM('color',(#10299),#1959);
#10299 = PRESENTATION_STYLE_ASSIGNMENT((#10300));
#10300 = SURFACE_STYLE_USAGE(.BOTH.,#10301);
#10301 = SURFACE_SIDE_STYLE('',(#10302));
#10302 = SURFACE_STYLE_FILL_AREA(#10303);
#10303 = FILL_AREA_STYLE('',(#10304));
#10304 = FILL_AREA_STYLE_COLOUR('',#10136);
#10305 = STYLED_ITEM('color',(#10306),#1976);
#10306 = PRESENTATION_STYLE_ASSIGNMENT((#10307));
#10307 = SURFACE_STYLE_USAGE(.BOTH.,#10308);
#10308 = SURFACE_SIDE_STYLE('',(#10309));
#10309 = SURFACE_STYLE_FILL_AREA(#10310);
#10310 = FILL_AREA_STYLE('',(#10311));
#10311 = FILL_AREA_STYLE_COLOUR('',#10136);
#10312 = STYLED_ITEM('color',(#10313),#1993);
#10313 = PRESENTATION_STYLE_ASSIGNMENT((#10314));
#10314 = SURFACE_STYLE_USAGE(.BOTH.,#10315);
#10315 = SURFACE_SIDE_STYLE('',(#10316));
#10316 = SURFACE_STYLE_FILL_AREA(#10317);
#10317 = FILL_AREA_STYLE('',(#10318));
#10318 = FILL_AREA_STYLE_COLOUR('',#10136);
#10319 = STYLED_ITEM('color',(#10320),#2010);
#10320 = PRESENTATION_STYLE_ASSIGNMENT((#10321));
#10321 = SURFACE_STYLE_USAGE(.BOTH.,#10322);
#10322 = SURFACE_SIDE_STYLE('',(#10323));
#10323 = SURFACE_STYLE_FILL_AREA(#10324);
#10324 = FILL_AREA_STYLE('',(#10325));
#10325 = FILL_AREA_STYLE_COLOUR('',#10136);
#10326 = STYLED_ITEM('color',(#10327),#2032);
#10327 = PRESENTATION_STYLE_ASSIGNMENT((#10328));
#10328 = SURFACE_STYLE_USAGE(.BOTH.,#10329);
#10329 = SURFACE_SIDE_STYLE('',(#10330));
#10330 = SURFACE_STYLE_FILL_AREA(#10331);
#10331 = FILL_AREA_STYLE('',(#10332));
#10332 = FILL_AREA_STYLE_COLOUR('',#10136);
#10333 = STYLED_ITEM('color',(#10334),#2044);
#10334 = PRESENTATION_STYLE_ASSIGNMENT((#10335));
#10335 = SURFACE_STYLE_USAGE(.BOTH.,#10336);
#10336 = SURFACE_SIDE_STYLE('',(#10337));
#10337 = SURFACE_STYLE_FILL_AREA(#10338);
#10338 = FILL_AREA_STYLE('',(#10339));
#10339 = FILL_AREA_STYLE_COLOUR('',#10136);
#10340 = STYLED_ITEM('color',(#10341),#2056);
#10341 = PRESENTATION_STYLE_ASSIGNMENT((#10342));
#10342 = SURFACE_STYLE_USAGE(.BOTH.,#10343);
#10343 = SURFACE_SIDE_STYLE('',(#10344));
#10344 = SURFACE_STYLE_FILL_AREA(#10345);
#10345 = FILL_AREA_STYLE('',(#10346));
#10346 = FILL_AREA_STYLE_COLOUR('',#10136);
#10347 = STYLED_ITEM('color',(#10348),#2073);
#10348 = PRESENTATION_STYLE_ASSIGNMENT((#10349));
#10349 = SURFACE_STYLE_USAGE(.BOTH.,#10350);
#10350 = SURFACE_SIDE_STYLE('',(#10351));
#10351 = SURFACE_STYLE_FILL_AREA(#10352);
#10352 = FILL_AREA_STYLE('',(#10353));
#10353 = FILL_AREA_STYLE_COLOUR('',#10136);
#10354 = STYLED_ITEM('color',(#10355),#2085);
#10355 = PRESENTATION_STYLE_ASSIGNMENT((#10356));
#10356 = SURFACE_STYLE_USAGE(.BOTH.,#10357);
#10357 = SURFACE_SIDE_STYLE('',(#10358));
#10358 = SURFACE_STYLE_FILL_AREA(#10359);
#10359 = FILL_AREA_STYLE('',(#10360));
#10360 = FILL_AREA_STYLE_COLOUR('',#10136);
#10361 = STYLED_ITEM('color',(#10362),#2102);
#10362 = PRESENTATION_STYLE_ASSIGNMENT((#10363));
#10363 = SURFACE_STYLE_USAGE(.BOTH.,#10364);
#10364 = SURFACE_SIDE_STYLE('',(#10365));
#10365 = SURFACE_STYLE_FILL_AREA(#10366);
#10366 = FILL_AREA_STYLE('',(#10367));
#10367 = FILL_AREA_STYLE_COLOUR('',#10136);
#10368 = STYLED_ITEM('color',(#10369),#2124);
#10369 = PRESENTATION_STYLE_ASSIGNMENT((#10370));
#10370 = SURFACE_STYLE_USAGE(.BOTH.,#10371);
#10371 = SURFACE_SIDE_STYLE('',(#10372));
#10372 = SURFACE_STYLE_FILL_AREA(#10373);
#10373 = FILL_AREA_STYLE('',(#10374));
#10374 = FILL_AREA_STYLE_COLOUR('',#10136);
#10375 = STYLED_ITEM('color',(#10376),#2136);
#10376 = PRESENTATION_STYLE_ASSIGNMENT((#10377));
#10377 = SURFACE_STYLE_USAGE(.BOTH.,#10378);
#10378 = SURFACE_SIDE_STYLE('',(#10379));
#10379 = SURFACE_STYLE_FILL_AREA(#10380);
#10380 = FILL_AREA_STYLE('',(#10381));
#10381 = FILL_AREA_STYLE_COLOUR('',#10136);
#10382 = STYLED_ITEM('color',(#10383),#2153);
#10383 = PRESENTATION_STYLE_ASSIGNMENT((#10384));
#10384 = SURFACE_STYLE_USAGE(.BOTH.,#10385);
#10385 = SURFACE_SIDE_STYLE('',(#10386));
#10386 = SURFACE_STYLE_FILL_AREA(#10387);
#10387 = FILL_AREA_STYLE('',(#10388));
#10388 = FILL_AREA_STYLE_COLOUR('',#10136);
#10389 = STYLED_ITEM('color',(#10390),#2165);
#10390 = PRESENTATION_STYLE_ASSIGNMENT((#10391));
#10391 = SURFACE_STYLE_USAGE(.BOTH.,#10392);
#10392 = SURFACE_SIDE_STYLE('',(#10393));
#10393 = SURFACE_STYLE_FILL_AREA(#10394);
#10394 = FILL_AREA_STYLE('',(#10395));
#10395 = FILL_AREA_STYLE_COLOUR('',#10136);
#10396 = STYLED_ITEM('color',(#10397),#2177);
#10397 = PRESENTATION_STYLE_ASSIGNMENT((#10398));
#10398 = SURFACE_STYLE_USAGE(.BOTH.,#10399);
#10399 = SURFACE_SIDE_STYLE('',(#10400));
#10400 = SURFACE_STYLE_FILL_AREA(#10401);
#10401 = FILL_AREA_STYLE('',(#10402));
#10402 = FILL_AREA_STYLE_COLOUR('',#10136);
#10403 = STYLED_ITEM('color',(#10404),#2194);
#10404 = PRESENTATION_STYLE_ASSIGNMENT((#10405));
#10405 = SURFACE_STYLE_USAGE(.BOTH.,#10406);
#10406 = SURFACE_SIDE_STYLE('',(#10407));
#10407 = SURFACE_STYLE_FILL_AREA(#10408);
#10408 = FILL_AREA_STYLE('',(#10409));
#10409 = FILL_AREA_STYLE_COLOUR('',#10136);
#10410 = STYLED_ITEM('color',(#10411),#2211);
#10411 = PRESENTATION_STYLE_ASSIGNMENT((#10412));
#10412 = SURFACE_STYLE_USAGE(.BOTH.,#10413);
#10413 = SURFACE_SIDE_STYLE('',(#10414));
#10414 = SURFACE_STYLE_FILL_AREA(#10415);
#10415 = FILL_AREA_STYLE('',(#10416));
#10416 = FILL_AREA_STYLE_COLOUR('',#10136);
#10417 = STYLED_ITEM('color',(#10418),#2228);
#10418 = PRESENTATION_STYLE_ASSIGNMENT((#10419));
#10419 = SURFACE_STYLE_USAGE(.BOTH.,#10420);
#10420 = SURFACE_SIDE_STYLE('',(#10421));
#10421 = SURFACE_STYLE_FILL_AREA(#10422);
#10422 = FILL_AREA_STYLE('',(#10423));
#10423 = FILL_AREA_STYLE_COLOUR('',#10136);
#10424 = STYLED_ITEM('color',(#10425),#2250);
#10425 = PRESENTATION_STYLE_ASSIGNMENT((#10426));
#10426 = SURFACE_STYLE_USAGE(.BOTH.,#10427);
#10427 = SURFACE_SIDE_STYLE('',(#10428));
#10428 = SURFACE_STYLE_FILL_AREA(#10429);
#10429 = FILL_AREA_STYLE('',(#10430));
#10430 = FILL_AREA_STYLE_COLOUR('',#10136);
#10431 = STYLED_ITEM('color',(#10432),#2262);
#10432 = PRESENTATION_STYLE_ASSIGNMENT((#10433));
#10433 = SURFACE_STYLE_USAGE(.BOTH.,#10434);
#10434 = SURFACE_SIDE_STYLE('',(#10435));
#10435 = SURFACE_STYLE_FILL_AREA(#10436);
#10436 = FILL_AREA_STYLE('',(#10437));
#10437 = FILL_AREA_STYLE_COLOUR('',#10136);
#10438 = STYLED_ITEM('color',(#10439),#2279);
#10439 = PRESENTATION_STYLE_ASSIGNMENT((#10440));
#10440 = SURFACE_STYLE_USAGE(.BOTH.,#10441);
#10441 = SURFACE_SIDE_STYLE('',(#10442));
#10442 = SURFACE_STYLE_FILL_AREA(#10443);
#10443 = FILL_AREA_STYLE('',(#10444));
#10444 = FILL_AREA_STYLE_COLOUR('',#10136);
#10445 = STYLED_ITEM('color',(#10446),#2291);
#10446 = PRESENTATION_STYLE_ASSIGNMENT((#10447));
#10447 = SURFACE_STYLE_USAGE(.BOTH.,#10448);
#10448 = SURFACE_SIDE_STYLE('',(#10449));
#10449 = SURFACE_STYLE_FILL_AREA(#10450);
#10450 = FILL_AREA_STYLE('',(#10451));
#10451 = FILL_AREA_STYLE_COLOUR('',#10136);
#10452 = STYLED_ITEM('color',(#10453),#2303);
#10453 = PRESENTATION_STYLE_ASSIGNMENT((#10454));
#10454 = SURFACE_STYLE_USAGE(.BOTH.,#10455);
#10455 = SURFACE_SIDE_STYLE('',(#10456));
#10456 = SURFACE_STYLE_FILL_AREA(#10457);
#10457 = FILL_AREA_STYLE('',(#10458));
#10458 = FILL_AREA_STYLE_COLOUR('',#10136);
#10459 = STYLED_ITEM('color',(#10460),#2320);
#10460 = PRESENTATION_STYLE_ASSIGNMENT((#10461));
#10461 = SURFACE_STYLE_USAGE(.BOTH.,#10462);
#10462 = SURFACE_SIDE_STYLE('',(#10463));
#10463 = SURFACE_STYLE_FILL_AREA(#10464);
#10464 = FILL_AREA_STYLE('',(#10465));
#10465 = FILL_AREA_STYLE_COLOUR('',#10136);
#10466 = STYLED_ITEM('color',(#10467),#2342);
#10467 = PRESENTATION_STYLE_ASSIGNMENT((#10468));
#10468 = SURFACE_STYLE_USAGE(.BOTH.,#10469);
#10469 = SURFACE_SIDE_STYLE('',(#10470));
#10470 = SURFACE_STYLE_FILL_AREA(#10471);
#10471 = FILL_AREA_STYLE('',(#10472));
#10472 = FILL_AREA_STYLE_COLOUR('',#10136);
#10473 = STYLED_ITEM('color',(#10474),#2354);
#10474 = PRESENTATION_STYLE_ASSIGNMENT((#10475));
#10475 = SURFACE_STYLE_USAGE(.BOTH.,#10476);
#10476 = SURFACE_SIDE_STYLE('',(#10477));
#10477 = SURFACE_STYLE_FILL_AREA(#10478);
#10478 = FILL_AREA_STYLE('',(#10479));
#10479 = FILL_AREA_STYLE_COLOUR('',#10136);
#10480 = STYLED_ITEM('color',(#10481),#2371);
#10481 = PRESENTATION_STYLE_ASSIGNMENT((#10482));
#10482 = SURFACE_STYLE_USAGE(.BOTH.,#10483);
#10483 = SURFACE_SIDE_STYLE('',(#10484));
#10484 = SURFACE_STYLE_FILL_AREA(#10485);
#10485 = FILL_AREA_STYLE('',(#10486));
#10486 = FILL_AREA_STYLE_COLOUR('',#10136);
#10487 = STYLED_ITEM('color',(#10488),#2383);
#10488 = PRESENTATION_STYLE_ASSIGNMENT((#10489));
#10489 = SURFACE_STYLE_USAGE(.BOTH.,#10490);
#10490 = SURFACE_SIDE_STYLE('',(#10491));
#10491 = SURFACE_STYLE_FILL_AREA(#10492);
#10492 = FILL_AREA_STYLE('',(#10493));
#10493 = FILL_AREA_STYLE_COLOUR('',#10136);
#10494 = MECHANICAL_DESIGN_GEOMETRIC_PRESENTATION_REPRESENTATION('',(
    #10495),#5480);
#10495 = STYLED_ITEM('color',(#10496),#2482);
#10496 = PRESENTATION_STYLE_ASSIGNMENT((#10497,#10505));
#10497 = SURFACE_STYLE_USAGE(.BOTH.,#10498);
#10498 = SURFACE_SIDE_STYLE('',(#10499,#10503));
#10499 = SURFACE_STYLE_FILL_AREA(#10500);
#10500 = FILL_AREA_STYLE('',(#10501));
#10501 = FILL_AREA_STYLE_COLOUR('',#10502);
#10502 = COLOUR_RGB('',0.941176459967,0.349019616187,0.121568629232);
#10503 = SURFACE_STYLE_RENDERING_WITH_PROPERTIES(.NORMAL_SHADING.,#10502
  ,(#10504));
#10504 = SURFACE_STYLE_TRANSPARENT(0.699999988079);
#10505 = CURVE_STYLE('',#10506,POSITIVE_LENGTH_MEASURE(0.1),#10507);
#10506 = DRAUGHTING_PRE_DEFINED_CURVE_FONT('continuous');
#10507 = COLOUR_RGB('',9.803921802644E-02,9.803921802644E-02,
  9.803921802644E-02);
ENDSEC;
END-ISO-10303-21;
